ID,发布时间,推文正文,点赞数,转发数,回复数,浏览量,含金量评分,所属领域,本地配图
2008589703898173691,Tue Jan 06 17:21:17 +0000 2026,"@DaqingSu 理论上其实上一周算出来已经是这样，但我们群里3x多空btc和eth且存满了一周的还是能拿到27%的收益，我觉得可能是有高杠杆的到了23%的cap，还有一些被女巫的，这些人的奖励被重新分配了。

我就先存着了，等到真的低于10%收益了再考虑下一步。",0,0,0,134,4.4,预测市场与链上积分期望值博弈：Opinion / Polymarket Baseball Card 六边形战士套利模型,
2008583547662340510,Tue Jan 06 16:56:50 +0000 2026,@DaqingSu 官方明确表示两个账号对冲的行为会被女巫，减少或取消额外收益，我们群里也有人确实已经被女巫了。这样操作得凭本事，所以我不能这么宣传。,0,0,0,225,3.4,预测市场与链上积分期望值博弈：Opinion / Polymarket Baseball Card 六边形战士套利模型,
1971017535035486663,Thu Sep 25 01:02:54 +0000 2025,"补充一下，因为脚本开仓和关仓都是 maker only，所以基本排除了被女巫的可能。

“只要”BTC一直涨，脚本就能一直刷，且在覆盖手续费之后仍然有收益。要是BTC跌了，那我就被套了🙃",0,1,3,8187,4.2,预测市场与链上积分期望值博弈：Opinion / Polymarket Baseball Card 六边形战士套利模型,
2065029904987471954,Thu Jun 11 11:14:30 +0000 2026,"1. Polymarket上的 “spaceX IPO 收盘市值 > $3T”的NO从0.8涨到了0.95，我的均价是0.85，平仓了一半，三个月不到收获理财收益11%，还剩下5万shares的仓位。

平仓获利一半是因为这个risk-reward ratio 对我来说已经不是很好了。买入时的赔率是1:4，现在已经是 1:20，所以减小一点持仓，吃点尾巴。

2. 如果你做了合约和Polymarket的那个策略，现在也可以获利平仓了，收益应该在25%左右。但应该没有多少人做，因为当时Polymarket的流动性不够，需要毅力一点一点的开仓。",0,1,5,29712,5.8,预测市场与链上积分期望值博弈：Opinion / Polymarket Baseball Card 六边形战士套利模型,
2042214648699629837,Thu Apr 09 12:14:49 +0000 2026,@SabTheTrader 看来你没有跟紧市场啊，深圳的最高气温可是前段时间polymarket上最火热的博弈市场之一 😂,0,0,1,113,3.4,预测市场与链上积分期望值博弈：Opinion / Polymarket Baseball Card 六边形战士套利模型,
2101634317432590496,Sun Sep 20 11:27:22 +0000 2026,"都在说要冲币安alpha的 polymarket

如果一上线就有流动性可以卖了赚一笔快的，那可以考虑。

但如果得长持，看这polymarket的市场份额的走势，最近出的各种问题，以及完全不明朗的ipo情况，是真的不敢拿着。

我是在今年3月买的polymarket，当时还和kalshi大约各占一半的市场份额。然而现在：
Polymarket(包括美国市场)：16%
Kalshi：79%",0,0,14,23055,5.4,预测市场与链上积分期望值博弈：Opinion / Polymarket Baseball Card 六边形战士套利模型,tw_2101634317432590496_1.jpg
2005067641048936553,Sun Dec 28 00:05:52 +0000 2025,@0xdizz @opinionlabsxyz 才发现是 &gt;3 trades，我每天交易三笔。。。gg,0,0,4,2007,3.8,预测市场与链上积分期望值博弈：Opinion / Polymarket Baseball Card 六边形战士套利模型,
2032817260193026247,Sat Mar 14 13:52:57 +0000 2026,"补充一下预测市场

我其实花了不少时间研究预测市场，但到现在都还没有入场，主要是因为两个原因：
1. 预测市场的策略到最后更像是量化策略，而不是真的所谓的“套利”。
2. 我目前在合约套利方面还有很多事情要做，有很多潜在的收益还没有捕捉，对我来说，投资时间在合约套利的收益更高，确定性更大。

这只是我个人的情况，我相信肯定有大神能在预测市场做到中性套利的策略。但这些大神很难通过预测市场上的 PNL 捕捉到，因为如果真的是做中性套利的，他的PNL曲线就肯定不会是稳定向上的了，而是套利的两边加起来稳定向上。",0,1,2,3260,5.8,预测市场与链上积分期望值博弈：Opinion / Polymarket Baseball Card 六边形战士套利模型,
2005057383027147033,Sat Dec 27 23:25:06 +0000 2025,"@izebel_eth What about prediction markets? 

Would you integrate with existing platforms like Polymarket or Robinhood, or are you planning to build your own?

any timeline?",0,1,1,6020,4.4,预测市场与链上积分期望值博弈：Opinion / Polymarket Baseball Card 六边形战士套利模型,
2002402382198526091,Sat Dec 20 15:35:05 +0000 2025,"又一个窃取私钥和api key的开源项目，感谢 @hunterweb303 的曝光。

原po已经解释得很清楚了，我再具体解释一下其中很重的一点，给没有代码基础的朋友：
毒代码并不是在这个 polymarket-copy-trading-bot 开源项目里，而是在这个开源项目的一个依赖包里(excluder-mcp-package)。

作恶者先写了一个叫做 excluder-mcp-package 的依赖包，唯一的作用就是上传你的私钥和 api key (所有在 .env 文件里的信息)。然后又写了这个 polymarket-copy-trading-bot 开源项目，并把加载恶意依赖包作为程序运行的其中一步。

所以，单纯检查 polymarket-copy-trading-bot 这个开源项目是发现不了作恶代码的。

于是，只要你运行了这个开源项目，所有 .env 里的信息就全部被上传给了作恶者。

我之前建议大家用开源代码前用 AI 先扫描一遍，但这种情况，即使AI也不一定能发现，因为 AI 还需要抓取所有依赖包里所有的代码才能发现。

这就是为什么只要是涉及钱的，我就绝对不会用github上随便搜到的开源项目，只用认识的，信得过的人的开源代码。像 perp-dex 的SDK一定要确认是官方的，一个名字看起来像官方发布的sdk并不一定是官方的。

最好的办法还是自己重新写一遍。",0,33,20,51836,10.0,预测市场与链上积分期望值博弈：Opinion / Polymarket Baseball Card 六边形战士套利模型,
2040220348788899991,Sat Apr 04 00:10:11 +0000 2026,@opinionlabsxyz 我是在它还没发币前，因为挂单拿分的人多，深度好，所以才在opinion开仓。现在谁用谁______。,0,0,0,4295,4.2,预测市场与链上积分期望值博弈：Opinion / Polymarket Baseball Card 六边形战士套利模型,
2102012117385671034,Mon Sep 21 12:28:36 +0000 2026,不是，大家别跟我啊，我手上拿着polymarket，算是套保了,0,0,0,1879,3.4,预测市场与链上积分期望值博弈：Opinion / Polymarket Baseball Card 六边形战士套利模型,
2066432275303075906,Mon Jun 15 08:07:01 +0000 2026,"[ 一周亏完20万美金的SpaceX榜一大哥 ]

这是当时榜一的YES买家，一个人包揽了Polymarket上90%的“收盘市值>3T”的YES。有一段时间 >3T 的概率达到了20% （我发上上个推特的时候），都是因为他的买单支撑着。

在过去半年里，他依靠在Polymarket的其他市场，盈利稳步上升，并在6月初达到5万美金的总收益。

然而SpaceX IPO后，由于SpaceX IPO相关市场的预测，他不仅亏完了盈利的5万美金，还亏损了15万美金。",0,0,5,15752,5.4,预测市场与链上积分期望值博弈：Opinion / Polymarket Baseball Card 六边形战士套利模型,tw_2066432275303075906_1.jpg; tw_2066432275303075906_2.jpg
2005582771759235153,Mon Dec 29 10:12:49 +0000 2025,"均价 0.35 卖了4000 shares，7倍利润，赚了顿米其林。

剩下的 1000 shares 就放着等明天到 0 或 1 了。

账户从3000u玩到5500u了，撇开赚钱不赚钱，预测市场用来娱乐是真挺有意思的。",0,1,2,18747,3.4,预测市场与链上积分期望值博弈：Opinion / Polymarket Baseball Card 六边形战士套利模型,
2095664395523064318,Fri Sep 04 00:05:02 +0000 2026,以上推特来自一位望子成龙的Polymarket投资人 https://t.co/Ab3hpuGvxH,0,0,0,1929,4.4,预测市场与链上积分期望值博弈：Opinion / Polymarket Baseball Card 六边形战士套利模型,tw_2095664395523064318_1.jpg
2037520379531383115,Fri Mar 27 13:21:28 +0000 2026,"我最近刚买了些 Polymarket 的 pre-ipo，这周刚把钱转过去，但交易还没有完全settle。卖家不会反悔吧？

但我看新闻里好像也没说估值的变化

已经碰到过类似的事情了， 前几周在谈一个 kalshi 的offer，本来已经谈好了，结果突然爆出 Kalshi 正在以 $22B 的估值融资，导致卖家反悔了 （见邮件截图）😭

其实我个人更看好Polymarket，但Kalshi的合规肯定做得更好。考虑到IPO作为退出的流动性，Kalshi大概率会比Polymarket 早很多。

所以我的打算是两个公司的pre-ipo都买一些，希望kalshi能在风口IPO让我退出变现，Polymarket继续好好build，作为长期投资。",0,0,3,12713,6.4,预测市场与链上积分期望值博弈：Opinion / Polymarket Baseball Card 六边形战士套利模型,tw_2037520379531383115_1.jpg
2075521591857815975,Fri Jul 10 10:04:43 +0000 2026,@lnkybtc 没想到居然会开通预测市场给大陆KYC，毕竟大陆KYC连IBIT都不能买,0,0,1,2791,3.4,预测市场与链上积分期望值博弈：Opinion / Polymarket Baseball Card 六边形战士套利模型,
2007038201706184853,Fri Jan 02 10:36:10 +0000 2026,"[ Ethereal 27% 真实年化收益 + 积分 ]

Ethereal 今天出分了，利息收益也更新了。

交叉对冲的策略依然可行，不少群友和我都拿到了27%的年化收益。比如：每个账户5万u本金
账户A（Ethereal）：空 $15万 ETH，多 $15万 BTC
账户B（可以在其他交易所）：多 $15万 ETH，空 $15万 BTC

但同时，我们也发现 Ethereal 给分有点迷，应该是有女巫机制，如果直接用两个 Ethereal 账户进行对冲，不仅会女巫积分，还会女巫利息收益。

这周的数据：以5万u本金为例，开30万u仓位，27%利息收益，25万分。

注意：Portfolio 页面显示的利息收益率是根据上周的存款和仓位决定的，这周即使你存入了更多的资金或调整了仓位，不会目前的收益有影响，但会对下周的收益有影响。

如果你是上周周中存的，那大概率这个显示的收益不高，因为会被你没存的那几天稀释了，需要存满1周才能看到真实的收益率。

最后风险提示一下：
1. 我把 Ethereal 当作理财局，不管积分值多少钱，27%的真实收益对我来说就已经足够了。
2. 只要开杠杆就会有风险：市场波动本身的风险，市场波动导致的ADL的风险，以及平台故障的风险。

虽然我是真实分享我在做的，但你也需要明白你在做什么，为自己的资金负责。

Ethereal 目前仍然是邀请制，邀请链接：
https://t.co/SdDS311OPx",0,6,33,56969,8.0,预测市场与链上积分期望值博弈：Opinion / Polymarket Baseball Card 六边形战士套利模型,tw_2007038201706184853_1.png
2001982896790216849,Fri Dec 19 11:48:12 +0000 2025,"说想要买点 Polymarket 我是认真的，可惜只有 Kalshi，$11B的估值，一次性10%的fee, $250k minimum。

我应该不会投，考虑到两个原因：
1. 我没用过kalshi，还是偏好投真实使用过且喜欢的产品
2. 最接近预测市场的美国上市公司应该就是DKNG了，这几年做得非常好，营收也很稳定，但市值也只有 $17B

顺便吐槽一下现在链上做 pre-ipo 的几个项目，给出的估值都比传统金融的deal高不少，收费也高。

昨天看了一个链上的Polymarket的deal，2.5%的一次性管理费，另外 carry 有10%，也就是说每年要交投资额10%的费用，要是迟迟不能变现，那三年的费用就要30%了。当然优势就是链上的pre-ipo投资的 minimum 要小很多，高估值和高手续费算是小额投资的premium了。",0,3,7,16593,8.0,预测市场与链上积分期望值博弈：Opinion / Polymarket Baseball Card 六边形战士套利模型,tw_2001982896790216849_1.jpg
