Tweet ID,发布时间,点赞数,转发数,回复数,浏览量,含金量评分,是否长文研报,推文正文
1850903274721050982,Mon Oct 28 14:11:43 +0000 2024,972,284,401,224076,9.8,否,"这阵子连续做了6个MEME，连续熬夜给我身体整差了，拿赚了的钱周六去买了个最好的SUV，这两天才休息休息，还TM吃坏了肚子腹泻了。随便写点这几天有感而发的东西，给新人和币圈项目方，VC和交易所看，比较乱，但全是硬干货，请自取：  对项目方： 1， 请项目方放下你们傲慢的架子，多去看看散户和金狗猎手是怎么打MEME的。这个牛熊里，很多项目方连VC币的社区都做不好，就不用谈做好MEME的社区。如果你越傲慢，你对MEME生态的认知一定越低。🙄  2， MEME对于项目方的要求会更高，没有不教学费就能把MEME搞好的项目方。某上大交易所的MEME项目方，连续发了一个月的MEME试错。⌚️⌚️⌚️  3， MEME项目的三个关键是：传播链，筹码分配，MEME题材。这三者共同作用，是保证了MEME的爆发性传播。但最近的MEME项目基本都忽视了MEME题材的重要性，这保证了MEME的上限。  你在买AI16Z的时候，是在买A16Z关注了这个项目从而产生的短暂热度，还是在买AI16Z本身呢？ MEME的题材注定了一些MEME是绝无可能做大做强甚至是上交易所，所以到某些关键心理位市值，差不多就可以抛了 。⤵️  4，请项目方和VC点开我主页置顶文章中的《Z级MEME模因论》熟读此文章并套例和举一反三。💵💴💶💷  5，过去认为MEME不用做市商。因为做市商的本质是“提供流动性”和“设定做市计划并灵活应变”。但是我最近的实战经验告诉我：MEME也需要做市商。  主要是事先的抛售计划，筹码的分配，优秀的链上能力，对MEME项目的理解和经验，然后是极其强大的应变能力，出货但不改变原有走势的能力。 不建议传统做市商团队跑来玩MEME。但建议优秀MEME项目方配备一个接地气的市值管理人员。这点到后续不忙的时候写市值管理知识的时候再说。🕊️🕊️  6，对绝大多数想做MEME的项目方而言，困扰你们的绝对是传播链。对此我也没有什么好的办法，毕竟这是比拼大家实力的关键点。  但我可以给大家3点建议： 一，求求你们找一个好一点的，接地气的运营总监吧。运营总监靠的是脑子灵活举一反三，不是在什么传统大企业任职过。🧐 二，让这个运营总监去筛选KOL，多查查人家的真实流量，别被倒腾流量的人当傻子割了，最后完全无交易量。 三，如果以上两个你都搞不定，那实打实的去做社区其实是很好的方法，不要急。  还有，我真的一个运营总监都没有了，你们总不能指望我亲自下场吧。同志们，别问我要运营总监了。🆘  对交易所和VC： 7，在我眼里币圈的MEME至少已经更新迭代过两次打法，步入了3.0时代。 一开始是DOGE和SHIB为代表的MEME币，这类币发展过程中会有大量的深度洗盘和换手，MEME的三要素：传播频率，传播耗损，存亡时长都是顶级。属于是最完美的MEME。💕  2.0时代是TROLL和BOME这一类，由于MEME的造富神话培养了用户习惯，所以2.0时代的MEME上涨速度极快，洗盘极少。交易所为了获得用户，尽快上币，更加速了这一过程。他们往往伴随着长时间的洗盘，甚至趋于死亡。这一环节里，坐庄的都是对币圈MEME有长时间了解，能做好大范围营销事件，集中币圈注意力的高手。❤️  3.0时代比较特殊，1.0时代里就有过的动物园币和2.0时代一直有的热点币，在3.0时代终于被发扬光大，因为MEME的造富神话进一步培养用户，且缺乏VC币的造富效应，场内玩家注意力进一步集中到MEME题材。  散户失去建设和推广MEME社区的耐心，不再有洗盘时间，短期内的急速拉升或者死亡更加明显。市场中类似养蛊，流量呈现常年分散状态，但这也预示着币圈顶部如马斯克对流量的聚合效应会更加明显。🈹 市场内同时进入了各种坐庄侧高手，诞生了诸如PUMP这类的玩法变化，优化坐庄侧，为MEME生态持续造血。  8，交易所和VC要先想明白，不同级别的MEME的项目方是怎么赚钱的。根据自己交易所大小排名的实际情况出发，去组织专门研究MEME的人，最好建立一套自己的上币逻辑或者投资逻辑。这部分我也有点经验，都可以分享。  我本来是在9月KBW和某交易所的投资部老大聊了MEME，他认为MEME是市场接下来除了TON的唯一热点。我比较擅长MEME，于是回来整理了一个供交易所、VC、项目方使用的MEME币筛选评分系统想给他。🉑 这个系统最不好做的两点，一个是MEME坐庄方式的更新换代太快，一个是MEME项目传播能力的研究可能存在研究案例少的情况。本来只是想和他私聊一下的。结果我两9月末都忙，互相鸽子了。。。。。  如果有VC或者交易所的LISTING需要，直接私我，晚点拉个群给你们直接分享了。我11月10日会去曼谷参加WOWSUMMIT，到时候组个私局线下聊也行。 散户别找我要了，你们拿这个没用。😂  9，我不认为CEX交易所可以从MEME里获得特别大的好处，MEME的核心玩家和CEX的玩家，用户画像差距非常大。但我依然建议CEX交易所去抓大流量的MEME，这里或许存在三线交易所弯道超车成为二线头部交易所的机会。我知道有些小交易所在做了，但恕我直言，做的不够好。🧐  10，接第九点插播一条。我真挚的建议小交易所和VC，多去招一点常年在币圈一线，有丰富项目经验，有自己方法论的人。  目前币圈的顶部资源已经形成，各大庄家的组局能力基本稳定下来。下面拼的是对币圈风向的把握和快速攒局并执行落地的能力。  铭文和MEME，哪一个不是先从散户中爆发，再开始引资本入局的？顶部的人脉资源几乎固定时，如果交易所或VC有一个极其富有坐庄思维并且常年抓各种热点的老镰刀做中层的支柱人物，他就可以快速反馈给交易所或VC的负责人，并做出弯道超车的决策，攫取巨大的ALPHA利润。我举个例子吧，BRC420（也就是MERL）就是吃到了这样的人带来的红利。💶  如果你实在找不到这样的老家伙，找主观能动性极强，有一技之长的20年左右入圈的人也是OK的，不建议培养新人。  11，关于产品侧，很多BOT机器人之类和MEME相关的产品正在井喷，等等也会进入融资阶段。我不建议VC在没有特别好的投资逻辑和投资轮次时，投关于MEME的工具类产品或者流量类产品，这一类大多是伪需求或者用户获取难度极高，要投的话可选范围其实很窄。💴  如果是PUMP类产品则另外讨论。翻我推特，我在PUMP刚刚火的时候就说那阵子我看了至少6个PUMP的仿盘。PUMP类产品本质上是坐庄侧的优化，谁能寻找到坐庄侧和散户侧那最完美的平衡，充分调动散户的流动性为庄家服务，尽早产生造富神话并持续，谁就是最后的胜者。💵 给VC和交易所能聊的还有很多，不放在这里细说了。  给散户的放到最后吧： 12，99.99%的社区都不会带你赚钱，无论是免费的还是付费的。免费的优质社区带你赚钱的概率反而更高。🙏  13，国外的KOL或者MEME大佬高胜率，其实是个伪命题。他们中间的大多数KOL都是接MEME项目方的宣传接到麻了的。😂  14，DEX是币圈既BTC和ICO之后最伟大的发明，而MEME就是DEX皇冠上最耀眼的宝石。我有一个在币圈也算是传奇的老群，名字就叫“请DEX教CEX做人”。请绝对不要怀疑MEME的伟大力量，因为MEME是贴近人类行为学和币圈本质的产物。不过放心，MEME的造富能力很快也会下降的，这是必然。⌚️  15，放心吧，你们看见的外面流传的大部分什么MEME捕捉方法，我看过不少了，他们中间90%都会很快被迭代掉。去思考和寻找那些变化过程中的底层不变逻辑，是脱离散户的重要过程。  16，接上条，从底层逻辑上来说，现在太多散户都陷入了一个误区：要尽早的抓住MEME，所以要细化信息捕捉系统，细化筛选KOL和筛选老鼠仓。 但大多数人又一定会卖飞。金狗高手们扪心自问，你们是不是都进的很早，但大多卖飞了？  其实在我做过一些项目后反过来看，很多金狗猎手真的不用再细化信息捕捉了，你们的方法论完全够用了，但庄与庄之间是有很大区别的，这点对散户而言是很难辨识的。 能意识到MEME的叙事上限，以及二级买入时机，再细化一下仓位管理，诞生完整的MEME领域的交易系统，是更重要，更长远的事情。也更有利于你把握住千倍币。🉑  如果你作为KOL，有优秀MEME社区的也请顺便联系我一下。谢谢。  17，我始终认为，如果你是23年进圈的新人，MEME对你来说其实并不是一个学习板块，因为有太多币圈行业必须的东西，只玩MEME是学不会的。但MEME对新人是一个好的历练板块，打MEME打得好的人，执行力和总结能力一定碾碎同人，你就有了向上走的第一块敲门砖。🧐  18，最近找我咨询发MEME项目的23年新人有点多了，就好像21年在我面前吹自己盈利能力如何牛逼，说要做大做强的一些新VC一样。🙄 我是币圈出了名的没啥架子，我很乐于告诉你们一些干货，帮你们少走弯路。如果你真的在MEME赚到了钱，并且想继续在币圈从业，研究坐庄侧的东西，我很欢迎你来和我讨论。但请信我，MEME项目在现阶段并不好做，你应该试着从传统的小项目入手。  19，MEME社区里的杂音太大了。请散户多思考KOL的话语，识别他们是否真的有赚钱能力。币圈很多人会把自己真实赚钱的方式包装起来，比如某个混蛋把自己包装成做市商实际上是卖马克杯割韭菜的。多思考你跟的那些KOL是怎么赚钱的。多想想自己为什么不赚钱。 冲MEME会让你常年保持高度兴奋的心流状态，忽视对自己的反思总结。😂  20，最后我想抱怨一句，好多散户推特私信我，我问他干啥。他就回我：加群/带带。 我真的算是币圈脾气好的。换成别人早喷你或者拉个群割你了。 就算是在传统领域，大学一毕业就该学会给别人发私信不要发：“在吗？”而要说明自己的来历和想法，减少沟通成本。还有就是想让大佬们带你的前提是，你自己在一群人中起码是比较支棱的那个人。🙏  币圈对新人算是最包容的地方了。很多我这样的币圈老人，都是受了现在币圈头部那帮行业先行者的提携和恩惠，所以我的文章最后总是愿意给散户们多说两句的。  这个行业比起传统行业，永远有更好的机会。不要抱怨头部的人拿了太多的利益，不要抱怨KOL割了你，多去思考，多去培养自己的一技之长。不要做散户，是在币圈走向成功的第一步，也是最重要的一步。  让我依然引用伟大的川皇特朗普的名言结束这段过长的文章：  “Over the course of your life,you will find that things are not always fair. You will find that things happen to you, that you do not deserve and that are not always warranted. But you have to put your head down and fight,fight,fight. Never,ever,ever give up.Things will work out just fine.” 特朗普在对海岸警卫队的学生演讲时说：“让我给你们分享一些人生经验吧孩子们。漫漫人生路啊，你会发现，不公平的事情多了海里去了，你会发现，本不属于你的不可承受之重，却结结实实的压在你的肩膀上，而且很多时候，几乎是飞来横祸。但你必须低下头去斗争，斗争，斗争。永远永远不要放弃。一切终将柳暗花明。”  这篇文章传播的难度应该不小，我没啥预期，随缘吧，希望对刷到的老板们有帮助。 转发并且评论和点赞此文章，在评论区输入0-9999中的一个幸运数字，我会随机抽三个人，请第一名吃饭并给他做行业咨询，请第二名可以打电话做行业咨询或者简单点直接要个财富密码，第三名老规矩，送出满怀祝福的幸运骰子一套。"
1872965506954870952,Sat Dec 28 11:19:09 +0000 2024,609,193,122,172910,9.8,否,行，我们来聊一聊这个传说中的神秘工作——市值管理/做市商/MM/MVM。这篇文章只面向项目方和机构，不面向散户和韭菜。由于这方面好像没有什么完善的资料，我会尽可能的结合币圈实际情况，把事情讲的详细点，这是第一篇《主观做市商》。介绍的分三篇：《主观》《被动》，还有新职业《链上做市商》。  做市商是一个古老的职业，和CEX使用的订单簿撮合交易一样，是荷兰人发明，可以说订单簿系统存在的那一刻，这个职业就应运而生。  首先是做市商到底是干什么的，工作范围是什么。在这里我们为了某些项目方不再被忽悠，直接强定义，做市商分两类：主动做市商，被动做市商。  被动做市商，又叫流动性提供商，你能在市面上看到的绝大多数MM公司，对，就是声明显赫的那些，其实都属于这一类。  被动做市商的工作其实就一句话：提高市场流动性。  想必大家一定有玩NFT和铭文的经验，很多NFT和铭文最后价格都很高，但是没有人成交。这就叫流动性死亡。假设你想用0.9美元的价格买一个币，可是市场上一直没有人愿意用这个价格卖给你，则此交易无法成交，久而久之就会发生流动性死亡。被动做市商的工作就是把自己0.6美元买来的币，用0.9卖给你，让交易发生，让资金和资源高效撮合。  被动做市商最重要的就是有大量的资金，以及该项目的便宜筹码。被动做市商的运作和盈利，我们第二篇文章讲，这一块比较复杂。但其实推特上著名的这些做市商，大多都是被动做市商。  主动做市商，江湖雅称“狗庄”“操盘手”。他们就是散户口中最喜欢YY的对象。他们的主要工作其实还是那句：提高市场流动性。只不过手法不同，他们的主要工作职能大概是： 1， 了解筹码分布 2， 制定做市计划。 是不是觉得很简单？来，让我们细化一下这两点：  一个合格的主观做市MM需要做到： 知道哪些筹码在机构手里，哪些在散户手里，分别什么时候解锁。机构的筹码能不能争取到自己的阵营，比如集体抛售或者延迟抛售或者锁仓。不配合的投资人，如何使用各种手段锁死或者拿回他的筹码。是否要OTC给其他机构。各部门资金的统一调配。  你以为完了？这才是MM作为“大内资金总管”和项目实际老板交流的那块。接下来MM还要和运营总监交流：  有哪些关键的运营节点，MM要怎么配合运营进行拉盘和砸盘。运营宣发后的渠道和社区，是否活跃，是否具有真实买盘。什么人发利好利空消息，在什么时间。  MM还要和自己的MM团队沟通，流通量越大，交易对越多，需要管理的越多：  平时要自己管理做市团队，随时掌控筹码和资金量。制定详细的做市计划，以及制定“做市计划的变化”，以及再之外的灵活应变。如果你的项目是普通项目还好，做市商在做市之余还要盯大盘。如果项目是特殊类型的项目，比如公链旗下的生态，那MM还要盯某条公链的K线。遇见紧急情况比如黑天鹅，需要立刻转变做市计划。当项目遇见不能完成MM计划时 ，要主动和老板沟通等等  接下来如果是特殊的项目，比如盘子，比如X2E，比如全链游戏等等涉及复杂数学模型的项目，则MM要测算数学模型的影响因素，还有可能和币圈极其稀少的职业“精算师”发生交流，根据数学模型精准制定做市计划。  一个MM会和CEO，运营总监（市场总监），技术总监，精算师进行沟通和交流。他总管项目的K线和市值，直接管钱，是老板的心腹，几乎是总管全局的第二人。  这才是一个合格MM应该做的事情。盘圈的MM必须具备以上所有职能，传统领域的MM基本不用和技术总监和精算师沟通。  我们币圈的MM就厉害了🤣，理论上，币圈的MM应该做到盘圈MM的高度，最次是传统领域MM的高度。  实际上，币圈的MM几乎是所有金融行业里最业余最滞后的。他们能把K线走好就是万幸了。更别提和各部门的沟通协同。有的牛逼的连老板的脸色也敢甩。MM在币圈被异化成了一种服务，这点我们会在被动做市商的文章中提到。整个币圈MM诡异的现状和币圈野蛮生长，以及头部集团的利益分配有关。不过最终一定会向正规化靠拢。  所以，主观做市商提高市场流动性的方式其实总结后是：尽可能正确的分散筹码。  筹码的分散需要更多资本的帮助。（对应ceo和资本）（把筹码给各种机构）  筹码的分散需要更大的市场推力。（对应运营总监，市场总监）（把筹码给散户）  筹码的分散需要更精细的数学模型支持运作。（对应精算师和技术总监）（精细化筹码分布）   筹码的分散需要K线的配合，调动散户的情绪。（对应MM团队）（把筹码给散户，观察机构筹码出货情况）  筹码的分散，意味着把本来不值钱的筹码，换成了真金白银。  无情的赚钱利器，就是主观MM的本质。越是和钱挂钩的职能，越需要经验和技术的支撑。  很多散户对主观MM、操盘手的理解是：高抛低吸。这其实是不对的。主观MM的职能一定是运用一切手段把筹码分散给正确的人，K线代表的二级只是其中最重要的一部分，高抛低吸又只是其中一种常见的手法。这点衍生开来讲会很深入，需要涉及到“筹码”的深刻理解，我们有空再讲。  只要主观MM能把筹码正确的分散出去，他基本上就是成功的。而散户们关注的K线的操盘手法，部分项目方花几千美金买的被动做市商的“主动策略”，这部分反而是没那么重要的。  请各位思考一个底层逻辑： 项目方在正常情况下，拥有压倒性的筹码和大量的资金，还对项目信息面具有绝对支配权。这样的人拿什么在二级市场自己的项目上亏钱？  合格的庄永赚不亏！老镰刀永远锋利！华尔街就是牛逼！  很多市面上乱传的，什么侦测庄家K线操盘手法，看看就得了。大多数是二级交易员写的，忽悠散户，给自己立大师人设的。这部分知识，有用，但不多。我曾经反复提过，很多经典的二级交易系统，比如形态学，自身就包含了庄家和散户的博弈行为。  请项目方知晓主动做市商、主观MM的完整工作职能。还是那句老话，MM是直接管钱的人，你费那么大劲儿把自己整上大交易所，花了那么大力气去做产品和营销，最后却对直接和钱产生交集的部分一无所知，是不是对自己的不负责？  最后我们顺手提一下“链上做市商”这个新板块，独属于币圈的做市商。  老生常谈的一点：DEX是币圈最伟大的发明，MEME是这项发明里最耀眼的皇冠。 链上做市商就是因为DEX的存在而诞生。  链上做市商也分主动和被动，被动的那块主要是uni等各家swap在管，部分和质押有关的项目方也有参与其中。我对此不是很熟悉，不敢妄语。  链上的主动做市商，主要做的就是MEME，或者部分项目方的链上项目。链上主动做市商的职能基本对标CEX主动做市商，但是要多出一条：管理一切链上钱包行为。  这点细化起来就很多了，涉及到链上坐庄，我们还是等第三篇文章讲吧，比如如何做钱包行为，不被GMGN等识别，不被金狗猎手发现。链上做市商不仅累，而且天天在“道高一尺魔高一丈”的和各路神仙斗法。  今天先写到这里，这文章完全没精修，我搞项目忙里偷闲写的，大家凑合着看看。主要还是给大家补习一下基础知识，以及告诉项目方，合格的主观MM到底要干哪些活儿。  救赎之道，就在其中。  关注点赞转发此文章，抽一个幸运宝贝儿，从“我请客吃饭”，“一个财富密码”，“一个问题”里面三选一。
1864523199691804905,Thu Dec 05 04:12:26 +0000 2024,366,125,128,51711,9.8,否,"这文章是昨晚写的，结果今天BTC10万了。这个值得纪念的日子，写点干货给这轮币圈的新人用吧。其实我这个号一直是写给从业者看的。但现在发现，21年后进圈的从业者，也有点根基不牢。这些都是老前辈老庄家们的认知，每一条都是价值千金的经验总结。依然从二级、项目方、从业者三个角度给大家写吧：  二级交易： 1，不许碰合约，不许碰合约，不许碰合约！除非你的二级交易师父点头，或者你有一个完整牛熊的交易经验，不然不许碰合约。🚫  2，知道为什么有1吗？所谓的牛市，就是你拿着现货，也能涨到让你怀疑人生的市场。💹  3，周期是最伟大的力量，趋势是不可抵挡的浪潮。币圈很多暴富神话的本质是高流动性灌入低流动性资产。要顺着趋势去赚钱，要去挖掘这个圈子本质带来的钱。💯  4，无论什么时候，你都应该有2成仓位不动，这是你的救命钱。剩下的八成仓位，满仓时BTC应该保持5到6成，只有2到3成可以是山寨币。这是必须遵守的币圈仓位管理法则。我们不妨再细一点，假设你的山寨币仓位是2.5，这2.5里，BNB,ETH,SOL这样大流通性又是金铲子的币，应该占据50%，剩下的是购买上交易所的VC币和上交易所的MEME币。❤️ 注意，建议在链上挖掘MEME的钱，不宜超过你总仓位的5%，且必须切割仓位。除非你是MEME或链上的超级专家，那可以扩大你的链上仓位。上交易所的MEME和链上MEME是两种完全不同的东西和玩法。这条我说的够细了，请阅读三次。❤️  5，请不要相信任何“神奇指标”，这玩意不存在。也不要去大于10人的带单群。真正厉害的带单群，既不收费，人又很少。原因请自行思考。  6，如果你被套住了，千万不要下跌加仓，尤其是山寨币，熊市是没有底的。如果你不能找到一个交易高手给你解套，那么正确的方法一定是下跌过程中多次反弹减仓，并且设计一个最低止损线。🈹就是跌倒这个位置，全部卖出止损。这条我说过了，以后推特上的散户别私聊我解套的事情了哈。  7，散户不要老是去信一些什么“庄家内幕”，你的圈层不够高是接触不到这些内幕消息的。我以前给项目方做运营的时候我能变着花的给散户发内幕消息。🚫  8，每年市场里都是有2-3次送钱行情的。哪怕你一波赚全仓的5%，三年也能赚55%。太多散户听了太多暴富神话，焦虑且浮躁，注定做不好交易。🤣  9，交易的本质是寻找市场里错付的赔率。做交易之前想好盈亏比，在币圈干啥事儿都先想想盈亏比，我以前写过，不赘述了。💯  10，真正重要的是拿捏大盘的节奏，知道什么时候哪些资产要涨从而提前布局，知道面对什么局面要用什么方法去最优解决。比如前一段时间BTC回调90700，不应该做空而应该全力接多。同时应该做多山寨币对BTC的汇率。这些经验的总结，对周期和趋势内进度的拿捏，才是老一辈人的真正强大之处。💯 散户？散户知道个屁！散户只知道某某KOL又赚了多少，看着P出来的收益图高潮。但凡动脑子思考一秒都不行。 币圈就是你越有逻辑，思考的越深，认知越底层，你就越能赚钱的地方。🔅  二级交易展开讲就太多了。之后再说吧。 项目方。这次从项目结构上，给项目方一点干货：  11，别老天天想着上个大交易所，有那功夫去认真做做社区吧。社区是一切的基础，找个会社群运营方法论的运营总监很重要，找一些有活力有执行力的年轻社区运营也很重要。对运营人员好一点。不同量级的项目，要知道自己的钱从不同的地方来。✅  12，很多社区的运营总监和CEO已经完全没有一点点舆论风险管理意识了。我以前做运营总监的时候都是设立这个工作负责人和工作流程的。比如项目方翻车后，散户拉维权群，这种事情就该由风控人员接管处理。要意识到这个风控的问题，上点有效果的手段。别天天让散户在推特上骂你，脸都是自己挣出来的。💢  13，不论你是项目方老大还是运营总监，没事就去想想流量哪里来，币圈的流量入口是在不断更新换代的，哪些流量是符合你项目的，用哪些手法可以调动这些流量。一个项目的流量，一定是社区的基础流量，合作单位的渠道流量，事件营销带来的曝光流量。好的运营总监在立项之初就会把这个框架搭好。♨️  14，关于项目方的市值。我现在意识到了，很多项目方，是完完全全，一点点市值都不懂的。很多MM公司其实真的是在利用项目方不懂市值，来抢劫项目方。请项目方想清楚一句话：如果你不打算割VC混一票就跑，那你做项目的钱一定是赚在散户身上。你与散户最直接的联系就是K线。💹 你要拉盘有且只有两种方法：1，用嘴巴拉盘，靠营销拉盘。2，用金钱拉盘，靠市值拉盘。市值这种和钱直接挂钩的地方，你什么都不会，是不是对自己完全不负责？💢 老说要讲市值，被一堆事情耽误。我下周就讲！  15，一个项目方最重要的两个节点，其实是融资时，以及发币上市前后。融资时要多听VC们的反馈，结合自己的情况，梳理好最合适市场的项目打法，让运营总结设计运营框架。产品和技术在这一阶段并没有那么重要。这一阶段，路径和框架对了，以后能少走无数弯路。 发币上币前后，项目方老板要处理的事情过多，对接的人事物也过多，经常会昏头。请按照市值>营销>重要人事对接>社区>产品的次序进行。开盘是从虚转实的那一步，是日后的根基，是对VC和社区的交代。很多项目开盘的刹那就已经死了。🈹  16，对一个老项目方而言，找一个合适的班底，包括产品，运营，社区，市值等等，要么疯狂的迎着风口做项目，要么一轮牛市就搞一个大项目。💯  17，对项目方而言，可以笼统的分为：攒局层，资源层，执行层。攒局层又叫坐庄层，指的是项目的老板和核心VC的高度。一个合格的项目方老板，应该只对自己的核心VC和核心执行层负责。攒局层决定项目这只箭的方向，这把弓力量的大小，从而精准且优雅的狙击市场热点，攒局最重要的是方向和退出路径。✅ 资源层是攒局层和执行层带来的一切可调动为项目所用的力量，合作单位，上哪家交易所，吸引更多VC投资，宣发，人力等等等等。执行层和资源层之间本来还有个决策层，但是2020年DEFI之夏后就被我去掉了。优秀的币圈项目方CEO和基层员工都是混成一团且高效沟通的，优秀的CEO，CMO等本身执行能力就更高，加上很少有项目方能大到上百号人，所以这里不聊传统互联网大厂的决策层的事情，也不值得聊。✅ 执行层真正负责的是，在有限的时间内，尽可能利用和扩大你的资源层，转化成买盘。执行层有很多职能，运营技术产品美术等等都算在这里面。优秀的执行层都是有复数能力，且精通某一领域的，这一类人越早加入项目，对项目的提升越大。其实很少从业者知道，有些复数能力叠加起来，能产生质变。这就和RPG游戏里的职业系统一样，战士和牧师职业技能点加满后，转职成了圣骑士。🔆 啧，说多了，这条拎出来单发一条推特都能爆款。其实项目还有很多聊的，尤其是做项目的经验和细节，和项目方聊这些非常有意思。下次再说。  我们来说说币圈从业者关心的事情吧：  18：你们要相信行业，相信行业，相信行业！我从来不说自己是WEB3的人，我一直说我是币圈人或者区块链的人，因为在我眼里，WEB3也是一个营销的噱头罢了。现在的世界在走下坡路，进入一个摆烂的周期里。币圈的本质之一是赌场。币圈本来就不缺机会，越烂的环境里，赌场的生意只会越好。何况币圈还有技术的跟新和资本的注入。和金钱走的近的行业，发展绝对不会差。💹  19，币圈很多老板都打算退休了，但是下面接班的人水平参差不齐。币圈其实是有非常多的人员缺口的，只要你够优秀，想找个好工作真的太简单了。想进入币圈工作的新人们，平时多注意积累自己的所思所想，币圈有很多橱窗可以给你展示你的能力，TG，推特，DISCORD，微信，甚至是TRADINGVIEW都行。🔅  20，我做这个推特号以来，大家问我第二多的问题其实是个人的行业规划，未来发展。我基本都一一解答了。少走弯路是最好的。一个从业者想做大做好，最关键的两点是：1，自己够支棱，有一技之长，有高执行力。  2，有行业的前辈们带你。 顶层大佬们见过的人多了海里去了，聊几句就知道你靠不靠谱，看你的言谈举止就大概知道你值不值得带。但在此之前，你得够支棱，能从一堆散户里脱颖而出，先进入大佬的眼里。✅  隔几天写个某KOL的复盘吧，我家弟弟做的很好，就深度复盘他。  21，币圈从业，最重要的点是认知深度和执行力。我建议大家多想想，XXX靠什么赚钱。你见到一个KOL就想他靠什么赚钱，见到项目方就想他靠什么赚钱。知道行业里的人靠什么赚钱，能帮你更好的梳理对币圈生态的认知。整个币圈从业的过程中，你需要一直做多你的生态位，把你从低生态位往高生态位去做。✅  22，比如很多完全靠KOL吃饭的人，就是低生态位，因为他们必须要接广告。很多永赚党带单党是中低生态位，他们一方面可以吃社区返佣，一方面做交易赚钱，偶尔还能给项目方喊喊单。🈹 以我举例。传统的MEME路径是项目方发币，让很多KOL上车，大家利益一致，发动各自的传播链进行传播，出货。当我洞悉到MEME社区和金狗猎手的关系，对比18年以来传统的币圈社区关系，发生了变化时，我会考虑项目方找金狗猎手合谋。✅ 如果我能洞悉交易所对MEME的诉求，是否我又可以在项目开始前就把交易所加在MEME项目的路径上？在此基础上，我如果还知道很多传统项目方有发MEME的诉求，我是否又可以把他们变成路径一环。✅ 最后环环相扣，完成攒局坐庄层。在散户眼里，可能最近1个月的MEME和三个月前的MEME没什么不同。但是很多最近1个月的MEME，是链路完全不同的产物。这是只有高生态位的人才能做出的降维打击。✅  23，币圈是唯一一个不论你出身和学历，只看你能力的地方。而且很多时候，高学历的项目方人员容易眼高手低，在没有项目经验的情况下陷入传统路径依赖，做出一坨大便，反向收割VC。🈹 很多高学历的朋友们，多去社区看看。你如果连你想从他们身上赚钱的散户都没有看过，你怎么赚他们的钱。不要因为自己学历很好，入门很高，被人捧起来就飘飘然。败光自己的声誉是很容易的事情，何况项目过程中总是有各种各样的意外情况发生。🤣 我永远鼓励高学历的新人和优质新人进币圈，这样才能发展壮大行业。但请记住，这个行业本身，是老一辈的家伙们，在车库咖啡，在胡同里，在坐出租时不断宣传BTC，凝聚和发展共识，才能有今天的。抬起头看天，低下头走路。❤️ 这个行业里一直有优秀名声的人不多。因为很多时候动动歪脑筋就很容易赚钱，但那一定会翻车的。不要贪小利而作大死，你只要是个人才，三轮牛市一定能暴富发财。慢就是快。✅  24，我永远建议新人，无论到哪里，都要去主动和人推荐BTC。你要去体验这个过程。2019年当我来到车库咖啡讲运营的时候，虽然大佬们早已经不在那里，但那是我第一次感受到，我在这个行业，我与他们同在！🔅 今天正好BTC10万美金。这一路过来，感谢每一位BTC的建设者们。💹  按传统惯例，文章写到这，我应该给散户或者韭菜们说点啥，举几点。今天我什么也不想多说了。我对散户已经够好了。我其实忙成猪头，身体也不好，写这些文章最近已经是牙缝里挤时间。   我有一个二级交易的师父，有一个市值的师父，有很多VC老板在我成长的路上拽了我一把，不嫌弃我菜，和我说了很多东西。我也试错过很多路径，慢慢摸索才有了今天。我没啥奇遇，到现在我依然只是一个执行层的顶层罢了。  但是可以说，我是币圈没吃到17-18年早期红利，完全靠在币圈从业，靠本事混到今天的，我是从散户做起来的。🔆没有哪天我离开了市场，没有哪天我停止了思考。当去年铭文生态爆发，我成为铭文战神，反过来带朋友们爆杀市场时，我其实只对他们说了一句话：看，没给你们丢脸。投资我是正确的。🔆  如果你看见这篇文章，歇歇脚，不要焦虑。太多币圈的从业者，听了太多的暴富神话，焦虑的连觉都睡不好。慢慢来。点开我的推特首页，那边有我对你最真挚的两句祝福：  All's right with the world!  All paths lead to BTC！  老规矩，转发并且评论和点赞此文章，在评论区输入0-9999中的一个幸运数字，我会随机抽三个人，请第一名吃饭并给他做行业咨询，请第二名可以打电话做行业咨询或者简单点直接要个财富密码，第三名老规矩，送出满怀祝福的幸运骰子一套。"
1912164693776777248,Tue Apr 15 15:22:43 +0000 2025,263,57,20,42223,9.8,否,"分享一个我前几天转发在朋友圈的文章：《如何发现一个20岁时就值得投资的人》 我们如何识别那些还没开始，但未来可能改变世界的年轻人？  我想谈一种常被忽略的天赋。它不像智商或履历那样容易量化，却往往决定了一个人能否走出轨道，走出属于自己的路径。我称它为结构外生长力（Structural Divergence Capacity）。这不是简单的自律或自驱，而是指在没有任务、没有外部压力的情况下，是否能自我设定目标、持续推进、独立成长。  过去几年，我见过上万名创业者。最让我着迷的，不是那些履历光鲜、表达完美的人，而是那些不太常规的年轻人。他们跳跃、直觉、不善解释，却往往有原始的探索冲动。你能感受到，他们身上有股火，只是还没烧起来。  很多人问我，投人是不是得等他们做出点成绩？我的答案是，不一定。那些还没“拔刀”的年轻人，反而更值得投。就像《孙子兵法》里说的，“善战者无赫赫之功”，未出手已成势，也避免了出手不当反伤自己。  对年轻人而言，最宝贵的状态，是即将出招但还未亮剑的阶段。他们有强烈动机、有早期判断，却还没定型，也因为如此，支持他们的增量价值极大。当然，有些人拔过刀但失败了，如果能从中快速吸取经验、形成反思，也是一种成熟的信号。  但大多数年轻人，并不是没有潜力，而是被三种看不见的力量困住了：认知受限、缺乏勇气、方向迷失。他们不是不聪明，只是没跳出主流路径，不敢承担失败，或在理想与现实的碰撞中逐渐放弃。真正具备结构外生长力的年轻人，恰恰是那些已经在突破这些障碍的人。  这类人可能在学校期间，并不把自己看作学生。他们的信息源是多元的、去中心的，甚至是不稳定的。他们主动开VPN学习前沿、联系陌生人、下载非主流App、尝试产品原型、组织朋友试用。他们甚至懂得伪装——在需要时以学生身份示弱，从而获取帮助。他们未必在课表上留下记录，却有自己的学习路径；未必在活动里刷脸，却始终在行动。他们不像是被培养出来的，更像是自己长出来的。  所以我们才更需要去寻找那些即将突破这些障碍的人，他们的刀还没拔出来，但他们已经在发热。这些人通常有几个共性：  一、感知世界的能力，远超同龄人这个世界的折叠结构非常严重。  不同年龄、阶层、行业之间的交流越来越稀薄。很多成年人对年轻人的真实想法几乎没有任何直觉。我们常常以为年轻人想的都很虚，但很可能他们恰恰站在了未来需求的一线。他们对社交、AI、文化、生活方式的感知，往往比我们这些在社会结构里运行的人更前瞻。越年轻的人，越能感知潮水的方向。 一个有用的判断方式是他是否能看出别人没看到的东西，并能从这些感知出发去尝试创造。  二、问题导向，动手去做  很多人现在都说要学AI，但大多数人只是被潮流推着走。你去上一门课，结果没几天就忘了。看到某个产品爆火，抢着去尝试，试完也没了下文。而真正值得投的年轻人，是那种探索中找到问题，再去学习技能的人。他不是因为AI火才去学AI，而是因为他发现一个问题必须用AI来解。这种问题主要围绕他们自己的需求，而世界上没有可以解决的产品。于是他的学习路径是倒推的：问题→解决路径→学习技能。 这个逻辑改变了一切。因为一旦是目标驱动的学习，就会出现惊人的专注和吸收力。他们没有被工作锁死、没有太多责任负担，有时间、有精力、有好奇心。学习对他们来说，不是为了考试，不是为了简历，而是为了干事，再或是为了改变世界。 这就是“Learning by doing”最好的土壤。  三、好奇心的密度和可执行性极高  并不是只有年轻人有好奇心，但他们的好奇心密度和可执行度是最高的。他们愿意因为一个问题查资料、追视频、试代码、开小项目。他们没有太多框架限制，不会想着这对我职业路径有没有帮助，或是能不能加到简历上。更重要的是，他们不容易被结构性压制，他们的生活还没被成事的逻辑完全占据。 而大多数成年人的好奇心是专业性的，进入职场后，他们的探索往往是受限的，是为已有目标服务。而年轻人，能“乱逛”。这种阶段没有明确收益，却最容易长出真正的创造力。  四、自我迭代能力  他们不一定懂复利，但做事方式是复利式的。他们习惯于记录试错、总结路径、不断优化。从而优化自己的行为方式，调整自己与世界的交互系统。这是一类最容易被忽视、但在长期观察中意义极大的特质。 这也是一种长期主义的体现。不是简单地说我想做长远的事，而是每一次失败后，他们都能问：“我在这次里学到了什么？它以后还能不能用？我下次要怎么做的更好？” 每次失败都不是归零，而是叠加。最终在某个时间点突然爆发出远超常人的成熟度和创造力——我们以为他们一夜成名，其实他们早就在地下生长多年，只是没人注意到。  五、能穿越失败、忍受无人理解的阶段，坚持再坚持  你会发现，这类年轻人并不是一开始就强大。他们也有害怕、也会犹豫，但他们和大多数人不同的是：他们不逃。他们知道自己还没准备好，却依然选择走在准备的路上。他们不怕阶段性失败，因为他们理解失败不是终点，而是试错路径的一部分。 他们不是天生无所畏惧，而是清楚，如果害怕代价，那就永远没有资格谈梦想。他们不一定比别人聪明，只是更愿意相信现在的困惑，是通往未来的燃料。真正有结构外生长力的人，往往都在最孤独的时刻，不靠掌声，不靠推力，依然咬牙走下去。 不得不提一个现实情况，他们可能在一些艰难且错误的路上被磨灭心力，消耗殆尽。他们不是不会走错路，而是往往走得太深、太久，孤独又倔强。这种情况下确实需要我们的鼓励和引导，跟他们讲真话，帮他们少走弯路，保护他们心里那团火。哪怕它一时微弱，也值得被保护，直到再次燃起。  六、智慧且愚蠢  除了这些内在能力，我还发现一个常被误解的特质：他们可能看起来其实有点愚蠢，轴得不合逻辑，比如不擅长止损、不懂投机，不走捷径。他们在早期可能兴趣爱好很广泛，但一旦选了方向后，会放弃成百上千的娱乐、社交，甚至学历。他们不是功利，而是极度专注，甚至能为一个想法牺牲掉一整个阶段的人生秩序。他们舍弃的不是青春，而是没必要的分心，在关键阶段愿意选择了一件真正值得去投入数十年的事。 太聪明的人，往往什么都能做，却难以坚持一件事做到极致。而这些看起来笨的人，反而更能穿透。他们不花哨、不圆滑，但目标清晰，脚步坚定。 他们的路径很少出现在课表或简历里。他们不会做PPT，可能偏科、不合群，但常常在复杂问题上反应极快。他们可能辍学、做冷门项目、坚持没人懂的事。这种“怪”，不是为了叛逆，而是出于本能的不服从。他们不随波逐流，只是始终在寻找自己的方向。  正是因为这些特质不容易被传统标准捕捉，我开始试着为这类人建立一种新的理解框架，就提出了结构外生长力的概念。  那些我曾见到过的值得投资的年轻人  我见过一个浙大的本科生，几乎不参加任何学校活动，只在自己认定的路径上钻研。他曾在某企业底层打工一年半来学习，然后花数月系统分析行业与市场。他的目标是十年后做具身智能，他判断timing还没到，而现在的目标是在此之前先做一家创业公司练能力、积累资金。于是作为名校背景，他异常地选择了一个大多数人都看不上的方向全情投入。  还记得当时通过朋友介绍我们第一次见面，前二十分钟，他几乎没看我一眼，话也不说，表情也比较冷漠。直到我输出一些有价值的认知，才让他提起了兴趣，抬头看我，开始主动提出问题。他不是冷漠，只是没兴趣浪费时间。这种人一旦打开，就是巨大的潜力。  再比如我曾经在一个辍学创业者的群里的一个学生。有一天，我在咖啡店写作，临时想找个人聊聊，朋友圈问了下，他就过来了。几天后我想去打羽毛球，找不到搭子，他又来了。这两次并不是为了争取什么机会，而更像是某种直觉驱动，他觉得这可能是值得打开的一扇门。  我们最终投资了他。后来他19岁从清华本科辍学，今年23岁，已经拿到了亿元级别的融资，背后是几家全球顶尖的基金和知名个人。后面几年他的成长曲线异常陡峭，选择了最难的路，忍耐了太多常人难以忍耐的事，而那一切的起点，只是他在群里默默观察、及时行动、愿意走出门去聊一聊。我们以为的很多偶然，其实都是某种自我指引的决心。  当然，我也错过过有潜力的人。比如三四年前有个00后女生，初期只是某个不到十人的创业公司里的实习生，但她把自己当成联创一样什么都做、折腾力极强，几年后独立创业，拿到几百万美元融资，势头很强。起初我没看重她，因为她没有名校背景，不是技术出身，年龄又过于小，起点不突出。  这让我反思，真正有意义的投资，不是多支持一个本来就能成功的人，而是早期发现那些不被看好的力量。名校创业者确实成功率高，但他们本来就拥有更好的平台和资源，投资他们，我们能为社会提供的增量价值其实是有限的。而真正有社会价值的投资，是看见那些原本不被看好的人，并在早期坚定支持他们成长。而这些人的起点不重要，重要的是结构外生长力和他们的成长斜率。  历史上这样的例子也不少。泡泡玛特的王宁毕业于郑州西亚斯学院，现在市值已经超过2000亿；大疆的汪滔，本科来自华东师范大学，如今的公司估值超过1000亿；喜茶的聂云宸，毕业于广东科学技术职业学院，公司估值超过600亿。他们不是因为背景，而是因为成长路径的强度、自身具备极强的结构外生长力。他们的存在本身，就拓宽了社会对成功的想象。  于是我开始更主动去倾听年轻人的想法，理解他们的背景和成长经历，而不是只看当下的项目或履历。因为早期判断一个人，靠的不是BP，不是简历，而是你是否愿意走进他那些细碎但真实的表达，是否能从一次聊天、一次观察中，看见他还未成形的锋芒。  培养年轻人和投资一个项目是两件不同的事。真正投人，靠的不是公式，而是低信息状态下的信任力。自古英雄出少年，你愿不愿意相信一个还没毕业的年轻人。  你有没有见过这样的年轻人？  大家不妨试着在身边找找这样的人。或者你自己，就是那个在角落里默默努力的人？如果是，不妨来找我们聊聊。也许下一个改变世界的故事，就从一次咖啡、一次打球开始。  最近，我也一直在尝试建立机制，让这些人被看见。不是筛选最优秀的人，而是防止这些最有可能改变世界的人被埋没。  我一直觉得，投人是件既科学又浪漫的事。科学在于你要判断、比较、建模；浪漫在于你愿意相信，一个还没毕业的年轻人，十年后可能重新定义整个行业，数十年后可以改变世界。  我的任务，是在对的时间说一句：“我看到了你。”  如果你愿意，也可以成为那个看见他们的人。 -------------------------------------------------------------------------- 这篇文章是4月7日董科含的公众号写的。我很少转发这些东西。 这篇文章看完，我非常有感触。  早年，我对“投资就是投人”这句话嗤之以鼻。后来，随着我吃的亏越来越多，见过大量项目方创始人，和不同的VC交流，我发现这句话是无比正确的。  我记得真格基金的戴雨森曾经在小群里评价过某个项目方的老板：“他是天生的CEO！”于是我就跑去这个项目方里，偷学这个CEO很久。把他的特质一一记下和总结，直接照着去模仿。  包括现在每年去做币圈学习社区，我做的分外认真。我记得今年最大的收获是看见一个币圈运营到讲台上给大家讲自己的经历时，他身上那种优秀的特质，分外耀眼。她眼里有光，闪烁着对未来的憧憬和信心。 她下台后，我对台下的所有人说：“我看见了光，我觉得，公司的人老是喷我，叫我别浪费精力在教课这种低收益率的事情上。但我现在觉得，做这种劳累的事情，是有意义的。我在投资年轻人。”  还有一个女生，顶着发烧，记录了厚厚一叠笔记本。最后她告诉我：她进币圈第二天听了我的SPACE，现在是打狗专家。单币，两次A7一次A8。  我和他们交流时，能感受到他们身上不同的优秀，和文章里说的几乎一样。  就像《三傻大闹宝莱坞》里最后那句话一样： Follow Excellence. Success will chase you, pants down. 追求卓越 成功就会出其不意的找上门。  币圈养育了我。 也希望，币圈的未来，有更多有20岁时就值得投资的人。"
1881761281268760797,Tue Jan 21 17:50:25 +0000 2025,191,41,48,26771,9.8,否,"《Z级MEME导论第N篇》我们继续聊MEME的干货和核心经验，本文面向圈内从业者，约5000字，相信我你看完一定有收获。这都是刚刚出炉的钢铁干货。撒哈拉沙漠那么干。散户请直接忽视前12条。   对项目方：  1，不管是MEME项目还是链上其他类型的项目，你可以理解成链上提供了一个人人可以发项目的交易所。中心化交易所会对项目做审核和筛选，登录大所本身就会拥有热度和流动性。但链上如果你想获取热度，你就必须会整活儿。单纯的整活儿不行，你还要符合链上生态的各个参与者，去配合和调动他们，在此基础上整活儿。🔥  2，接1，项目方可以理解成链上的开盘和第一波，类似于过去上中心化交易所的第一波。这是整个项目最关键的一步。过去中心化交易所上所前，您需要准备各种利好，和MM配合，给社区发消息，和交易所沟通，确定技术无问题，稳定团队军心等等。在链上开盘前也要准备这些，但是侧重点发生了更改。所以，开盘是最重要的。💵建议项目方不要热启动，尽量冷启动。  3，我总结下来，MEME项目的分工分为四部分：链上技术，链上MM，营销，传播链。  链上技术：指的是所有关于链上的技术相关，非常庞杂，不详细叙述。不建议项目方尝试。  链上MM：链上做市商，这部分的叙述会放在做市商的文章的第三篇讲。不建议找非币圈做市商，传统MM给钱给你都别找。  营销：事件营销，活动策划。  传播链：各路KOL的详细配合。  4，先解释一下营销和传播链的关系。营销一个利好或者说一个事件，散户对此的认知是不同的。需要有一个起爆点，去给散户解读此事件，并让散户进行“买入”这个行为。 这句话我的老项目方读者们是不是有点眼熟？没错，我在《Z级模因论》里写过。MEME是一类具有强传播性的文化信息。他的特性之一就是操作人进行某些行为。💯但是由于很多MEME币本身的MEME属性很差，所以需要一个起爆点去推动散户进行“买入”这个行为。这个起爆点就是KOL。整个起爆链路就是传播链。🔥 如果从坐庄侧角度出发去攒一个完全的“阴谋”盘，则传播链还有一层更深的解读：筹码分布的极致管理。  5，我们再来说一下整个链上做个MEME项目最重要的两个环节，都是项目经验反馈总结出的：高协同性和MM的灵活性🪙 1，高协同性指的是营销和传播链的高度配合，营销和MM负责人的高度配合。 2，MM的灵活性指的是在不可能制定详细MM计划的前提下，如何即时出货，面对大量突发状况如何修正自己的策略。 我再次重申一遍：MEME项目的难度非常高，远高于普通VC币项目难度。 MEME币的项目整个流程，更类似于盘圈项目。  所以，项目方必须要有强而有力的运营总监/CEO或者负责协同的人员，以及富有经验的MM。  6，我们可以很轻易的得出结论：MEME项目的营销负责人必须非常懂KOL。其实不止，他还需要懂金狗猎手，懂MEME社区。甚至MM人员，最好也懂这些。这一点越细化，你项目的成功率越高。 比如你把KOL的喊单能力细分，直到不同KOL靠什么吃饭，不同金狗猎手扫链时的依据是什么，国外KOL的小团队都有哪些人等等。 这又符合了币圈的本质之一，是对认知的补偿。💴  7，从我上一篇MEME的文章写完，就有很多项目方找我说想发币到链上。想发个MEME币。我是尽力劝阻的。因为其实在我们这种老不死的执行层看来，交易所有其不可替代性，VC币的链路有其不可替代性，是千锤百炼自然选择的最终结果。  考虑到项目方这一轮的确存在困难，交易所的上币费用过高，普通融资的项目方支付上币费后，容错率几乎没有了。更不用提很多项目方根本没有脚踏实地的去运作自己的社区了。  这里给项目方的建议是：如果你能凑齐第5点中的两要素，可以把项目发在链上，并且是非常优秀的路径。开盘完全当做MEME项目来做，后期完全当做传统VC项目来运作，互相不冲突。💵  这样的项目结构上，等于把传统VC项目的路径，在开盘时挪到了链上，与第3点中的MEME项目四结构互相配合，做了一个并行。所以我写项目方需要注意的点的顺序并不是乱写的。  项目方的这几条，我是非常认真的写的，还有一些话不便直说，不过你都做到项目方的位置上了，你思考一下应该也很简单。框架和路径，已经给你说清楚了。剩下的就是一些执行层的事情。欢迎项目方的朋友们找我玩！  这里删除了7.5条和8条，因为是对生态项目方和交易所的针对性建议，不具备普适性，且比较长，所以挪到了评论区，确保此文的阅读体验。  对KOL和金狗猎手： 9，这波的社群生态结构发生了变化，社区里散户对社群群主的忍耐力和接受度，到了新高。一天喊10个币，亏8个，平1个，一个赚5倍，散户就会忘掉群主的一切不好，觉得是自己的问题。所以私域流量非常容易聚集。 可以说，MEME的发展，是在给KOL喂饭。🔥  如果你就是一个做KOL，做社区的，你这波富贵都吃不到，你多少有点问题。 但如果你只是一个做KOL，做社区的，对散户装装逼吹吹牛就行了，见到币圈生态位比你高的人，请谨记英雄联盟里男枪的那句话：“把头埋低！”  大家都在币圈生态里，各司其职，要知道自己的钱从哪里来的，要多向头部生态位的人学习。  10，金狗猎手们我交流了非常多，非常多。很多金狗猎手我真的特别喜欢。他们聪明年轻，思维敏捷，有一技之长。他们的状态比较奇怪，要么觉得自己天下无敌，要么赚了钱了也非常焦虑。  焦虑并不是因为没赚到很多钱，而是因为他们非常了解MEME板块，感受到了MEME的流动性。他们怕MEME的热度过了后，他们失去赖以生存的土壤。  我的建议就两点： 1，再一次搬出这句话：DEX是币圈最伟大的发明，MEME是DEX这顶皇冠上最耀眼的明珠！ MEME板块不会轻易消亡，但是会不断变化。 2，不要排斥VC币，可以去勇于尝试做做项目，或者多和比你强的人接触，做高自己的生态层级。  哦，对了，别去卷你们的扫链技术链上技术了，我交流下来发现，你们的技术绝对够用。  额，最后对从业者和散户说说吧： 11，不参与TRUMP是非常不该的。我和好哥们加密韋馱聊天时，曾经谈到，我们这样的执行层顶层，市场里的每一个热点，我们都会参与其中，才能养成精准的分析能力和对项目的判断力，对热点的嗅觉。这点我19日的文章里写过，去年7月也写过，不再赘述。  12，很多人的目光太局限了。这样的大热点能赚钱的方式是很多的，不要老是思维定势，因为没有早期参与或者重仓梭哈，所以得出结论：下次要买的早，重重梭。  那你等死吧你！  包括很多金狗猎手疯狂内卷，其实是一个毛病，眼光太窄，技能点点的不够多。   比如TRUMP的二级交易，是非常非常简单的。我敢上大仓位吃反弹。如果链上的一级金狗没吃到，没事，金狗的流动性都很好，二级的走势都非常标准。  二级又可以细分，比如吃暴跌反弹，做空，震荡等等。  所以当很多人没吃到一级很低倍率在焦虑的时候，我经常和学生们说：别急，等二级机会。 其实再细一点，TRUMP还有非常多其他的机会，比如如果你会链上技巧，如果你是量化大师，你都有很好的赚钱空间和角度。  所以赚钱的姿势这么多，别只会一种。或者…………赚钱的姿势这么多，你总要会一种吧！！！🤣   这就和打日式RPG一样，你开局1级选择职业是战士，你如果一路玩战士玩到顶，当然可以。但如果你10级学习了魔法，那你就可以在20级转职成魔剑士。你在10级学了贤者，那你可以在20级转职成圣骑士。你10级把魔法和贤者都学了，还学了一堆职业，那你可以在N级转职成魔王！🔥 聪明的你懂我和加密韋馱的对话了吗？ 我一直在说要做高币圈生态位，现在明白了吗？  13，写到这里有点累，直接复制前几天TRUMP上涨时群里写的话吧： 1， 心态是最重要的，不要焦虑，也没时间悲伤，因为你花时间去悲伤焦虑，你下面的操作就会变形。一个大金狗大热点出来，一定会有别的机会跟随。（对，写完这句话特第二天就出了特朗普他老婆的金狗）  2， 别和上面的人比，尤其是币圈，金融圈。钱一定是流向更多钱的地方，穷人越穷，富人越富。这是流动性的本质，资本主义的致命伤。当你和上面比，啥时候是个头?你会一直焦虑不断焦虑，然后犯错，钱又会消失。  3， 当你赚钱的时候，你就想想，这笔钱是妈妈多少月的工资，能给妈妈买多少衣服和红烧肉。开心点。  14，接13多BB两句，就当送给散户的话吧 我今天真的特别开心。某个粉丝比我多的女KOL，是少数币圈认真干事儿，靠本事吃饭的女KOL。 我第一次见到她的时候，她在我朋友那边实习，正直BOME爆发的热潮。她当时在做BD，见了不少人给他吹牛，又看见群友赚了钱，焦虑到睡不着觉，要吃抗焦虑的药。 我安慰了她几句，让她留在牌桌，慢就是快。告诉了她一些误区。  说实话我认为她当时并不能理解我在说什么。但是她走过焦虑期后，一直在慢慢稳扎稳打，经营自己，服务项目。这两天她终于赚了钱。我开心的去恭喜她。她敲了一段自己的认知和反思给我，角度依然稚嫩，心态还是有点焦虑。但她的话里最后一句我很开心：留在牌桌。  恭喜你，看见你赚钱，我打心眼里开心。你真的进步了。  下次你请客！🤣  去年年中的时候，我觉得我走到了人生的关键点，幸运的是我知道谁能解答我的疑惑，于是我去拜访了我的干妈。 干妈和我说了很多，我全都在做了。 当时听不懂的，我就回来问比我强的老板们。  在干妈和老板们的眼里，我也是在摸索他们走过的路的“年轻人”。 我应该，没有给你们丢脸。  今天下午，我的一个还在念大学的学生，过来找我问研究生念哪所大学，最后给我来了一句： “以后在外面一定不给你丢脸”🔥  那一瞬间，我仿佛看见了17年还是韭菜的我自己，我在老板们面前说出一样的话，走上了这条路，一直在币圈，熬过了最难熬的时光，甚至越过了死亡，见证了每一波热点，走到了阳光明媚的今天。  我是一个标准的币圈土著，我的一切，都是币圈给的，是币圈把我锻造成了今天的样子。  我爱这里。链接世界一切的这里。🌻  最后让我用埃隆马斯克的《如何在生活中取得成功》中的一句话给这个过长的文章结尾： “The thing that drivers me is that, I want to be able to think about the future and feel good about that. So that we’re doing what we can to have the future be as good as possible, to be inspired by what is likely to happen, and to look forward to the next day. So, that’s what really drivers me, is trying to figure out how to make sure that things are great and going to be so. And that’s the underlying principle behind Tesla and SpaceX”  “驱动我的是，我希望能够思考未来，并对此感到快乐。因此，我们正在尽我们所能从事情中获得启发，让未来变得美好，并期待明天。所以，这才是真正驱动我的东西，就是试图弄清楚如何确保事情伟大，并让其发生。这就是特斯拉和 SpaceX 背后的基本原则”。  转发并且评论此文章，回复你的想法，并且在最后说一个1-10000之间的数，我们将会进行抽奖，第一名我会请客吃饭（上次那个我还来得及请，抱歉），第二名可以问我三个问题，第三名可以获得我送出的DND幸运骰子！"
1920128294168776770,Wed May 07 14:47:14 +0000 2025,141,42,59,24572,9.8,否,写点干货：我经常在群里聊一些一级投资和做项目的基础逻辑。今天群友问到了显示费率的产品，然后聊到了coingalss和KINGFISHER这类的产品。进而衍生出了一个问题：  币圈技术类产品的创业  自2017至今我至少给50个以上的技术项目做过内测，30个以上我就不记了，但肯定有50。大多数是技术人员创业。常常是某技术人员：“觉得xxx是个痛点，就出来做了。” 大多数产品嘛，都不错。也有一些让我觉得惊为天人的。  比如有个在arb上做链上挂单交易的全链上交易所，叫jojo。这个我印象特别深，因为我也喜欢jojo的奇妙冒险，因为我反馈多，老板当时硬多给我塞了几百刀。  他们的产品非常棒。当时给我震撼了一下。但我问了他们一个永远会问的问题: “哥们，那你的营销怎么办呢？你的运营总监找的谁？你这可是个平台，重营销的活儿。”  然后我接了一个夺命问题： “你为什么用arb这条链呢？？？” 老板是个技术派，回答的是：“ARB的技术很丝滑，能实现我们的产品形态。”  我其实真的挺喜欢那项目的。但大家瞅一眼ETH和ARB，就知道后续的故事了。也不知道这个老板后面去干啥了，真挺可惜的。  我说这个想表达的是： 1，如果你是一个技术达人，没错，币圈是对技术人员最友好的圈子之一，但大多数技术人员真的远离市场，如果你们有天才的想法，请提前认真观察用户诉求，并找VC确定投资层决策层的角度，和我这种执行层的落地实操派商量执行的问题。 不同的层级，看事情的角度是不同的。一个好的点子一定能经过多层级的认证。  但请注意！一个究极天才的点子，能改变市场引起革命的那种点子，也一定是除了你以外，大多数人都不理解的。  做项目，做投资，很好玩吧！  2，请尽早在项目里安排运营总监。不要找那种什么传统领域XX大公司出身但毫无币圈战绩的。越牛的运营总监越早加入项目，越能让你拿到融资，也越能助力你的项目更好成长。 没错，我很长一段时间都负责和项目的运营总监聊他们负责的项目。叙事决定项目层级，技术决定项目上限，而运营决定项目死活。  一个好的运营总监，是项目多个环节的润滑剂，帮助项目全力运作的同时，还能从VC那边高效调动资源。对于VC而言，一个好的运营总监，确保了这个项目不会暴死，这就意味着有退出的保障。  这点是投资的经验之谈，也是做项目的经验之谈。  3，币圈发展到现在，很多技术项目其实也在拼成熟团队了。很多优质项目的团队是长期磨合过的，做的比较好的比如派网的团队，AVE的团队，他们的老板都是独当一面的定海神针，对币圈产品有独到的理解。迅速嗅到商机的同时，也能迅速执行力拉满，让成熟团队落地。  这里其实可以拿AVE这个优秀团队举例说一些容易被忽视的项目细节，但篇幅过长，我们之后再讲。  4，很多新人的技术项目，哪怕不偏离市场，也存在盈利模式不稳定，甚至是“抽象”的困境，这导致投资人的退出路径模糊。  5，技术派项目而言我个人喜欢且愿意投： A：路线特别骚，极其小众的项目。这样的项目要么早死，要么成为市场爆点，让我盈亏比极高。 B：老板是技术派，但是非常懂运营，至少要懂怎么找一个靠谱的运营去执行。注意此条，如果创始人是技术派加运营总监的合伙人形式，反而不在此列里。 C：创始人是年轻有为的人，拥有我之前文章中讲的“结构外生长力”。这样的人在币圈集中出现在海龟中和草莽里。但草莽里的年轻人缺乏头部资源和路径错误，海龟中的人容易眼高手低贪图享乐和无用社交。 投资就是投人，绝不是一句空话。技术派的人如果有结构外生长力，几乎必定在未来取得大结果。  我永远尊敬做技术的人，有时候做项目，宁可最后自己少赚点也绝不亏待了做技术的。 我是做运营和市值的，我注定很难改变世界。改变世界的寄点，最终都是技术天才们的灵光乍现。  最后。我找了半小时，终于翻到了这个视频。让我们把时间的指针拨回1960年， 请欣赏，在世界最美最年轻的时候，完全由技术驱动，无论是游戏、教育、计算机领域，都绕不过的传奇系统：柏拉图！  “我想柏拉图系统被赋予这个名字，，或许也表达着作者对古希腊的柏拉图学园理念的一种向往。 学徒们在柏拉图学院完全公共开放的园地里自由漫步，他们学习、交流、辩论，而哲学家柏拉图常常只是在一旁笑看着求知若渴的年轻人，鼓励他们的探索，给予他们评价和指导。 柏拉图系统也确实在某种意义上达到了这个目的，由其中的自由生态衍生出的互联网产品形态、电子游戏玩法及极客文化，更是成为了80年代后硅谷软件企业崛起乃至最终改变世界的原动力。”  祝所有币圈的技术人员们，走在正道上，成为下一个V神，创造下一个柏拉图。
1978765398159085693,Thu Oct 16 10:10:09 +0000 2025,297,45,101,94716,9.3,否,欢迎你来到我的主页。这是最新的置顶帖，写的东西太多了，换了好几次置顶帖。还是建议你按照时间线阅读我的推特全文。 我并不是什么KOL。我是币圈最老的一批运营总监，后来变成了独立交易员，现在主要在做主观做市商服务。  我每年都会因为热爱和兴趣做一期以二级交易为核心，币圈整体生态为辅的课程——《鹿鱼》，今年已经第四期啦。  很感谢身为币圈从业者的你关注我。  这是截止2025年4月10日，@jiunian为本账号制作的思维导图  https://t.co/gkpGyjVYP9 下面的文章分为：市值管理、行业建议、市场观点、二级交易，请随意翻阅，希望对你们有用。  市值管理专业领域： 《解析神秘的市值管理/做市商/MM》https://t.co/YbdvScqx3H 《如何识别主动做市商/做市商/MM》https://t.co/fqW8RW8z65 《做市商和K线的简单关系》https://t.co/MJEfn7g7aR  从业者建议： 《给新人的干货（二级、项目方、从业者）》https://t.co/e5PwOpOnAh 《币圈顶级认知》https://t.co/NZYlhal8XR 《一个臭炒币的K线回忆》 https://t.co/03wpx4NZFL  观点系列： 《全网唯一讨论MEME本质的Z级MEME模因论》  https://t.co/6mPJAVj4GG https://t.co/j1L1p59HjU https://t.co/vIGYbcjdcs  《建立MEME体系的方法》 https://t.co/OKuMjCUDSM 《币圈技术类产品的创业》https://t.co/9OPz2kqQ0K 《币圈社群方法论框架》https://t.co/ts2gNDd4My  《币圈十戒》https://t.co/GPSdaq1KbC 《币圈VC不要轻易做二级交易部门》https://t.co/olTVn1W4CA 《由<诗篇四十六的秘密>开始，思考币圈行业》https://t.co/pJQAUuHOUg 《XRP解析》https://t.co/1KVXofeIUz 《WLD解析》https://t.co/4c0rq8Z0Rr 《香港大会杂记与行业反思》https://t.co/WKwQbxiAnc 《写在美国大选前夕的杂谈》https://t.co/OSmzJ5C6Hu 《做mm时的神奇项目方》：https://t.co/Ipml43EtWJ  交易系列： 《一个合格的交易员是什么样的》https://t.co/Y1kIv0HhCC  《爆杀市场的纪念》https://t.co/cldIA0q0xh 《为交易者推荐13本经典书籍》https://t.co/uCVFRk9q3m 《盈亏比》https://t.co/p95QUYqrJW 《分账户仓位管理经验》https://t.co/9XqQU499Uz 《关于市场是怎么逐步麻痹你的》https://t.co/1QpCITOIml 《看好一个生态的玩法》：https://t.co/SzdHVKEYiZ 《ETH牛市前的建仓笔记》https://t.co/KjjK8MlYOY 《投资SOL从8.55到300》https://t.co/sHBnahehfK 《$TRUMP复盘》https://t.co/QcAFmi5y3j 《2025年9月直播讲BTC走势》https://t.co/TohKV4tmrv 《2024年6月复盘近期思路》：https://t.co/iHD06shdW8 《2024年5月行情复盘 板块轮动 MEME重要性》：https://t.co/Lne3FSJ3KQ 《2024年4月暴跌抄底行情复盘》：https://t.co/0RNSqk43tP
1909904552977150062,Wed Apr 09 09:41:44 +0000 2025,156,16,50,43964,9.3,否,我基本不跑那种人多的大会，都是攒项目去私局比较多。这次我去BN大会整整一晚上，BG大会也漏了个脸。看见了不少有意思的事情，也和几位老板沟通交流了一些。今天抽空写写香港杂记与行业反思：  1，行业里的所谓“KOL”太多了，他们分为三类：第一类是有真知灼见有真本事的人，KOL只是副业，这一轮获得了很好的结果，他们会在未来走上行业里更高的舞台。  第二类是牛市里赚了点小钱，又吐出去大部分的KOL，靠着自己流量大，抱着项目方和阴谋集团的大腿使劲摇，他们基本上算是KOL里的聪明人，擅长抱团制造话题吸引流量。一般比较焦虑，第一次感受到自己护城河的脆弱。  第三类是刚刚成为KOL，接不到广告的人，大量混圈女擦边女花瓶男等等，极其焦虑。他们无一技之长，就硬蹭个会。“假装自己来了”。  2，这一届KOL的质量，远远不如2017-2018.的KOL。现在想想，1718的KOL输出的干货，搞事的动力，甚至是眼光的长远，放在互联网里也是顶级的那一批。  3，还是那句老话：主要身份是KOL的人基本上不用看。在币圈有自己的本职工作，且愿意分享成为KOL的人，可以看一看。在币圈做到行业顶部，且输出方法论的KOL，要重点看。  不是很想聊KOL，真的没啥可以聊的。我在BN遇见了几位老VC，上来就和我来一句：“人真多啊 ，我都不认识了，你给介绍介绍。” 我就默默回了一句：“我也不认识，也不用认识。他们中的90%的人3年后都会消失的无影无踪，剩下的，我们自然会认识。”然后双方哈哈大笑起来。 牛熊本来就是币圈最好的筛选机器。  我们来说说项目方： 4：果然烈火见真金，熊市里开始有有意思的项目和团队出现了。但下一轮的热点在哪里，还不是很明确。加上不少VC亏掉了裤子，所以现在大家都处于谨慎投资的状态。如果你是新创业的项目方，不要放弃思考，也不要停止努力。 我本来想在这里说点激励的话，打了打又删了。只能凝聚成一句：“祝你们好运！”  5，这一轮进圈做项目的人，大多数都是有优秀学历的人，身上的共性很明显，这点我们放到下一篇文章讲。币圈的草莽英雄的确是变少了。  6，有的项目还活着，但已经死了。太多项目方老板在急切的寻求退出路径。  至于交易所： 7，其实大所面临的困境，是组织结构的问题。这是每一个大公司都会面临的无解问题。 简单来说就是领导层知道该干什么，但是不知道如何执行。执行层知道怎么执行，但是不知道自己在干什么。  8，某老牌项目方老板说：“MEME这个东西，30岁以上的圈外人几乎搞不懂了。圈内的老人反应比较慢，但会试着去搞懂” 如果你想明白了这两点，想想前一段时间的何一和CZ，你就应该知道，为什么币安是宇宙第一大所，为什么他能屹立不倒。  9，链上交易所这个赛道，的的确确是有弯道超车的机会的。应该不会是什么BOT机器人。这个产品的最终形态是什么样的，我们尚不清楚，但这个东西真正出现的瞬间，就会如同超新星爆发，给CEX交易所的霸权带来冲击和挑战。  至于VC： 10：这一轮牛熊后，还活着的币圈老牌VC，那基本上就很难被打倒了，属于天顶机构，在币圈永远站稳了脚跟。请尊重这些人。  11：投了烂项目的，赶紧和项目方聊一聊，看看有没有路径能拼接上去，产生退出路径吧。  12：我知道市场里没啥东西可以投，有些朋友把目光望向WEB2了。但是投WEB2来币圈做项目的人时请谨慎。他们在项目执行落地中，有的是坑要去跳。而且这样的项目方，他们大多没有归属感和认同感，他们听取了太多“高手”的话，执行起来一坨屎，遇见麻烦的时候想的是坑了VC的钱跑回WEB2。  13：VC不能投MEME，但是可以投MM，可以投阴谋集团。  13.5：多出去旅旅游，旅游不亏钱！要不和我出去旅游去吧。🤣🤣🤣  至于韭菜啊： 14：不要做韭菜，他们生不知为何，死不知因谁。  15：这里叮嘱一点，是我线下讲课的时候发现的。现在太多韭菜，获得信息的渠道只有社区和推特了。 社区里搞抽象的和杂音太多，你们也几乎遇不见真正的大佬了。社区的质量比起1718年差了一百个层级。 推特也不是个好渠道，因为太多垃圾KOL了，你无法辨别KOL到底是什么水平，靠什么赚钱。辨别KOL这个事，就是一个低收益比的事情。  多去思考，多去学习，多去和真正的大佬产生链接，去展现自己！ 币圈之所以伟大，就是因为只要你优秀，你永远有机会触摸到顶层。顶层也永远躬身听取下面的人的声音。 证道通天的“建木之树”，从未被砍断。  16：不要做韭菜，他们生不知为何，死不知因谁。  一些碎碎念的杂谈： 行业基本定型了，机会变少了。很多顶层老板，已经躺平了。中高层的高手们，出于一腔热爱和对人生的追求，依然在发光发热。 和他们聊天，非常开心。因为大家不用聊项目聊合作。大家聊一聊过去干的事，就知道彼此的实力，互相是否靠谱。 K线记录了我们的人生，链接了我们，这是独属于区块链的魅力。  太多新人被杂音干扰去关注一些无意义的项目和KOL了。不过弯路总归是要走的。我也从不鄙视KOL。他们也是生态里的一环，币圈需要他们去吸引散户。 我感到开心的是，遇见了很多优秀的晚辈们，他们即将登上舞台。  私局，晚上喝酒的时候，某老板带了个BD小姑娘，小姑娘一个劲的想去隔壁的局见几个“大佬”。 某老板甩了一句： 隔壁那些“大佬”能带你赚钱吗？你在他们眼里可能只是个长得好看的小女孩，他们要你来可能就是想喝喝酒开开心。  小姑娘有点生气，但没多说什么。我看出他不理解，和她说：“你的工作是维护大客户，你去见那些人是情有可原的，这是你的工作。但你干这个事，本质上赚的是一份工资。因为你这个人，不具有和隔壁那些老板产生链接的能力，你甚至不知道他们哪些是真的老板，哪些有钱”  小姑娘研究生刚刚毕业，似懂非懂的点点头。 我看他，如同观过去的我。  要去变强，变得有价值，用自己的价值去链接他人，产生新的价值，然后慢慢走到更高的生态位。这是在币圈，唯一应该干的事情，唯一的成功路径。  香港大会结束了，行业的焦点、核心和未来，从来不在什么一品鸡煲店里，也从不在夜店KTV，真正的价值只存在于前行者道路的交汇处，他们在咖啡店随便聊几句，确认是对的人，就能碰撞出新的火花，诞生新的价值。
1910384100411859009,Thu Apr 10 17:27:17 +0000 2025,125,32,22,28750,9.3,否,卧槽，卧槽卧槽卧槽卧槽卧槽！ TM的我讲过这么多干货么？ 你这思维导图看的我自己都头皮发麻。 以后不讲干货了，明天开始疯狂灌水！ 怎么TM推特上还有高手，去复盘我整个推特的啊。年轻人是有点意思的。 不闹了…… 我以前在一个传奇老群“大空头”群，那个群里诞生了大量vc和项目方。我在19年年末，把他们所有人的话，大几万条聊天记录，挨个整理了一遍。  我这个号啊，的的确确做的很艰难，从头到尾几乎全是干货，涨粉很慢。是我自己选的。 我作为老牌运营总监，想起个流量号，是分分钟的事情。但我依然选了这条艰苦而正确的路。  可惜的是，我有很多内容，是不可以在推特上讲的，比如《被动做市商篇》，就直接被人按下来不能发。学生们也知道，线下听我讲了很多线上不能说的干货 其实，还有很多东西，线下也没有提到。还有很多执行层的东西，太偏坐庄侧，讲了也没用。  可能下个牛市，我也不在推特了。像我的老前辈一样退休了。 但希望，我的知识啊，对你们有用。 也希望，觉得我知识有用的人，能行的端，做的正，成为一个对行业有用的人。  晚安，币圈。
1963182058878140578,Wed Sep 03 10:07:31 +0000 2025,122,13,59,39975,9.3,否,"《生的龌龊，死的恶心——币圈最垃圾的项目LINEA》 我本以为，在币圈，已经没有什么项目，可以撬开我那坚如磐石的括约肌了，直到我遇见了这个项目里面参着巴豆，巴豆里面加了大粪，大粪里面混合着三分呕吐物七分鲱鱼罐头的玩意——LINEA！！！  我买币是为了大饱口福赚钱的，而不是大饱眼福看你表演当众“飞翔”喷粪的！这项目的战斗力就好像你在吃印度料理，瞬间让你感觉世界上最遥远的距离不是生与死，而是公厕就在你的面前，你的括约肌已经夹不住了！  觉得我低俗？我啥时候当众指名道姓喷过项目？我帮过的项目也有三位数了，这是唯一一个“逆天项目”。我给大家说说他是怎么把每一步都搞废了的！  作为METAMASK的项目，LINEA当时借着L2的叙事和METAMASK的背书，可谓风光无限。他在23年下半年要准备TGE，然后做了一期撸空投的活动给自己的TGE造势，同时拉了30个大项目方支持他的生态建设。  于是你发现第一期LINEA的活动，参与的项目方非常重量级。LINEA承诺给支持他生态的项目方做空投，大项目方纷纷慷慨解囊，踊跃支持——谁早年没用过MEATMASK？？  但你仔细一看，LINEA在奇怪的关键项目上又有自己的小心思，比如他们的DEX，我记不得名字了，是乌拉圭人。乌拉圭人能做DEX吗？他们应该去玩泥巴！DEX作为一个生态的顶梁柱，项目难度是封顶难度，SUI今日的辉煌绝对离不开CETUS，SOL离不开RAY。就这么个重量级位置，自由竞争倒也罢了，给了个乌拉圭人做。 某项目方去要测试币，要了一个星期，他们自己项目的测试币都给不出来！！ 这是LINEA的第一重罪——怠惰！  很快他就放了所有30个顶级项目方的鸽子。因为他要在23年做合规！也不知道哪里来的自信或者是听了谁的忽悠，非要做合规。 同期的L2项目纷纷上线，市场热度明明很好，流动性也不错。他LINEA的TGE活动做的那么好，大项目方鼎力支持，他觉得他行了！要做合规！  然后就没有然后了！  他放了所有30个大项目方鸽子，放了所有撸他LINEA空投的散户的鸽子。 那他合规做的怎么样了呢? 答案是一坨狗屎。我们尚不知他花了多少募资的钱去做合规，我们只知道：他做合规做到，核心创始人都离职了。 不断的拖延，外界的压力，用脚做的决策，23年接近年末的时候，他们团队中的人自己都受不了了，纷纷离职。于是整个项目开始陷入更大的泥沼，不断有新人进团队，努力挣扎过后，再次离职。 这是LINEA的第二重罪——贪婪！  LINEA知道得罪了大项目方，他们第二次自救是铭文热潮之后，当时L2的热度已经快过去，L2叙事几乎被证伪了。哪怕这个时候，你把LINEA发出来，这项目也能落个平稳落地。  他又做了一次LINEA PARK，本质上还是忽悠大家撸空投的奥德赛。@wangduanniao 等撸毛大哥和国内的一些撸毛团队，本着：已经撸了一半了，放弃就变成沉默成本的心态，继续去撸。没错，我也是。我们总觉得他那么大个项目总不能这么离谱吧。  还真就这么离谱。  这次活动离谱到什么程度呢，他找的项目方，现在几乎查无此人。活动设计的不错，但项目和第一次比起来简直是惨不忍睹！比如有一个刚刚进圈的WEB2朋友参与这个活动，里面有一个项目是打通一个类似“黑暗之魂”的游戏，获取NFT。  我那朋友玩过就退圈了，甩下一句话：简直侮辱了游戏，侮辱了WEB2。如果币圈就是这样的东西，那早晚完蛋。这游戏他抓3个手下，1个月做的绝对更好。  整个LINEA PARK，有不少于10个项目，是根本没有办法完成的！对，就是赶鸭子上架，用户发现无法完成这些垃圾项目，这项目就开始修自己的BUG,让大家延期完成。我记得就这样，还有几个项目是最终都无法完成的。  我就不明白了，完成特定链上任务获得积分，这个玩意很难吗？你LINEA从哪里找的一群“大天才”给你在所有人面前拉一坨大的，丢币圈的人脸？ 你不丢币圈的人的脸，我能出来喷你？？？？？？ 这是LINEA第三重罪——傲慢！  撸空投的人都知道，LINEA有两个积分，LXP和LXP—L。这两个积分就是团队内部混乱的最终体现。熟读三盘理论的朋友应该明白，项目方是要卡死积分来发空投，确保自己的抛压的。  但是他做了两次TGE，还不是一个人做的，所有后面那个人只能在前面这堆屎山代码上，退出LXP-L来打补丁。 这也没有问题。  然后他们又又又因为要搞合规！无限制延期了！团队一看，那总不能再做第三次TGE活动吧，第二次已经LOW穿地心了。他们无奈，为了吊住撸毛用户，忽悠大家做质押，质押的越多越久，给的积分越高。  这直接导致LXP和LXP-L的体系崩溃，更加难计算和选择自己想要的真实用户，也同样让撸毛工作室和真实用户痛不欲生！ 那最终结果做的怎么样呢？ 呵呵！ 撸毛工作室有一句调侃的话是：最近以太暴涨，我们能拿住，是因为2年前质押了LINEA………………………………  这项目今天盘前开了，开盘就是俯冲地心。 透支了所有能透支的，做砸了所有能做砸的。四个二带两个王的牌，他硬是能打出一张青眼白龙。  我真的好奇这项目怎么还能上交易所。他为了合规和上所，到底花了多少钱去收拾这摊烂摊子。怕不是投资人拿枪顶在那个要合规的人的天灵盖上，逼着他收拾烂摊子吧！  要喷细节我还能再说道很多这项目极度愚蠢的地方。现在这玩意的基本面已经是人厌狗嫌，得罪了所有能得罪的。他想自救，很简单，开盘之后爆拉10倍，然后再宣布自己已经过了美股ETF。  在我币圈的从业生涯里，拉胯的项目有，他们大多不知道一些细节，犯了经验主义错误。有的不知道渠道，有的不会营销，有的受人欺骗，有的不会市值…… 哪怕是WLFI这样一开始用脚填的数值的项目，也能靠某些地方的特长救回来！ 只有LINEA，死法独一份。 他还站着，还能呼吸，但是一检查，肺癌痔疮骨折甲沟炎心脏病脑血栓一堆病，你都不知道哪个是他的死因。"
1901844927912522087,Tue Mar 18 03:55:40 +0000 2025,142,69,184,39369,9.1,否,这是一条逆天的活动帖子。 本月月底，我将举行“鹿鱼”课第四年线下活动。 我将线下回答，你一切的问题。一切。 去他妈的推特水货 我将把学生们的认知拉高，让他们少走n年弯路 想变强么？想和庄共舞么？想成为项目方么？想成为vc？ 来，我将秉承开源镰刀精神，传播真正的干货。 转发，评论此推特。我将抽取仅仅1名幸运儿，他将获得线下参与的资格。
2074517081215930628,Tue Jul 07 15:33:09 +0000 2026,176,12,26,34548,8.8,否,根据我对人的认知经验。这人是个畜生无疑了。 他的话里，没有正面回应杜均先生的问题。而是采用了大量模糊事实的手法来摘清自己。 1，“本来要150W，你给了50W，剩下的没到账。但是份额是记录的150W”——稍微懂点投行知识的都知道，钱不会是一次性到账的，150W是本来谈好的总投资款，协议里也一定会这么写。人家付了第一期50W，你什么进度都没有，甚至联系不到你人，自然不可能给你打剩下的钱。 李博杰利用这一点，刻意误导大众，营造自己被诈骗的假象。实际上他骗到50W后，什么都没做，连剩下的都懒得骗。在骗子中也算是没格调的。 2，“2024 年 10 月由于我个人家庭原因，不能离开中国大陆，Web3 项目是不合规的，因此我从 Metagent 离职，得到了董事会批准。”———这段话槽点过于密集。我不想一一吐槽。 他写这段话的时候，是被杜均戳了气管子，急了，没想好怎么回复，所以行文之间才能出这种充满槽点的话。大家只需要理解成，是一个骗子被戳穿后，慌乱之间给自己找借口就行。在骗子中也算是蹩脚的。  这个人整体看来，是一个撒谎成性，自我感觉良好的人。再深刻一点可以看出他的路径是，靠着一个人设，去蹭风口骗投资，进而补充自己的人设，再去蹭下一个风口的人。这人最大的特点是对诈骗毫无心理压力，因为他觉得诈骗的钱是他的本事赚来的。 但当你真说他诈骗时，他就会脸红的驳斥你，因为他并不能真的欺骗自己。 这样的人现实生活中，非常善于用人设骗小姑娘上床。不算是渣男，属于混蛋类型。 极端自私，虚伪，但离纯正的坏还差了点距离，能力也不够。属于精致的蠢货。  他一切回复的话，都过不去基础的道理：投资人投你钱，你最差要回复投资人你在干啥，钱哪里去了。要给投资人一个交代。 从人类行为学来说。这人的回复基本做实了杜先生的说法，我也绝对相信他在DEEPSEEK的面试里作弊。 顺便告诉大家，一切走上社会3年后，还在标榜自己是神童，是XX名牌大学毕业的人，都没什么真本事。这一招屡试不爽。 大多数来自知乎的KOL，你们都不要把他当做是个人。知乎最有本事的，是最早的那100个万粉大V，他们之中大概有一半人，虽然不发文章了，但在各自的行业都非常厉害。
1948687136322191450,Fri Jul 25 10:09:52 +0000 2025,68,7,32,19359,8.7,否,我其实今天有点觉得难过。 我最近在重新结合美股走势，读一些关于经济周期的书。我觉得很难受的一点是，很多年轻人，受了很好的教育，但是没有赶上18年的大机会，后面进场很晚，视野很窄。 你说我比那些人聪明很多吗？我其实并不那么觉得。  但没有踩到周期关键节点的人，就是要困难百倍，且路径很容易错误。有一种非常难听的说法：这叫命  越来越多的年轻人，认知逐渐模糊，而且被现实生活所压迫，为了固定工资，放弃了很多机会成本。 17年末我当时身上没有多少钱，看见真格红杉他们有个大佬群可以让人进去，我挤破了头也要进去。  那是17年末，现在才25年啊！  我们也举某“大KOL”的例子。他不就是抓住了某VC大佬抽奖实习的机会吗？也没有工资啊。 我觉得真正可怕的是，现实的压力把很多优秀的年轻人压得必须要个稳定的工作了，他们脑子里的那个思维逻辑一旦变了，这辈子就完了啊……………… 人的机会，就那么几次。  我舅舅前几天和我说了个事情，他说：“你们这一辈人，一定一定要出去造作！出去闯。出去瞎闹！因为我们那辈人，吃饭都难。要养家的。你们这辈人，饿不死啊。不闹不闯怎么会有机会啊”  所以我没有想到那么多人聚焦的点是：你没有工资，你装逼画大饼。  学生们和我说，其实，有些散户可能都不懂什么叫市值管理。 市面上有人教这个吗？ 我换个说法给你听，我教你怎么当庄家，我教你怎么操盘，我教你庄家思维，让你实战。我教你这个金融世界的最底层逻辑和规律。还给你一份按项目抽成的工作。 这个机会，你在推特上一年内看过几次吗？  我觉得，这才几年啊，时代就变了。 你们要怼我的时候，要不要翻翻我推特的置顶文章，看看XHUNT，再张嘴？  一个人，一个命。 这一届的新人们聚焦着MEME，聚焦着那些暴富神话KOL，聚焦着一个个交易员秀单子。 被市场的狂热冲昏了头，失去了思考。没事，每一届都是这样的。 你们不会知道，喊MEME的很多KOL和庄家是一体的。你们不会知道很多交易员的收益单是造假的。 每一届的人，都花了很久去认知整个币圈。 但向上走的路，的确是越来越窄了。  我的学生还和我说了一个点，他们说：现在市场行情不好，很多公司都是打着 intern 的旗号找些免费劳动力打黑工，也不教任何有价值的东西。然后导致整个市场戾气很重。 我觉得可能是吧。  最后，轩哥和我说：zz这个推特既做了话题传播 也做了筛选。 我承认，我作为老运营总监，在最后的用词上用夸张的方法做传播。 但我难过的是：我没想做筛选………… 新人们已经到了看不懂机会的处境里了。 连路径，都模糊了。  没啥想说的了，祝这一届的新人们，少走弯路。 一个人，一个命。 谢谢 你们看我这个老东西唠叨。
1795828350872936865,Wed May 29 14:43:38 +0000 2024,166,48,36,153170,8.3,否,今天来说一说我做运营和市值MM这些年遇见过的神奇项目方，以下情况如有雷同，纯属巧合，只是为了向大家说明世界是一个巨大的草台班子，以及做项目时有各种奇奇怪怪的风险，所以不要乱揣测项目方，很多情况下越揣测亏得越离谱。 隔壁某人都写了，那我也顺手些一篇给大家吐槽一下
1844243293749772656,Thu Oct 10 05:07:20 +0000 2024,48,2,28,9467,8.2,否,这是年末大更新的第0篇文章，基本上是个大纲  先简单说一下下面几个月的计划。 首先，我这个推特号是用硬干货堆积出来的，以后也只会发币圈有门槛的干货类文章。如果你是机构，交易所，项目方，请直接关注我。如果你是想进入币圈工作的散户，也请关注我。 下面一个阶段的大概会跟新如下几个方面的内容： 1，关于做市商这个领域的一些知识，主要免得项目方被一些无良做市商坑害。这一板块也会说一些对交易员有用的知识，比如做市商常用的做市方法。   2，一些MEME相关的研究总结。这一部分面向的是试图制作MEME的庄家，以及金狗猎手。   3，一些运营的方法论和项目复盘，主要面向项目方以及VC，对交易所上币组应该也有点用。  4，对于行业的思考和看法。  5，关于交易者本身的思考和复盘。这部分主要是我从19年起与各类交易员的沟通总结，适合交易员精进自己。  在年底我会尽量去做一期MEME课程，以及做一次面向币圈高知新人的培训课，帮助新进入币圈的高知玩家，迅速找到自己在币圈的定位，学习相应技能。  由于我是摸鱼大师，身上现在还背着几个项目，平时还要做交易，身体还不太好。所以这两个课，先当成可能存在吧。 我其实对MEME课的热情低一点，对币圈新人职业规划课的热情高一点。开交易课是我在这领域够硬，战绩和实力可查，整个币圈谁来了都不能说我的课是垃圾。但我并没有在MEME上暴富，我最多只有4个MEME拿了一百倍，但我的MEME整体胜率很高，加上我做过不少MEME的项目，也算是勉强够资格讲这块。 币圈新人职业规划课就不一样了，做这个事会直接给我带来很多正反馈。我可以请不少业内朋友来给新人讲这个领域。我一直记得，在我很菜的时候，大佬们给了我很多的帮助。 那么，我们开始吧。
2075551702703550529,Fri Jul 10 12:04:22 +0000 2026,49,1,28,22656,7.7,否,我看了半天GATE的瓜，终于有人提到公关工作了。 恕我直言，所有的交易所里面。公关合格的，只有币安和BG。 币安有何一，BG有谢家印。 其他的所有交易所，公关都不及格。甚至某所还有负数公关。 公关从来不是一个人的事情，一般是一个核心人物带领一个公关团队，并且设置一套内部的公关预防体系。 这套成熟的公关体系，应该只有谢家印搞了。 传统行业有很多大厂，公关部也是一坨。但这绝对不代表公关部门没有用。我在2017年，做某大项目的社群运营负责人的时候，就已经设置了成熟的社群防护和公关体系。  有些所和项目方，是没有，不重视公关。 更多的是有这个部门，但公关部和营销部混在一起，职责分配不明确。很多有公关部的，里面大多数人都极其不专业。传统行业的这个部门也充斥着饭桶，好多都是从传统来骗钱骗工资的。 也有些所和项目方，是受制于自己的体系架构，公关部干啥都说服不了自己的“贾国龙”老板，只能混吃等死，冤枉的狠。
1968514441693327604,Thu Sep 18 03:16:30 +0000 2025,48,1,22,13706,7.5,否,我在币圈名声应该算非常非常好了。 合作过的项目方没说过我什么， 学生们也从不说我什么， 我除了懒了点，应该没啥大毛病。 我对自己的定位很明确，我就一手艺人，靠运营，交易，市值和对币圈认知吃饭。 我不割项目方不割学生，甚至对散户都是恨铁不成钢。 妈的我今年真是犯了太岁，我发现骗子kol赚钱太容易了。枪十七们骗钱一骗一个准。 给我破防了。
2040390776891588618,Sat Apr 04 11:27:24 +0000 2026,34,3,8,8695,7.3,否,《Z币圈从业反思系列——如何提高交易所流动性》非币安的交易所为什么流动性差，储备资金少，这其实是一个复杂原因。想解开这个题，主要要靠双管齐下： 既：向上，吸引业内优秀被动和主动MM。 向下，需要优质高控自家资产为核心，社区为辅助的营销组合策略。 而不是天天发一堆杂七杂八的项目收人家上币费，更不是一天天的推出各种稀奇古怪的产品，内卷到无边无际的产品开发。你们那些个产品十个里面八个伪需求，1.5个能对客户有点用，只有0.5个能迸发出新的结构性能量。DEFI，GAMEFI，NFT，铭文，这些哪个是交易所自己掀起来的产品风暴？对交易所而言，保持产品部门的高效性，能第一时间COPY和改进产品就行了。这块OKX是做的最好的。@star_okx @Haiteng_okx   @mia_okx  回归主题 向上这块，首先要和大量量化机构/被动/主动MM机构产生合作。引入更头部的机构，甚至是传统机构。先用交易所自己家的资金支持绝大部分币种的规模化做市，bootstrapping流动性。 量化和被动追求的是spread + rebate，也就是稳定可预测的盈利，他们不喜欢风险，完全是算法驱动。 那么交易所就必须降低成本、提供基础设施、绑定KPI激励，形成“交易所给平台，他们给深度”的正循环。  最核心的是Maker Rebate + Fee结构，但是这基本上被玩烂了。舍不着孩子套不住狼，各位非币安交易所自己衡量哈，我也没有好的解法。 另外很少提的一点是，技术与基础设施支持其实是非常重要的。不要以为你们交易所给的已经很好了。其实绝大多数情况都是量化/被动/主动（以下简称御三家），自己做了适配。  我举个简单例子。MEME热潮时，很多狗屎平台请我和团队去支持项目。那么对我而言，我必须针对这些不同平台的规则实际测验一两次后，改良我的MM工具。我们很希望这部分是平台提供，但从未有平台意识到这点。 御三家和交易所的对接也是一个道理。但凡交易所把基建和技术支持给好点，哪怕Maker Rebate + Fee给我菜点我也接受。 这属于是很少人意识到的，双方诉求不适配，磨合成本太大。大量御三家做惯了一家交易所，就很懒得去搞别家。  有很多交易所试过Maker Rebate + Fee加上结构化MM程序 + KPI绑定。比如要求±1%深度≥X万美元，价差<0.05%，报价上线率>99%等等指标，达标就给rebates + 额外奖励。其实是没错的。但很容易被小的御三家薅羊毛。久而久之，大家对这种活动也就倦怠了。 完全从交易所的角度来说，可以试着先给顶级量化和被动MM独家 retainer 3-6个月，快速建立流动性护城河。  对了，记得给御三家说清楚你们的信誉和赔付能力。因为对于御三家而言，最大的风险来自于交易所本身。说清楚你的赔付能力和风险应对，御三家才敢放大规模资金。这也是我认为小所弯道超车的重点之一。 FTX怎么死的？嗯?  向下，建议做到高控自家资产为核心，社区为辅助的营销组合策略。实在不行，至少做到交易所配合核心优质项目方，让御三家进行深度合作。 这一块做的最好的目前看下来是BG。@bitget @xiejiayinBitget   我说一个细节。大量的流量其实并不来源于KOL。甚至很多KOL自己都不知道自己的流量哪里来的。真正的流量，来源于社群。 真是丢人丢到姥姥家了，这个牛市里，我没有看见任何人在推特上讨论币圈社区要怎么建设。大多数交易所只注重KOL，有多少粉丝，有多少影响力。币圈最好的一篇写社群的文章还是我前年发的，是我19年就总结完的。 币圈的社群在这两年的结构变化，是完全值得大家去做研究的。 这就说明，大多数交易所，并不知道真实流量来自哪里或者过于高估KOL和社区的连接性。交易所从业人员不够下沉，不能触达底层社群。脱离群众，脱离真实买盘了。  这里BG做的好的是，BG的大会上，BG把很大的权重给了社群的老大们。他们直接和社群合作，倾听社群声音。由此，他们捕捉到了真实买盘对于项目的核心要求。  假设，你交易所有N个核心社群，你联合主动MM，给一个你高度合作高度可控且CEO脑子里没有大便的项目方予以支持，这项目是一定会成功，而且有破圈效应的。  流动性是“鸡生蛋、蛋生鸡”： 先有深度→吸引用户/交易量→更多MM进来→更深流动性。 那你拿什么吸引用户和交易量？很多MM一看你交易所那个垃圾交易量，别说被动和量化了，大户看了直摇头，那钱可不就被虹吸效应去了大所吗？ 由下而上，用优质项目把握社群，才能做到吸引用户的交易量。由上而下，交易所和御三家深度合作才能提高流动性。 两者结合，才能产生正向飞轮。  这篇文章我画30分钟吃饭前随手写的，可以衍生的地方很多，推特上不适合再说。乱就乱了点，交易所的各位凑合着看。 提高交易所流动性的问题，我在去年被3-4个交易所的不同部门的人问过，这个问题的难点在： 1，大多数所的工作人员陷入了自己的舒适区，失去对行业的敏锐洞察能力和总结能力。 2，很多所受制于合规限制，过于束手束脚。大哥，你上的那些个项目，有几个是真有本事的？哪怕你独家上的，跌成屎了之后，散户照样骂的是项目方和交易所。币圈是以项目方为核心的地方，交易所其实应该站在散户那边，维护散户。 3，交易所是一个多部门协作的机构，各部门之间利益并不一致，认知也不统一，官僚阶级在上一个牛市里有增无减。很多事情的正解，所内知道，就是推不动！币圈交易所里失去了17年那种专业能力极强的人，也失去了赖以起家的扁平化，高效化。  孩子们问我啥时候牛市会来。我和他们说：我进了一个群，是币圈被裁员后互助找工作的群。这个群里的人死光光了，这个群不吱声了，牛市就来了。
1816772747256824017,Fri Jul 26 09:49:11 +0000 2024,58,11,8,44106,7.2,否,借着前两天Irene Zhao那个蠢事，我来给大家说一说我做运营和市值MM这些年遇见过的项目方神奇翻车现场，以下情况如有雷同，纯属巧合，只是为了向大家说明世界是一个巨大的草台班子，以及做项目时有各种奇奇怪怪的风险。这是第二篇，第一篇请参考https://t.co/Ipml43EtWJ
2083581992516415604,Sat Aug 01 15:53:52 +0000 2026,37,2,60,6952,7.1,否,我刚刚为了写课件，打开了自己很久不用的移动硬盘。 发现了一堆恐怖的玩意。 比如：抹茶的融资计划书，宇宙大所币安的某部门成立报告，钱包的一套代码，各种社群资料，传奇社区的所有聊天记录，一堆项目的白皮书，基金的各种资料和数据，数字产品的全套设计流程，某交易所的成立物料…………………… 我把这些东西就乱扔在电脑桌面上，然后每次换电脑的时候直接拷走了桌面文档，从17年一直到现在。 汗流浃背了……我所有的工作文件，项目文件居然真的全在。我自己都不知道有这么多。 我草，我要先归类一下，然后找AI给我总结一下，我感觉能出不少大宝贝。
1904544618387210451,Tue Mar 25 14:43:16 +0000 2025,72,17,30,20996,6.7,否,今晚给某VC的实习生们讲了这个。 加上前两天提到KOL的事情 说实话，KOL在我这里，真的就是最基础的能力。 19年的时候，我这个文章就写好了，当时在车库咖啡，线下讲给项目方听。后来还给火币的运营组讲过。 社区，KOL，一切的骨架就在这里。 救赎之道，就在其中
2070823406447051064,Sat Jun 27 10:55:48 +0000 2026,47,2,15,8319,6.7,否,我可太喜欢币安太子了。 究极智商筛选器。 不仅筛选散户，而且筛选kol。 他还忠实的履行自己吸引圈内外韭菜的生态定位。 太子不愧是太子！我支持太子接管所有交易所！ https://t.co/hz7n38vAsC
1941521880026091530,Sat Jul 05 15:37:42 +0000 2025,19,3,10,8567,6.6,否,不用焦虑。徐老板这段话就是一个大型免责声明。 OKX一直在致力于合规。所以你们会发现OKX这一轮牛市除了钱包部门，别的部门都没有什么大声音，尤其是LISTING做的非常谨慎小心。 项目方如果联系过OK的上币组就知道了，要审查的内定非常多。 散户不用特别担心这些合规的事情。静静等待徐老板把OKX的合规完全搞定，整个OKX就会如同战争机器一样启动，给散户带来源源不断的利好。
1853408164269715824,Mon Nov 04 12:05:15 +0000 2024,23,7,10,9545,6.3,否,今年年中讲交易课的时候，KUDAO报了我的班，但我和他打了个半小时的电话，让他回去沉下心好好做交易就行。他已经从胡子那边入门，只是差积累后的量变产生质变 今天从深圳飞过来见我，说要做人生中的第一个项目。希望今天给你的建议，能帮你扫清障碍 祝你好运，你不再是散户了，你是，新的项目方
2084247584454123846,Mon Aug 03 11:58:42 +0000 2026,48,1,72,8861,6.2,否,没救了。 如果是公关部门和运营部门发的这篇，建议立刻开除！ 如果是更高的人下决策的。 傲慢是死罪！ 这篇文章可以纳入币圈历史上反面公关的前三了！ 已经完全站在用户的对立面。
2084998222851068364,Wed Aug 05 13:41:28 +0000 2026,11,0,0,884,6.2,否,我的执行层经验是，这样的项目方非常难以沟通，对技术过于痴迷，认为技术好就会有人来买。哪怕没有这个理念，他们对于其他的方面，也都是毛皮知识，运营，社区，筹码分配，上所路线，公关等等一些列后续，几乎任何一个环节都容易翻车。这类人同时还存在用人问题，很容易被骗子忽悠。 这类人最大的死穴是：傲慢。 这类人的项目通常花光投资人的钱，最终也想不明白自己哪一个地方出了问题。  我现在看见这种就不想聊。
1886691193628549378,Tue Feb 04 08:20:08 +0000 2025,74,4,38,80108,5.2,否,吴说简直是被吊起来暴打。 dovey赚钱是应该的 她今天表现出的这个水平，碾碎了市场上百分之99.99的项目方老大。
2042285276454928473,Thu Apr 09 16:55:28 +0000 2026,49,0,12,21189,5.2,否,我真受不了了。 我要是某交易所的运营和公关，我整个人能气的疯掉。
2080214490000535912,Thu Jul 23 08:52:37 +0000 2026,13,0,4,3519,4.4,否,我最喜欢的交易所………………………… 好多传奇交易员，都来自这里。 谢谢你们！ 谢谢！
