id,date,jev_domain,jev_domain_name,jev_depth,jev_is_substantive,jev_has_rule,is_mental_model,is_featured,likes,retweets,replies,views,text,images_count,local_images,url
2067162038552694865,2026-06-17 08:26:50,macro_cycle,宏观周期,2.37,0.96,0.01,🧠 核心思维,⭐ JEV精选,0,0,0,0,"都说被锁在外面的几十亿人才是代币化股票的真实市场。

阿根廷人想买SPY，尼日利亚人想买NVDA，土耳其人想持有美元资产，中国人想配置海外资产。美国vc问“谁会买tokenized stocks”，其实是在问“为什么不用Robinhood”。

可这几十亿人压根没法用robinhood

我觉得这个结论是对的，但是只对一半

他们很多时候要的其实是美元，股票只是个顺手能买到的壳。

过去几年真正爆的是稳定币和链上国债，股票这层一直不温不火。

但这反而让我越想越在意另一件事。

2009年crypto的梦是绕开银行、绕开美元、绕开华尔街、绕开主权。2026年最成功的crypto产品，清一色在帮全球更多人持有美国资产。

很多人管这叫tradfi上链，但真正在发生的，是crypto变成了美元体系的新分销渠道。

最骚的是美国现在不拦了，反手给稳定币立法开绿灯。因为华盛顿想明白了，链上美元和链上国债是它最好的出口渠道，铺进了资本管制和银行进不去的地方。当年想干掉帝国的那套去中心化轨道，成了帝国最高效的运货车。

所以哪天几十亿人是通过钱包、不是券商进入美国资本市场。

这到底算crypto赢了，还是美元赢了？

我倾向后者，但也可能我太悲观。",0,,https://x.com/Michael_Liu93/status/2067162038552694865
2083230993058848781,2026-07-31 16:39:07,macro_cycle,宏观周期,2.09,0.94,0.11,🧠 核心思维,⭐ JEV精选,137,8,22,149598,刚又把早上出掉的存储仓位捡回来一些，这次仓位开了不到昨天的一半。逻辑是，我的判断是这个位置虽然没昨天博反弹的交易setup这么清晰，但如果昨天是阶段大底的观点不变（利空出尽，悬着的财报季和fomc均已落地，最大的多头杠杆清掉，市场情绪出现拐点），一天40%的反弹，开盘回调十几个点让获利盘和套,0,,https://x.com/Michael_Liu93/status/2083230993058848781
2074101707236430271,2026-07-06 12:02:36,macro_cycle,宏观周期,2.09,0.9,0.04,🧠 核心思维,⭐ JEV精选,42,4,17,31690,"回应一下第一个点，虽然不是说这种技术指标就该刻舟求剑，但就结果上看，因为这轮宏观没有放水，BTC周期顶部确实没有不是hype顶。

图一是月线RSI
图二是MVRV

可以参考前几轮的看一下 https://t.co/KlFegIaRAb",2,images/2074101707236430271_0.png;images/2074101707236430271_1.jpg,https://x.com/Michael_Liu93/status/2074101707236430271
1966856206410285391,2025-09-13 13:27:16,macro_cycle,宏观周期,2.06,0.82,0.05,🧠 核心思维,⭐ JEV精选,297,41,52,65991,"这周没好友来访，得了个清净的周六晚上盯盯盘整理下思路，趁着最近大家讨论降息后的仓位管理，也聊聊我对降息后市的看法是什么，以及我的操作。

先聊聊事实：
咱们刻舟求个剑，整理了一下过去50年共11轮美元降息周期里，降息后标普500的1个月、3个月、12个月表现（加密货币会跟着美股走）： https://t.co/32XTQ5I0wX",2,images/1966856206410285391_0.png;images/1966856206410285391_1.png,https://x.com/Michael_Liu93/status/1966856206410285391
2030794133833650360,2026-03-08 23:53:46,macro_cycle,宏观周期,2.05,0.91,0.03,,⭐ JEV精选,237,45,42,120671,"唉，石油今天开盘直接刺了21%，历史上石油到最后冲刺阶段都是美股大暴跌的开始

油价高&gt;通胀高&gt;无法降息甚至要加息控通胀&gt;企业利润受挤压&gt;裁员&gt;经济更差&gt;但又因为高通胀无法降息救经济

美联储有两个使命
1. ‌保证最大可持续就业（控失业率）
2. 保证价格稳定（控通胀） https://t.co/rUvyiwXj3t",1,images/2030794133833650360_0.png,https://x.com/Michael_Liu93/status/2030794133833650360
1997399261177384960,2025-12-06 20:14:28,macro_cycle,宏观周期,2.04,0.89,0.04,🧠 核心思维,⭐ JEV精选,52,6,8,12076,@bitfool1 说来如果是一个长期的bet，为啥要在降息周期初买usdc呢，他的利润只会越来越少，美股投资人是不会去拿P/发行量给usdc估值的，而如果又是个多头垄断的市场，usdt上市后，usdc会有明显的估值折扣。而如果你赌的是crypto市场后面仍是牛市，那为什么买的是circle而不是coinbase（牛市里交易量的增量一定是,0,,https://x.com/Michael_Liu93/status/1997399261177384960
2034616876274508111,2026-03-19 13:03:59,macro_cycle,宏观周期,2.01,0.87,0.04,,⭐ JEV精选,2,0,1,418,"@0xmao_eth 为什么要加呢？这个btc yield的飞轮是对应普通股有premium去买btc才是“划算”啊。

如果债也算，理论上你也可以说要做一个无限举债买btc的公司，只要利息低于btc每年的价格增长这家公司就不可能破产。但这你觉得说得通吗？",0,,https://x.com/Michael_Liu93/status/2034616876274508111
2082798877707792691,2026-07-30 12:02:03,macro_cycle,宏观周期,2.0,0.94,0.39,🧠 核心思维,⭐ JEV精选,132,11,28,95686,"反弹逻辑是什么？
几个hyperscaler财报都出了，不减capex不影响基本面。美联储会议落地，短期利好，虽然7月没加意味着9月加息概率大，但还是给8月初资金冲一波的时间。韩国那边开始讨论如何救市了。sk会长刚抄底海力士了。价格还可以，前低止损位也很清晰。",0,,https://x.com/Michael_Liu93/status/2082798877707792691
2021136494493389027,2026-02-10 08:17:45,macro_cycle,宏观周期,1.96,0.89,0.03,🧠 核心思维,⭐ JEV精选,35,1,0,4604,@Vida_BWE 牛市的时候容易募资，不好出手，熊市的时候难募资，但好出手，华人基金募资大多只能募个两三年duration的基金，LP都不是北美那种耐心钱，道理gp们都懂，但如果牛市募到钱一直等机会，可能没等到机会，基金就要到期了，还不如赌一波，反正不是自己的钱。所以要想赚周期的钱，不能做crypto基金的LP😅,0,,https://x.com/Michael_Liu93/status/2021136494493389027
2042402998954180716,2026-04-10 00:43:15,macro_cycle,宏观周期,1.96,0.9,0.03,,⭐ JEV精选,10,0,0,2877,@Jason23818126 有可能，但是美股那边有走独立行情，而且crypto股票普遍比crypto资产早见顶也早见底（美股资金对流动性敏感多了），可以参考看一下上轮的mstr。,0,,https://x.com/Michael_Liu93/status/2042402998954180716
2082534074544202135,2026-07-29 18:29:49,macro_cycle,宏观周期,1.95,0.91,0.03,🧠 核心思维,⭐ JEV精选,176,3,72,63990,不觉得没加息是好事，刚还在跟朋友说，希望这次加息，这次没加意味着8月就要博弈9月要不要加息了，市场预期今年至少一次的话，这个月不加，9月概率就会大很多，靴子没落地前风险资产都很难冲的动。,0,,https://x.com/Michael_Liu93/status/2082534074544202135
1937085039441072230,2025-06-23 09:47:17,macro_cycle,宏观周期,1.95,0.81,0.02,,⭐ JEV精选,4,0,3,8802,@CryptoDevinL 不过这么一打仗外部不是更不愿意买美债而去买黄金了吗，中东打仗石油价格增长让通货膨胀继续涨，一方面要印更多钱贬值货币，一方面国内又得维持高利息控通胀，还款利息更贵了😂,0,,https://x.com/Michael_Liu93/status/1937085039441072230
1836734143352471698,2024-09-19 11:48:39,macro_cycle,宏观周期,1.95,0.87,0.03,🧠 核心思维,⭐ JEV精选,2,0,1,854,@memetodamars 加息前期fed的第一目的是控制通胀，而控制通胀最核心的就是预期管理（所以powell每次都要说我们坚定要控制到2%才收手，因为如果他说3%也可以，那市场一定就会往3%去预期，而不是2%，这样通胀就控制不好了），所以他在这个阶段的发言通常是很鹰派的，他一说话市场就跌。但是到了降息周期，通胀控制的差,0,,https://x.com/Michael_Liu93/status/1836734143352471698
2082832940070035555,2026-07-30 14:17:24,macro_cycle,宏观周期,1.94,0.84,0.02,,⭐ JEV精选,22,1,3,2478,@antifomo0407 我不觉得会回新高了，之前新高是在杠杆拉满+全民allin+没有套牢盘的条件下出来的，现在杠杆率不可能再这么高，也全是套牢盘。,0,,https://x.com/Michael_Liu93/status/2082832940070035555
2032346031581774308,2026-03-13 06:40:27,macro_cycle,宏观周期,1.93,0.89,0.04,🧠 核心思维,⭐ JEV精选,750,152,347,442721,"说个观点，贵金属这轮的上涨周期结束了，白银已经结束，黄金再延续个半年也结束了

逻辑：有个在任何市场里去观察周期的好方法，就是去找到那个赛道里的龙头和龙二，然后去看他们的汇率对的变化，龙二/龙一的汇率对是周期的量尺

牛初到牛中：龙头涨
牛中：龙二开始补涨 https://t.co/OTbPLOZLwZ",2,images/2032346031581774308_0.jpg;images/2032346031581774308_1.jpg,https://x.com/Michael_Liu93/status/2032346031581774308
2008376200763506903,2026-01-06 03:12:54,macro_cycle,宏观周期,1.93,0.85,0.03,,⭐ JEV精选,171,22,54,46840,"Ray Dalio对2025年资本市场的总结，非常值得读一下，摘几个我觉得最有价值的信息点。

 - 美股虽在2025年上涨18%，但“相对表现”很差。跑输了黄金47%，跑输欧洲市场23%，跑输中国市场21%，跑输英国市场19%，跑输日本市场10%。

-",0,,https://x.com/Michael_Liu93/status/2008376200763506903
1821413919346577439,2024-08-08 05:11:33,macro_cycle,宏观周期,1.93,0.87,0.01,,⭐ JEV精选,13,4,4,4335,大家骂交易所和vc顶估值顶的太高，但这就是一个市场资本侧越来越“成熟”或者叫内卷的特征，一级基金募资募的多了，投资人们也有投资压力，项目侧有共识的好项目又少，那就有项目出来募资的时候，vc们互相顶估值抢项目，顶融资额咯。国内前几年的一级市场何尝不是这样，最后能上二级的寥寥无几，上了的也 https://t.co/LHJshMnl6A,1,images/1821413919346577439_0.jpg,https://x.com/Michael_Liu93/status/1821413919346577439
1990131307477979242,2025-11-16 18:54:13,macro_cycle,宏观周期,1.92,0.79,0.02,,⭐ JEV精选,15,0,1,8317,@jiating1111 我觉得恐慌指数去刻舟求剑参考度不大，那个因子很多都是非常主观的，比如survey和社交媒体，占了30%的比重。上轮再怎么跌，大家总体还是乐观的，这轮大家就没乐观过。,0,,https://x.com/Michael_Liu93/status/1990131307477979242
1988934308208472499,2025-11-13 11:37:46,macro_cycle,宏观周期,1.91,0.68,0.03,,⭐ JEV精选,366,60,56,246564,"今天被这篇刷屏了
其实，上轮牛顶的时候也是这样的，BTC从69000跌到45000了，美股那边都还很稳，然后美股撑不住开始下跌，送BTC去了16000
背后的部分解释在引用的推文里 https://t.co/IFNpjrm6XD",2,images/1988934308208472499_0.png;images/1988934308208472499_1.png,https://x.com/Michael_Liu93/status/1988934308208472499
1908247853052682269,2025-04-04 19:58:36,macro_cycle,宏观周期,1.91,0.87,0.04,🧠 核心思维,⭐ JEV精选,366,40,55,216888,"为什么今天美股大跌而加密货币不跌？

因为，贸易战主要影响的是美股，不是加密货币（arguably对加密货币反而是好事）

但，之后一周通常加密货币会补跌，因为当一些股票跌到了更合适的位置，投资人会选择将crypto的仓位换到美股去",0,,https://x.com/Michael_Liu93/status/1908247853052682269
1899404992982995115,2025-03-11 10:20:14,macro_cycle,宏观周期,1.91,0.92,0.03,🧠 核心思维,⭐ JEV精选,327,55,114,266794,"简单说一下我现阶段对后市仍然偏看空的逻辑链吧。
1. 首先咱们得有个共识：“币圈资产是跟着美股走的，所有币圈资产能涨的前提一定是：美股能重新站稳脚跟，并开启上攻”

2. 美股在现阶段”能站稳将跟，并开启上攻”的前提有且只有一个：“开启放水”（别提AI革命和Trump利好了，早都博弈完了）

3. https://t.co/4Ck0QzbXgC",1,images/1899404992982995115_0.jpg,https://x.com/Michael_Liu93/status/1899404992982995115
2069116453295685799,2026-06-22 17:52:59,macro_cycle,宏观周期,1.91,0.89,0.03,,⭐ JEV精选,79,3,1,15912,美股的资金比币圈的敏锐多了，如果有不及预期，不会等到业绩落地再跌的。（参考去年MSTR和BTC的价格顶，美股的资金早跑了，币圈的晚了三四个月）,0,,https://x.com/Michael_Liu93/status/2069116453295685799
2083124885698818545,2026-07-31 09:37:29,macro_cycle,宏观周期,1.91,0.88,0.04,🧠 核心思维,⭐ JEV精选,4,0,1,591,@kngzhjngji21338 社长买股票（利好），韩国政府不让做空的救市方法都出来了（利好），fomc落地不加息（利好），财报也全都出来了，capex不减反增（利好）。如果有这些利好还是砸到850，那么850赌反转的逻辑又是什么？是否有昨天赌反转的利好逻辑这么硬？,0,,https://x.com/Michael_Liu93/status/2083124885698818545
2089075345693839374,2026-08-16 19:42:30,macro_cycle,宏观周期,1.9,0.89,0.03,,⭐ JEV精选,180,26,24,63412,"尝试做个预测（想法有改变会update），我觉得q4美股不会特别好，尤其是科技板块，主要是两个不确定性。

一个是加息的不确定性，今年市场仍然price in至少一次加息，上次没加，那么下次加息的概率就大了很多。其实落地还好，就怕铁靴一直不落地。",0,,https://x.com/Michael_Liu93/status/2089075345693839374
2028378528002273721,2026-03-02 07:55:01,macro_cycle,宏观周期,1.9,0.87,0.14,🧠 核心思维,⭐ JEV精选,68,4,17,21452,"我的答案，选择的优先级是：能留存下来&gt;流动性&gt;保值，基于这个原则：
- 美国的房产必须处置掉，打起来中国人在美房产大概率会被没收，中国核心城市无居住需求也处置掉（虽战时核心地产会抗通胀，但如是毁灭性战争房产都没意义）
-",0,,https://x.com/Michael_Liu93/status/2028378528002273721
2001158038468878536,2025-12-17 05:10:30,macro_cycle,宏观周期,1.89,0.91,0.11,🧠 核心思维,⭐ JEV精选,181,9,68,74407,"虽然我大多数时候也是E卫兵，但这轮ETH上涨的逻辑已经彻底结束了，这波上涨完全由DAT驱动，而回头看9月份Eth DAT削平溢价开始变折扣的时候就是最好的卖点，我的主流币也都在降息前后跑完了。

这个时候说抄底Eth，就像一个meme币车头们都套牢且没钱补仓了，还希望能喊韭菜们买起来一样，很难自救了。 https://t.co/6Ue0L9UmlP",1,images/2001158038468878536_0.jpg,https://x.com/Michael_Liu93/status/2001158038468878536
1877290375250927952,2025-01-09 09:44:38,macro_cycle,宏观周期,1.89,0.87,0.02,🧠 核心思维,⭐ JEV精选,3,0,1,2351,@csc12313 @wolfyxbt 咋说呢 我是觉得山寨币本身就没什么周期理论，都是跟随流动性周期在走的。Btc其实在19年之后就一直跟着美股走了，ETF通过后这个现象更明显了。,0,,https://x.com/Michael_Liu93/status/1877290375250927952
2033326978334671061,2026-03-15 23:38:23,macro_cycle,宏观周期,1.86,0.94,0.54,🧠 核心思维,⭐ JEV精选,160,13,49,60101,这个月继续看反弹，等什么时候推特开始刷到60000和1700就是这轮btc和eth的周期底的时候就可以都出了。我的观点是，这波btc类似上轮33000-47000的反弹，eth清杠杆的速度稍微更快一些，但也还远没到周期底，就算周期底到了，还要底部再磨4-6个月，还早。 https://t.co/eNPyQVWrVP,1,images/2033326978334671061_0.png,https://x.com/Michael_Liu93/status/2033326978334671061
2053944327890714952,2026-05-11 21:04:22,macro_cycle,宏观周期,1.86,0.83,0.07,,⭐ JEV精选,65,0,4,30538,等我白银空，快了，睡觉去了，开了说、估计90左右吧，主要还是看石油什么时候触底（最近跟贵金属基本完全反着走），我觉得中美谈判应该是一个转折点,0,,https://x.com/Michael_Liu93/status/2053944327890714952
1979141764801077568,2025-10-17 11:05:42,macro_cycle,宏观周期,1.85,0.92,0.12,🧠 核心思维,⭐ JEV精选,187,11,29,132865,还是这个判断，主流谨慎抄，情绪上刚开始，降息那会儿发过一篇帖子，降息前后为了避险我的主流长期仓位就清的差不多了，一直在等降息后能出现一颗可以把市场杠杆降下来的雷，再迎接大放水后的暴涨，看起来美股市场也开始了，再等等看。,0,,https://x.com/Michael_Liu93/status/1979141764801077568
2042376487089885694,2026-04-09 22:57:54,macro_cycle,宏观周期,1.85,0.68,0.02,,⭐ JEV精选,17,0,2,8325,我其实没特别明白为什么不让给利息收入就被解读成这么大的利空，这不是从根源上解决了发行商直接下场打补贴战的可能吗。,0,,https://x.com/Michael_Liu93/status/2042376487089885694
1991751674315305293,2025-11-21 06:12:58,macro_cycle,宏观周期,1.83,0.79,0.02,🧠 核心思维,⭐ JEV精选,31,1,6,11169,"@follow_clues 我觉得早晚有一天会爆的，当btc涨不动了，债权人选择不convert而是要回本金，mstr被迫卖btc砸盘还债，砸出来的资金不够偿还。然后boom。

不过这轮周期应该看不到了",0,,https://x.com/Michael_Liu93/status/1991751674315305293
2047199262375895045,2026-04-23 06:21:53,macro_cycle,宏观周期,1.82,0.81,0.02,🧠 核心思维,⭐ JEV精选,153,14,53,59489,最近对MSTR越来越担心，大家有没有感觉现在全市场都在盯着微策略的新融资了？上轮周期还有各种利好预期吊着，ETF，加密总统，SEC法案等等。这轮btc全靠着MSTR融资撑着，MSTR的买盘又都是“债市”融来的资金。,0,,https://x.com/Michael_Liu93/status/2047199262375895045
1907277459827126366,2025-04-02 03:42:36,macro_cycle,宏观周期,1.81,0.9,0.04,,⭐ JEV精选,343,47,85,330797,"市场已经进入绝望时刻了，链上崩完了，二级山寨也崩完了，下一步就该到核心资产了，美股如果继续往下走，btc也会崩。

市场是预期的奴隶，就像当市场在预期上币安时，币会涨，当真的上了币安，就是利好落地，前面预期上币安才买入的交易者就会在上了币安以后疯狂浇给，因为不再有新的利好被预期。",0,,https://x.com/Michael_Liu93/status/1907277459827126366
2049406510393155713,2026-04-29 08:32:42,macro_cycle,宏观周期,1.78,0.77,0.02,🧠 核心思维,⭐ JEV精选,91,3,34,19589,刚跟朋友聊到一个话题，原油一直是一个我很不喜欢交易的标的，主要是价格走势很不“干净”，这个资产全是消息和内幕驱动，所以很多时候你会看到盘面跌和涨的有些莫名其妙，散户在这个市场里没有优势，跟你博弈的都是信息比你多甚至能制造信息的，全是神仙打架。举个例子，昨天uae退出opec这种大利空出来,0,,https://x.com/Michael_Liu93/status/2049406510393155713
2100189692952260611,2026-09-16 11:46:57,macro_cycle,宏观周期,1.78,0.91,0.02,,⭐ JEV精选,0,2102,0,1763,"With CLARITY stalled, I expect the SEC, CFTC, and Treasury to advance rules under existing law, banks to expand Bitcoin custody and loans against it, and more capital to favor Bitcoin and digital credit. GENIUS supports stablecoin adoption. Progress need not wait for Congress.",0,,https://x.com/Michael_Liu93/status/2100189692952260611
2077384251188924584,2026-07-15 13:26:16,macro_cycle,宏观周期,1.77,0.93,0.07,🧠 核心思维,⭐ JEV精选,246,24,106,75229,"crypto七八月继续看反弹，然后九十月可能再来个最后一跌，不过不确定有没有，更不确定驱动的事件会是什么。

最近的策略都是短线做做存储的反弹，观望下贵金属，然后逢低抄底crypto的蓝筹资产的现货，现在就是四年一次的建仓期，有三个月左右的时间窗口，记得把握好

这轮的蓝筹资产并不多，不至于挑花眼
币：btc eth hype
股：mstr crcl coin hood

每个对应的风险和盈亏比也不一样，自己判断更喜欢哪个，哪个的波动更适合自己的交易风格吧。",0,,https://x.com/Michael_Liu93/status/2077384251188924584
2087147248006336825,2026-08-11 12:00:55,macro_cycle,宏观周期,1.77,0.75,0.02,🧠 核心思维,⭐ JEV精选,3,0,1,1746,@ah1n1l 我对coinbase的交易所业务不感兴趣，可以看下过去5年的收入你就理解我的意思了，crypto交易所业务已经到顶，一轮周期了去年收入都没超过21年。,0,,https://x.com/Michael_Liu93/status/2087147248006336825
2094628905634468091,2026-09-01 03:30:22,macro_cycle,宏观周期,1.76,0.9,0.04,🧠 核心思维,⭐ JEV精选,343,52,62,103933,"如果你是一个只看“基本面”的投资人，你大概率不太适合在crypto行业做投资，因为这个行业的基本面都是由“流动性”定义的，而流动性又是极具周期性且能很快变化的。

回到2022年，coinbase和robinhood这两个上轮表现最好的币股标的，都不会是你会选择抄底的机会。 https://t.co/fZxfn1bJGq",3,images/2094628905634468091_0.jpg;images/2094628905634468091_1.jpg;images/2094628905634468091_2.jpg,https://x.com/Michael_Liu93/status/2094628905634468091
2079736677418009085,2026-07-22 01:13:58,macro_cycle,宏观周期,1.75,0.94,0.03,🧠 核心思维,⭐ JEV精选,276,35,28,71043,最近两年在做跨市场交易，愈发理解投资得“从上到下”的做，就是你得先能够找到Beta，才能去试图找Alpha。说的更简单些，你得先在对的时间点，找到那个能起势的板块/赛道，再去找这个板块中能带来超额收益的公司/标的，择时和赛道的重要性远超单一标的的选择，而大部分社交媒体的讨论则都放在了后者。,0,,https://x.com/Michael_Liu93/status/2079736677418009085
1988074917594886447,2025-11-11 02:42:51,macro_cycle,宏观周期,1.75,0.73,0.02,,⭐ JEV精选,223,13,60,124345,"最近市场确实是互道傻逼的时候，很多我觉得牛逼的交易员也在互道傻逼，但看多和看空的观点确实都很充分。

看多观点
- 政府停摆结束
- 山寨10.11清算，控筹进一步提升，老山寨庄都开始拉盘了
- qt结束了
- 特朗普可能要每人撒2000u的关税补贴
- 美股嗨的飞起

看空观点
-",0,,https://x.com/Michael_Liu93/status/1988074917594886447
2074535867201544332,2026-07-07 16:47:48,macro_cycle,宏观周期,1.75,0.84,0.03,,⭐ JEV精选,142,14,44,75151,"存储这跌法黄金和白银上你们应该见过啊，各大央行买入黄金最多，对白银工业需求量最高时贵金属见顶，直接一周跌去30-40%，之后就是漫长的lower high一路跌下去。

放到存储上没什么不一样，就是花钱建ai infra的开始没这么急了，生产存储的开始扩产能了，存储商品价格开始走下坡路了呗。",0,,https://x.com/Michael_Liu93/status/2074535867201544332
1835582675387928926,2024-09-16 07:33:07,macro_cycle,宏观周期,1.74,0.79,0.03,🧠 核心思维,⭐ JEV精选,5,0,1,4788,@guhype 套娃是套上了，但是全部是场内存量资金，没水抬没法螺旋升天，eigen这套逻辑放在货币宽松的大牛市我觉得没什么问题,0,,https://x.com/Michael_Liu93/status/1835582675387928926
1909913381936738503,2025-04-09 10:16:49,macro_cycle,宏观周期,1.73,0.77,0.02,🧠 核心思维,⭐ JEV精选,621,108,53,326155,"刚跟传统二级的朋友聊到一个话题，我觉得挺有意思的，分享出来。

1. 为什么每次到加税或加息的时候，美股反应最快，而crypto资产反倒是呈现滞后性的？
2. 但流动性变差的时候，尤其是逃顶的时候，crypto资产又是通常抢跑美股的？

这两件事其实是跟交易者行为相关的。",0,,https://x.com/Michael_Liu93/status/1909913381936738503
2019332778798772664,2026-02-05 08:50:26,macro_cycle,宏观周期,1.72,0.4,0.03,,⭐ JEV精选,214,6,60,104601,昨晚第一次做贵金属，开了个白银空单，没敢多开，今天一看跌了快20%，这个5万亿市值的市场怎么波动起来跟meme似的，是控筹和流动性问题吗？还是这个市场全都是杠杆资金啊，有懂这个市场的小伙伴有理有据的解答下不。,0,,https://x.com/Michael_Liu93/status/2019332778798772664
2061692060626030642,2026-06-02 06:11:06,macro_cycle,宏观周期,1.72,0.87,0.05,🧠 核心思维,⭐ JEV精选,4,0,0,2347,@CryptoPandasim 我到不太会这个位置去做空mstr，短期还是会跟着btc走，周期底部时也通常比btc更早见底,0,,https://x.com/Michael_Liu93/status/2061692060626030642
1907323588660887607,2025-04-02 06:45:54,macro_cycle,宏观周期,1.71,0.76,0.03,,⭐ JEV精选,163,12,84,111656,看巫师这篇感触挺深的。在Evan上体验过一次builder之后，发现builder真是最差的角色。是资产就一定会有涨跌，不要说大户builder能否影响结局，项目方自己也只是在流动性海洋中等待上潮期的孤帆，大部分等不到潮水，而等到潮水的那些，在落潮后，builder就成了众矢之的，但是“潮水”都有退潮的时候，这是,0,,https://x.com/Michael_Liu93/status/1907323588660887607
2031252902178861513,2026-03-10 06:16:45,macro_cycle,宏观周期,1.7,0.84,0.06,,⭐ JEV精选,144,2,76,89961,"我觉得原油很有可能会跟上个月黄金/白银一样，暴跌后再来一波大反弹，伊朗要是准备这么投了就不会选一个父亲老婆女儿都被美国杀了的人当新任最高领导了。实在想不到这波特朗普还怎么TACO成功，只要继续打，控制石油出口就是伊朗最大的反制手段。

还没建仓，准备先等三四天看看情况，有不同看法的吗？",0,,https://x.com/Michael_Liu93/status/2031252902178861513
1891741145857986582,2025-02-18 06:46:50,macro_cycle,宏观周期,1.69,0.58,0.02,,⭐ JEV精选,439,27,162,286894,"不想fud，不过这次来香港参会，见顶信号多的让我不舒服，3个月前在devcon还没这种感受：

1. 会场挤满了人，一场场side event快2000人
2. 美女格外多，尤其是新入圈的女kol
3. 所有人，不管是vc还是原来meme团队，都在攒AI项目，希望等市场稍微回暖一点就能发",0,,https://x.com/Michael_Liu93/status/1891741145857986582
2087306430064025913,2026-08-11 22:33:27,macro_cycle,宏观周期,1.68,0.91,0.09,🧠 核心思维,⭐ JEV精选,285,37,123,71695,"最近大家都在抱怨btc没波动，太难做了。

信我，这其实是一个很好的底部信号，过去两轮周期底的时候比现在波动还要小，行情更干。现在是要慢慢埋伏长线现货单的时候，就别盯着这点波动去频繁交易了，如果你现在一直波，几乎一定会在周期反转启动的第一根针卖飞，浪费了宝贵的四年一次的底部建仓机会。",0,,https://x.com/Michael_Liu93/status/2087306430064025913
2017112289980404222,2026-01-30 05:47:00,macro_cycle,宏观周期,1.68,0.81,0.02,,⭐ JEV精选,244,21,41,92855,"现在的btc、美股、贵金属其实用去年的链上meme泡沫解释下就很容易明白了。

黄金确实拉飞了，大宗资产拉飞的核心叙事是“全球的去美元化”，黄金的流动性也确实溢出了，溢出到了银、铂金、钯金、铝、铜。",0,,https://x.com/Michael_Liu93/status/2017112289980404222
1836710141204250670,2024-09-19 10:13:16,macro_cycle,宏观周期,1.63,0.83,0.11,🧠 核心思维,⭐ JEV精选,8,1,1,1709,@memetodamars 之前有个美股trader的朋友跟我说过一个FOMC时候美股的规律，只要不是加息前期fed chair极度鹰派吓市场控制expectation。在降息周期里，通常在Fed chair讲话期间安慰市场的时候都要拉，讲完话没多久就会又回去。,0,,https://x.com/Michael_Liu93/status/1836710141204250670
2082070220471152679,2026-07-28 11:46:38,macro_cycle,宏观周期,1.62,0.85,0.02,🧠 核心思维,⭐ JEV精选,280,32,79,84882,crypto这轮的几个创新赛道的数据都跑的非常非常好，perp dex、预测市场、RWA代币化、稳定币，量全在新高，这还是在熊市周期，行情真的只差btc吹口进攻哨，快了，应该就在这两三个月了。,0,,https://x.com/Michael_Liu93/status/2082070220471152679
2030808062005768487,2026-03-09 00:49:07,macro_cycle,宏观周期,1.61,0.6,0.01,,⭐ JEV精选,11,0,9,16384,@frankyluan 如果油价不影响通胀，为什么CPI的预期会变呢？ https://t.co/IUlK1ayvuE,1,images/2030808062005768487_0.jpg,https://x.com/Michael_Liu93/status/2030808062005768487
2090694412540272899,2026-08-21 06:56:05,macro_cycle,宏观周期,1.58,0.93,0.25,🧠 核心思维,⭐ JEV精选,152,12,329,50877,"贵金属看至少5年的大熊市的观点还是没变，准备等黄金和白银再拉一拉吧，然后空进去，72-75这个位置看看阻力反应，下次的局部底应该就是4开头的了。

今年上半年最大的收益来源就是空白银了。 https://t.co/t5mWgB5Z6s",1,images/2090694412540272899_0.jpg,https://x.com/Michael_Liu93/status/2090694412540272899
2034602213755257208,2026-03-19 12:05:43,macro_cycle,宏观周期,1.56,0.69,0.02,🧠 核心思维,⭐ JEV精选,423,47,169,395840,"我认为MSTR一定会爆雷，也许不是这轮周期，也许不是下轮或是下下轮，但最终一定会爆雷，因为这是所有资金盘的逻辑必然。

关键问题：“屯BTC这样的无息资产如何支付每年11.5%的利息？”",0,,https://x.com/Michael_Liu93/status/2034602213755257208
2080224836333535396,2026-07-23 09:33:44,macro_cycle,宏观周期,1.55,0.83,0.02,🧠 核心思维,⭐ JEV精选,9,0,1,1650,@allincrypto2011 每轮牛市的主线都是熊市酝酿的在牛市被发扬光大的。14年的ICO、18年的defi+nft、22年的btc etf和meme,0,,https://x.com/Michael_Liu93/status/2080224836333535396
1908251687728668772,2025-04-04 20:13:50,macro_cycle,宏观周期,1.54,0.76,0.02,🧠 核心思维,⭐ JEV精选,20,0,3,8895,@Sweattt01 逻辑不是这样的。稍微回测下就知道，btc跟美股是强关联，并不是避险属性的。,0,,https://x.com/Michael_Liu93/status/1908251687728668772
1899408991618527374,2025-03-11 10:36:07,macro_cycle,宏观周期,1.54,0.81,0.03,🧠 核心思维,⭐ JEV精选,5,0,2,2953,@unsteadySailor 以上几点出现也最多弹一下，就像前段时间的特朗普喊单，喊完市场就浇给。目前市场博弈的主线是recession vs 什么时候放水。,0,,https://x.com/Michael_Liu93/status/1899408991618527374
2034603333437268271,2026-03-19 12:10:10,macro_cycle,宏观周期,1.53,0.66,0.03,,⭐ JEV精选,12,0,1,8062,@Vito777_ 决定了利息高低 决定不了仍然是拿无息资产在支付利息,0,,https://x.com/Michael_Liu93/status/2034603333437268271
1914490877260783691,2025-04-22 01:26:09,macro_cycle,宏观周期,1.52,0.86,0.03,,⭐ JEV精选,230,9,60,102045,"预测一下，btc跟黄金跟不过几天就得重新跟回美股。

机构和各大央行去买黄金是真的去避险的，而去赌btc不再跟美股去跟黄金本身就是个高风险的投机行为，不是避险行为。",0,,https://x.com/Michael_Liu93/status/1914490877260783691
2034607456379392034,2026-03-19 12:26:33,macro_cycle,宏观周期,1.52,0.59,0.04,,⭐ JEV精选,11,0,2,1448,@Vito777_ strc就是赌总有新的资金进来，但是如果btc低位横盘五六年，就g了😅,0,,https://x.com/Michael_Liu93/status/2034607456379392034
2072025693563830741,2026-06-30 18:33:16,macro_cycle,宏观周期,1.49,0.8,0.01,🧠 核心思维,⭐ JEV精选,189,21,55,103418,"扫了一下时间线，发现都在担心circle，并没几个人意识到stripe，visa，mastercard，blackrock，coinbase一起下场做稳定币，对usdt和usdc和整个加密赛道都是个具大的利好。

传统金融机构们做了个联盟币全面拥抱稳定币，你跟我说usdt和usdc要被取代了，纽交所做bakkt，blackrock做btc",0,,https://x.com/Michael_Liu93/status/2072025693563830741
1990559031073890599,2025-11-17 23:13:50,macro_cycle,宏观周期,1.48,0.65,0.02,,⭐ JEV精选,248,23,62,191908,这波下跌最可怕的地方在于，你都不知道为什么会跌，btc价格已经跌到快跟关税战时候差不多了，但消息面上风平浪静，fed那边还时不时放点利好发言，所以这次大家都很敢抄。,0,,https://x.com/Michael_Liu93/status/1990559031073890599
1894386415972356453,2025-02-25 13:58:12,macro_cycle,宏观周期,1.47,0.92,0.03,🧠 核心思维,⭐ JEV精选,138,13,30,112601,"在香港consensus参会给我的感觉还是准的，市场还是太乐观了，几乎所有人都觉得只是阶段性回调，但这两天很多人开始问：是不是这轮牛市就这么结束了？

我的观点还是放水后会有一波大的山寨上涨行情，但短中期内需要来波大清算了，美股和币圈都是。",0,,https://x.com/Michael_Liu93/status/1894386415972356453
2038896701361021365,2026-03-31 08:30:29,macro_cycle,宏观周期,1.46,0.6,0.03,🧠 核心思维,⭐ JEV精选,110,14,18,31084,"现在回看Jeff的这篇看空白银的采访是否就有感觉多了？他对于白银类比山寨的逻辑也是让我去回测白银/黄金汇率对去判断贵金属到顶了的逻辑来源。

Jeff是我关注的为数不多的机构投资人，因为绝大部分机构投资人，像老黑arthur，tom lee，cathie",0,,https://x.com/Michael_Liu93/status/2038896701361021365
2021924308646568067,2026-02-12 12:28:15,macro_cycle,宏观周期,1.45,0.63,0.02,,⭐ JEV精选,10,0,1,5288,@LumaoDoggie 举个例子，黄金，去美元化所以黄金涨。btc没有这个属性,0,,https://x.com/Michael_Liu93/status/2021924308646568067
1992825640538747306,2025-11-24 05:20:32,macro_cycle,宏观周期,1.45,0.82,0.02,,⭐ JEV精选,4,0,2,3329,@jiroucaigou @timotimo007 @allen_su1024 @Chrislulu816 所有资产都会吸各国政府超印的资金，白菜长期涨价也是因为政府超印了资金，但是为什么超印的资金更会去BTC，而不是黄金、或者美股？这个是需要回答的问题。,0,,https://x.com/Michael_Liu93/status/1992825640538747306
2067169659242332283,2026-06-17 08:57:07,macro_cycle,宏观周期,1.44,0.76,0.01,,⭐ JEV精选,136,11,22,41777,"Crypto将会成为美国向全世界销售美债、美股、美元，输出美元通胀的最大通路。

现在美联储面对的问题，消不下去的国内通胀 vs 源源不断的财政赤字带来的印钱需求。

新的美联储主席Warsh提出的解法就是“缩表”，所以美联储少买的债谁来买？只能输出到国外，这是国家战略。 https://t.co/DTSCMA4bi6",2,images/2067169659242332283_0.jpg;images/2067169659242332283_1.jpg,https://x.com/Michael_Liu93/status/2067169659242332283
1877291851247477155,2025-01-09 09:50:30,macro_cycle,宏观周期,1.44,0.68,0.03,🧠 核心思维,⭐ JEV精选,57,1,15,17371,@wolfyxbt 完了，本来想充值一波信仰，大家看要这么久反倒看成Fud了.....我这里说的是狂暴山寨季时间的预判，并不是说资金不会流入到山寨，已经进入降息周期了，有点耐心啊，朋友们。。。。,0,,https://x.com/Michael_Liu93/status/1877291851247477155
2030839315945894265,2026-03-09 02:53:18,macro_cycle,宏观周期,1.44,0.73,0.06,,⭐ JEV精选,5,0,0,2149,@jiating1111 现金最好 如果真是金融危机的时候流动性都在撤退,0,,https://x.com/Michael_Liu93/status/2030839315945894265
2083122226577248366,2026-07-31 09:26:56,macro_cycle,宏观周期,1.44,0.66,0.04,,⭐ JEV精选,2,0,1,780,@JackWu60013322 如果救市事件出了市场没反应，也就意味着这条逻辑错了，资金都很敏感,0,,https://x.com/Michael_Liu93/status/2083122226577248366
1909893627326943744,2025-04-09 08:58:19,macro_cycle,宏观周期,1.43,0.24,0.03,,归档记录,52,3,22,45949,"最近大家在聊去大会的意义，于我而言除了跟老朋友们catch up一下，去大会其实是特别好感受群体情绪的场合，就是2月去consensus那次让我成功逃了顶。

反观这次万向大会，主会场虽然人不再多，speaker和论坛也没几个人看，不过side",0,,https://x.com/Michael_Liu93/status/1909893627326943744
2082542481502302347,2026-07-29 19:03:14,macro_cycle,宏观周期,1.42,0.69,0.05,,⭐ JEV精选,5,0,2,3067,@liu_shuo4202 刚又追回来了，我觉得我可能想多了，本来就是博短线反弹，明天韩国应该还是会对今天没加息有好的反应的,0,,https://x.com/Michael_Liu93/status/2082542481502302347
2098074355884503338,2026-09-10 15:41:21,macro_cycle,宏观周期,1.41,0.84,0.09,,⭐ JEV精选,526,25,162,100387,"说个观点，Warsh不会加息，原因很简单，trump不是选他上来加息的。

但他可以一直pua市场控预期，这也是为什么他不给阵点图提前释放预期，所以每次市场被加息的预期控下来了，就是你买入的机会。

应该就是9月中旬这几天吧。",0,,https://x.com/Michael_Liu93/status/2098074355884503338
2049198069024244151,2026-04-28 18:44:26,macro_cycle,宏观周期,1.41,0.76,0.03,,⭐ JEV精选,141,16,223,31237,"给做黄金/白银交易的小伙伴几点建议：

第一，可以多看看白银/黄金的汇率对（用tradingview就可以看），每个局部高点和低点也都会在汇率对里有所体现。 https://t.co/aTL3uFZlrL",1,images/2049198069024244151_0.png,https://x.com/Michael_Liu93/status/2049198069024244151
1638644341949476865,2023-03-22 20:50:30,macro_cycle,宏观周期,1.41,0.66,0.02,,⭐ JEV精选,2,0,2,1020,@Rusong_Machunbo 加息利好房产什么逻辑？连powell自己就在fomc上说随着加息房产市场会大跌。,0,,https://x.com/Michael_Liu93/status/1638644341949476865
1832991674902925660,2024-09-09 03:57:25,macro_cycle,宏观周期,1.4,0.63,0.15,,⭐ JEV精选,2,0,0,363,@silverfang88 机构也不许做空，现在很多公募都不许卖，让国家队先跑,0,,https://x.com/Michael_Liu93/status/1832991674902925660
1835544771588456469,2024-09-16 05:02:30,macro_cycle,宏观周期,1.39,0.82,0.07,🧠 核心思维,⭐ JEV精选,912,210,149,348293,如果你的仓位里有ETH或者在考虑抄底ETH，我非常建议你把这篇帖子看完，这是我对于以太坊和比特币大周期里仓位配置的思考框架。我发现最近市场上已经没有几个博主在唱多ETH了，大部分已经放弃甚至转黑粉了，而我则认为这个时候反而就是本轮周期抄底ETH的黄金点位，以下是我的逻辑框架和事实数据： https://t.co/mlklndQPP6,1,images/1835544771588456469_0.jpg,https://x.com/Michael_Liu93/status/1835544771588456469
1919243524920213609,2025-05-05 04:11:28,macro_cycle,宏观周期,1.39,0.79,0.02,🧠 核心思维,⭐ JEV精选,255,25,61,51398,"币圈是个窥探世界真实运作模样的窗口

利益集团把攒局写在脸上，抱团争夺有限的资源与流动性

一切资产皆为ponzi和泡沫，几十年的金融周期在币圈几个月甚至几天就能经历一遍

教育韭菜们努力做builder，资产去做staking，实际成为了泡沫中的燃料

很不幸，但在币圈被收割的人，在圈外也是要被收割的",0,,https://x.com/Michael_Liu93/status/1919243524920213609
2091418087212073172,2026-08-23 06:51:43,macro_cycle,宏观周期,1.39,0.87,0.18,🧠 核心思维,⭐ JEV精选,62,4,5,13640,买入山寨的最好时候是牛市的最后一年到半年，所以如果前几天是周期底，那么就是两年后。,0,,https://x.com/Michael_Liu93/status/2091418087212073172
2082368174666977563,2026-07-29 07:30:36,macro_cycle,宏观周期,1.35,0.49,0.06,🧠 核心思维,⭐ JEV精选,532,81,106,108029,"过去一年，存储的大顶，贵金属的大顶，BTC的大顶，ETH的大顶都call到了，不管什么资产，周期顶部都会给相似的顶部信号，逻辑都写在帖子里，希望这几波有救到人，下次喊顶信我一手，别在评论区骂我了。

存储：
https://t.co/5P3fWS34OM
贵金属：https://t.co/ERIoOgdJu3
BTC：
https://t.co/WAEsLy3LPD",0,,https://x.com/Michael_Liu93/status/2082368174666977563
2062357194457428393,2026-06-04 02:14:06,macro_cycle,宏观周期,1.34,0.72,0.03,,⭐ JEV精选,0,0,0,0,"Well, looks like it’s that time of the year again for $COIN, $HOOD, $CRCL and co.

So much for a “friendly administration” and “strategic reserve” if they’re trying to ram through Bank Lobbied Clarity Act bills…

To ban any form of innovation or competition against banks, with things like yields. 

And nuking liquidity as they go (but strengthens the USD)

Valuations do seem compelling again if you’re swing trading.",0,,https://x.com/Michael_Liu93/status/2062357194457428393
2097810153844486510,2026-09-09 22:11:30,macro_cycle,宏观周期,1.33,0.86,0.05,,⭐ JEV精选,321,21,82,64820,再提醒下，牛初踏空的，9月的回调要珍惜，10月和11月是历史上btc最强的两个月,0,,https://x.com/Michael_Liu93/status/2097810153844486510
2017990100748300674,2026-02-01 15:55:07,macro_cycle,宏观周期,1.3,0.74,0.12,🧠 核心思维,⭐ JEV精选,1089,264,103,532537,应该算是这轮比较坚定的明牌喊空的声音之一，9月降息前公开大币仓位清了一半，剩余仓位也在降息落地后都清了，中途也一直在发帖和劝身边的朋友不要抄底，今天聊聊我想什么时候抄底吧。 https://t.co/K7oXK7nB7r,3,images/2017990100748300674_0.png;images/2017990100748300674_1.png;images/2017990100748300674_2.jpg,https://x.com/Michael_Liu93/status/2017990100748300674
2060655952660144465,2026-05-30 09:33:58,macro_cycle,宏观周期,1.29,0.47,0.01,,⭐ JEV精选,34,0,4,15831,"看了一下Jamie Dimon抨击稳定币法案的采访，其实就传达了一个意思。

“我们竞争不过，所以你不能让稳定币发行商跟银行直接竞争”

记得14年起他就是加密货币最大的抨击者之一，然后在btc etf通过后态度180度大转变直接开始做起了加密货币业务。

老头精得很，知道稳定币大势所趋，吵着要来分杯羹罢了。",0,,https://x.com/Michael_Liu93/status/2060655952660144465
2094867597053575655,2026-09-01 19:18:50,macro_cycle,宏观周期,1.28,0.88,0.16,🧠 核心思维,⭐ JEV精选,327,49,91,154560,Crypto现货仓位没上够的，珍惜9月这波博弈加息的回调，75000和73000两个点位，10月和11月是BTC历史上最强的两个月。 https://t.co/pzQP0s9qNr,2,images/2094867597053575655_0.png;images/2094867597053575655_1.png,https://x.com/Michael_Liu93/status/2094867597053575655
2031135165863571684,2026-03-09 22:28:54,macro_cycle,宏观周期,1.28,0.42,0.03,,⭐ JEV精选,70,2,21,36123,"特朗普：战争结束了
伊朗：想过海峡的国家只需要跟以色列和美国断交就能过

看石油的价格，市场明显又按照TACO来交易了，但这玩意能TACO吗？伊朗新最高领袖是跟特朗普有杀父之仇的

隐约感觉这周市场的波动会比前两周还大",0,,https://x.com/Michael_Liu93/status/2031135165863571684
2034612494225076616,2026-03-19 12:46:34,macro_cycle,宏观周期,1.28,0.72,0.09,,⭐ JEV精选,8,0,1,2936,@BroLeon 其实那几个条件，只需要第一条满足就够了，btc低位横盘个几年其他几个条件也就满足了。,0,,https://x.com/Michael_Liu93/status/2034612494225076616
1833773725822693458,2024-09-11 07:45:00,macro_cycle,宏观周期,1.27,0.6,0.03,,⭐ JEV精选,4,0,0,1932,@BTCdayu 其实主要变量因素是有没有降息放大水，有的情况下可能猜错的几条都对了😂,0,,https://x.com/Michael_Liu93/status/1833773725822693458
2082084989630644661,2026-07-28 12:45:19,macro_cycle,宏观周期,1.26,0.73,0.03,,⭐ JEV精选,2,0,1,1367,@muscleoman 宏观信号可以更好，市场开始预期降息而不是加息,0,,https://x.com/Michael_Liu93/status/2082084989630644661
1876925202904616985,2025-01-08 09:33:34,macro_cycle,宏观周期,1.25,0.68,0.02,,⭐ JEV精选,207,35,45,67236,前几天惠子说玩链上好像个大型的鱿鱼游戏，真的非常认同。其实整个金融市场就是一场场掠夺流动性的大型游戏，不管是美股、BTC、还是链上土狗，你以为美股常年新高不是在掠夺流动性？实际上美股通过美元的通胀掠夺了我们每个人的流动性。 https://t.co/368JDZ2IrP,1,images/1876925202904616985_0.jpg,https://x.com/Michael_Liu93/status/1876925202904616985
1836715862767849751,2024-09-19 10:36:00,macro_cycle,宏观周期,1.24,0.86,0.02,,⭐ JEV精选,24,2,3,9909,宣布降息一天后的以太主网，已经给你打过样流动性好起来之后会是什么样了。当然，你不需要相信以太坊，你也可以选择sol或ton，但你一定要相信流动性溢出阶段，公链作为蓄水池螺旋升天的威力。,0,,https://x.com/Michael_Liu93/status/1836715862767849751
2060951789026082816,2026-05-31 05:09:31,macro_cycle,宏观周期,1.23,0.82,0.02,🧠 核心思维,⭐ JEV精选,207,11,23,61446,"币圈花了十年建了最好的基建，但交易着最垃圾的资产。单论产品的用户体验，我觉得币安的产品吊打所有券商的。

这波全面转向tradifi资产的rwa业务，让我无比看好crypto平台吃掉传统券商的蛋糕。

这就是币圈这轮周期的主线，一切都刚刚开始。",0,,https://x.com/Michael_Liu93/status/2060951789026082816
2067183411484369088,2026-06-17 09:51:46,macro_cycle,宏观周期,1.23,0.65,0.02,,⭐ JEV精选,12,0,0,1895,@0xPickleCati 吸血外围给自己续命，最后军事 科技 经济跟不上债务上涨速度，对外统治力下降，内部矛盾激增，最后推倒重来，timing很重要，然而最难判断,0,,https://x.com/Michael_Liu93/status/2067183411484369088
2037586654421282990,2026-03-27 17:44:49,macro_cycle,宏观周期,1.2,0.39,0.02,,归档记录,2,0,0,2167,@yuyue_chris 不懂啊妹子 不过美股不好 全球流动性应该都好不到哪里去吧,0,,https://x.com/Michael_Liu93/status/2037586654421282990
2033473120527622199,2026-03-16 09:19:06,macro_cycle,宏观周期,1.19,0.35,0.03,,归档记录,70,1,18,23005,中期继续看多原油，联合军讨伐靠不靠谱，这题中国人不该做错：战国合纵攻秦、十八路诸侯讨伐董卓、明末联军抗清、民国蒋介石联合军伐剿红军。一个个都八百个心眼，半年前还在关税威胁，吞并警告的，现在不递刀子就不错了，能合作起来个屁,0,,https://x.com/Michael_Liu93/status/2033473120527622199
2074045885387038970,2026-07-06 08:20:47,macro_cycle,宏观周期,1.18,0.64,0.04,,⭐ JEV精选,4,0,1,3391,"@Phoenix_DF1 从高点到低点一年的熊市周期。

ETF流出就是投资者正常卖，不算黑天鹅",0,,https://x.com/Michael_Liu93/status/2074045885387038970
2044034218003698154,2026-04-14 12:45:08,macro_cycle,宏观周期,1.17,0.3,0.02,,归档记录,8,0,2,1846,@Jhy256 美股已经历史高高高位快20年了,0,,https://x.com/Michael_Liu93/status/2044034218003698154
2054267902128476168,2026-05-12 18:30:08,macro_cycle,宏观周期,1.15,0.62,0.03,,⭐ JEV精选,16,1,2,6827,"crcl我唯二的担忧
短期：美股现在太fomo了，怕大盘来个闪崩
长期：降息

个股本身没什么问题",0,,https://x.com/Michael_Liu93/status/2054267902128476168
1884661874505236490,2025-01-29 17:56:20,macro_cycle,宏观周期,1.15,0.8,0.06,,⭐ JEV精选,3,0,1,514,@xxk_hl 那些经历过周期验证，有用户和护城河的产品都会超过上轮周期的高点的。别在交易所挑垃圾买就行了,0,,https://x.com/Michael_Liu93/status/1884661874505236490
2032350463283388815,2026-03-13 06:58:04,macro_cycle,宏观周期,1.15,0.77,0.04,,⭐ JEV精选,2,0,0,1319,@crypandapto 贵金属走一个周期可能得十年。。。可能做做大波段比较合适,0,,https://x.com/Michael_Liu93/status/2032350463283388815
1992824297539391741,2025-11-24 05:15:12,macro_cycle,宏观周期,1.13,0.4,0.02,,⭐ JEV精选,201,25,88,64670,"前几天跟@timotimo007 @allen_su1024 @Chrislulu816 滑雪聊到了一个有趣的话题，分享出来也跟大家讨论讨论。

已知这轮btc已经有了我们能预期的所有利好：
1. 美国全面拥抱btc
2. 比特币etf
3. 华尔街最主流的机构们进场
4. 史上最拥抱crypto的美国总统 https://t.co/52B16jyLlF",2,images/1992824297539391741_0.png;images/1992824297539391741_1.jpg,https://x.com/Michael_Liu93/status/1992824297539391741
1947884231751045329,2025-07-23 04:59:25,macro_cycle,宏观周期,1.13,0.7,0.03,,⭐ JEV精选,2,1,0,745,@0x000921 我觉得挺难回到Trump那会儿的热度了，可能要等降息之后了，sol和eth我还是更偏向于买eth,0,,https://x.com/Michael_Liu93/status/1947884231751045329
2017217521494188409,2026-01-30 12:45:09,macro_cycle,宏观周期,1.12,0.55,0.02,,归档记录,17,0,0,2425,@timotimo007 @cz_binance @heyibinance 也许大家挂念的不是sbf，是那个还有互相制衡的市场,0,,https://x.com/Michael_Liu93/status/2017217521494188409
2054696028750983457,2026-05-13 22:51:22,macro_cycle,宏观周期,1.12,0.81,0.04,,⭐ JEV精选,9,3,0,2159,@AlphaguyTrading 我的观点：贵金属已经到顶 &gt; 白银是贵金属的“山寨币”&gt; 熊市山寨币会超跌,0,,https://x.com/Michael_Liu93/status/2054696028750983457
2017368116972687678,2026-01-30 22:43:34,macro_cycle,宏观周期,1.11,0.35,0.02,,⭐ JEV精选,414,2,47,184076,"最近感受很明显，每次去按脚或喝酒，服务人员看我在盯盘，都会聊上两句，一般对话是：

“哥，这是股票吗“
“不是，是数字货币，你玩过吗”
“没有，搞不懂这个”
“那你炒股吗？”
“也不炒，我就囤黄金和白银”
“都这么高了还要买吗？”
“我长期看好，慢慢囤不会跌多少的”

隐约感到又是一个时代财富转移的开始",0,,https://x.com/Michael_Liu93/status/2017368116972687678
2028367416762495041,2026-03-02 07:10:52,macro_cycle,宏观周期,1.11,0.23,0.04,,归档记录,173,10,146,128881,"做个极端的思想实验，假如中美开战了，你是个中国人，你有1000万美金和对等价值的人民币，在美国和中国核心城市都各有一处房产，排除全部梭黄金和比特币的选项，你在第一时间会如何对这些资产做配置？

说来我觉得这是个很好的面试/问另一半的思想实验，能检测回答者的综合素质、世界观、投资偏好。",0,,https://x.com/Michael_Liu93/status/2028367416762495041
2062986406990164295,2026-06-05 19:54:22,macro_cycle,宏观周期,1.11,0.79,0.02,,⭐ JEV精选,37,1,0,8877,往好的方向想，熊市应该已经过了70%了，剩下这30%的时间你做什么，很大程度上决定了你下轮周期的投资表现。,0,,https://x.com/Michael_Liu93/status/2062986406990164295
2094683210009776457,2026-09-01 07:06:09,macro_cycle,宏观周期,1.11,0.8,0.13,,⭐ JEV精选,7,0,1,1195,@lin_yiliu 等大家都感觉流动性已经好的时候 就到了可以慢慢卖的时候了,0,,https://x.com/Michael_Liu93/status/2094683210009776457
2082684439944146964,2026-07-30 04:27:19,macro_cycle,宏观周期,1.11,0.39,0.03,,归档记录,2,0,0,796,"@Gerhen535449 是的 你看你这不就博弈上了吗？

昨晚加了的话，现在大家就都会是“9月不可能加息了”",0,,https://x.com/Michael_Liu93/status/2082684439944146964
1835565120254288185,2024-09-16 06:23:22,macro_cycle,宏观周期,1.1,0.73,0.02,,⭐ JEV精选,3,0,0,2679,@KK36931 大部分人都会在市场恐慌的时候更恐慌，只有回看才能发现其实都是周期,0,,https://x.com/Michael_Liu93/status/1835565120254288185
2062642780040823011,2026-06-04 21:08:55,macro_cycle,宏观周期,1.08,0.86,0.02,🧠 核心思维,⭐ JEV精选,592,59,39,202099,"Crypto下轮周期的绝对主线和增量将是“通过代币化和稳定币吸血美股和美债资金，替代现有的金融基础设施，并建立一套更便捷、更自由流通、更小磨损、更全球化的价值流通体系”

现在不同意没关系，mark一下，三年后咱们再回头看

The thesis will be inevitable",0,,https://x.com/Michael_Liu93/status/2062642780040823011
2056596944571785246,2026-05-19 04:44:55,macro_cycle,宏观周期,1.08,0.47,0.03,,⭐ JEV精选,158,25,95,39951,记得上轮熊市周期走到一半的时候，收到来自圈外朋友最多的问题是：“现在能不能抄底BTC和ETH开始定投了”。而这轮周期，很明显大家最近都在反思定投BTC和ETH这件事是否仍然成立？或是否还是最优选？（尤其是对非全职在币圈，且有大额长期理财需求的朋友） https://t.co/W3hEKTjCG5,1,images/2056596944571785246_0.png,https://x.com/Michael_Liu93/status/2056596944571785246
1995751285879177621,2025-12-02 07:06:00,macro_cycle,宏观周期,1.08,0.29,0.02,,归档记录,128,3,41,37748,"昨天有个小伙伴问我，熊市是什么样的？

我：就这样的，12月初觉得这个月能拉回去大盘就还有希望的样子，什么时候你不问这个问题了，就该牛熊切换了",0,,https://x.com/Michael_Liu93/status/1995751285879177621
2021923160409756159,2026-02-12 12:23:41,macro_cycle,宏观周期,1.08,0.64,0.03,,⭐ JEV精选,19,0,2,6911,@connectfarm1 失序加速，市场已经给过的答案是黄金会涨，btc至少现在不是，也许以后会是,0,,https://x.com/Michael_Liu93/status/2021923160409756159
2082805431949554014,2026-07-30 12:28:06,macro_cycle,宏观周期,1.08,0.57,0.02,,归档记录,3,0,0,2032,@agintender 害 能给市场传递出要救市了 且可能会上非常规的手段表达决心就够了,0,,https://x.com/Michael_Liu93/status/2082805431949554014
1947355569314226623,2025-07-21 17:58:42,macro_cycle,宏观周期,1.07,0.25,0.03,,归档记录,2,0,0,5632,@gu18373412188 这轮周期操盘过了，去年12月，目前就是低位盘整，再拉搞事情不知道猴年马月去了 https://t.co/4WoWNAxzUd,1,images/1947355569314226623_0.png,https://x.com/Michael_Liu93/status/1947355569314226623
2037575110614467007,2026-03-27 16:58:57,macro_cycle,宏观周期,1.06,0.81,0.02,,⭐ JEV精选,155,8,14,48178,"所有资产的重定价正在发生，不管是美股、贵金属、大宗商品、加密货币。

我们可能马上要进入“持有现金是垃圾，但持有其他资产比垃圾还要垃圾”的时期。",0,,https://x.com/Michael_Liu93/status/2037575110614467007
2034629713147408557,2026-03-19 13:54:59,macro_cycle,宏观周期,1.06,0.7,0.02,,⭐ JEV精选,70,1,12,75412,"为什么这两天所有市场都开跌了？

“因为市场开始price in Stagflation（滞胀）了”

Lower",0,,https://x.com/Michael_Liu93/status/2034629713147408557
2017972295122461064,2026-02-01 14:44:21,macro_cycle,宏观周期,1.06,0.3,0.02,,归档记录,67,1,37,32148,"Tom Lee又开始说胡话，而且已经完全不讲基础逻辑了：“因为贵金属见顶暴跌了，逃离的资金会去加密货币。“

这个逻辑像是在说：“美股暴跌了，所以看涨ETH”

深深套牢确实是会影响智商的",0,,https://x.com/Michael_Liu93/status/2017972295122461064
2062646237669761410,2026-06-04 21:22:39,macro_cycle,宏观周期,1.06,0.7,0.01,,⭐ JEV精选,23,0,1,4187,@b24333666 100%，本质上就是向全球卖美股和美债，加固美元霸权并输送通胀。,0,,https://x.com/Michael_Liu93/status/2062646237669761410
1908950687050002606,2025-04-06 18:31:25,macro_cycle,宏观周期,1.05,0.36,0.03,,⭐ JEV精选,33,0,6,12246,截早了🙃 还数字黄金不？还避险属性不？（都得跟着美股混） https://t.co/WwvUqPerrZ,1,images/1908950687050002606_0.jpg,https://x.com/Michael_Liu93/status/1908950687050002606
1959222111769412024,2025-08-23 11:52:06,macro_cycle,宏观周期,1.05,0.42,0.03,,归档记录,2,0,1,901,@jjjjjjim82246 我是看降息之后有波小回调,0,,https://x.com/Michael_Liu93/status/1959222111769412024
2038899097940414903,2026-03-31 08:40:00,macro_cycle,宏观周期,1.04,0.83,0.17,,⭐ JEV精选,19,1,5,49244,这个位置继续看反弹，黄金先看4600-4800左右，白银先看80左右吧，逢高空,0,,https://x.com/Michael_Liu93/status/2038899097940414903
1836566857148699065,2024-09-19 00:43:55,macro_cycle,宏观周期,1.04,0.72,0.03,,⭐ JEV精选,1,0,0,649,@lifacai28519 短期博弈衰退一定是很磨人的，看好降息大周期一定是利好，所以我说 越是贪图圆满，可就越抓不着嘞。,0,,https://x.com/Michael_Liu93/status/1836566857148699065
1884550161717919930,2025-01-29 10:32:26,macro_cycle,宏观周期,1.03,0.77,0.02,,⭐ JEV精选,1,0,0,954,@lalalal76773309 币圈周期变成更广泛的全球流动性周期,0,,https://x.com/Michael_Liu93/status/1884550161717919930
1884549031638303223,2025-01-29 10:27:57,macro_cycle,宏观周期,1.02,0.71,0.02,,⭐ JEV精选,3,0,0,1101,@P62386606 我不太认同crypto自己的四年周期了，我只看流动性周期（当然也可能我是错的,0,,https://x.com/Michael_Liu93/status/1884549031638303223
2034608275401167217,2026-03-19 12:29:48,macro_cycle,宏观周期,1.01,0.34,0.02,,归档记录,18,0,0,4181,@cryptosangou 传统金融都没什么大而不倒，更不用说crypto,0,,https://x.com/Michael_Liu93/status/2034608275401167217
2082074923217109176,2026-07-28 12:05:19,macro_cycle,宏观周期,1.01,0.65,0.02,,归档记录,10,0,1,2269,"@sjdedic With AI cooling down, will likely see rotation back into crypto",0,,https://x.com/Michael_Liu93/status/2082074923217109176
1835566797816480111,2024-09-16 06:30:02,macro_cycle,宏观周期,1.01,0.63,0.04,,归档记录,0,0,0,2123,@pony95617131 没毛病，牛市初期btc就是唯一能钻的资产,0,,https://x.com/Michael_Liu93/status/1835566797816480111
2086758434515669193,2026-08-10 10:15:55,macro_cycle,宏观周期,1.0,0.57,0.02,,归档记录,6,0,0,886,@Hans2140btc 阶段反弹而已，贵金属周期结束了,0,,https://x.com/Michael_Liu93/status/2086758434515669193
2069322848221765651,2026-06-23 07:33:07,macro_cycle,宏观周期,1.0,0.2,0.02,,归档记录,4,0,2,3336,@Wuhuoqiu 唉 美股面前 印钞机比什么叙事都性感😅,0,,https://x.com/Michael_Liu93/status/2069322848221765651
1992827375760048468,2025-11-24 05:27:25,macro_cycle,宏观周期,1.0,0.32,0.01,,归档记录,3,0,0,2085,@xx03199 @timotimo007 @allen_su1024 @Chrislulu816 虽然自己捞了很多钱，不过总体来说我觉得特朗普还是给币圈拉了很多增量资金的,0,,https://x.com/Michael_Liu93/status/1992827375760048468
2088344502880891303,2026-08-14 19:18:23,macro_cycle,宏观周期,1.0,0.6,0.04,,归档记录,2,0,0,422,@CryptoDabai 这就是分歧点，我觉得2万亿会是起点，极限4万亿,0,,https://x.com/Michael_Liu93/status/2088344502880891303
2069980316169912525,2026-06-25 03:05:40,macro_cycle,宏观周期,0.99,0.62,0.09,,⭐ JEV精选,46,2,272,70208,白银短期差不多了，还是等反弹逢高空 https://t.co/uF0rHjec5a,1,images/2069980316169912525_0.png,https://x.com/Michael_Liu93/status/2069980316169912525
2079737283172028449,2026-07-22 01:16:22,macro_cycle,宏观周期,0.99,0.4,0.03,,归档记录,32,2,0,6201,quote一位朋友说过的话：“人大于事，势大于人”,0,,https://x.com/Michael_Liu93/status/2079737283172028449
2027049825410429158,2026-02-26 15:55:13,macro_cycle,宏观周期,0.99,0.41,0.02,,归档记录,12,0,2,5436,@xingpt 我跟你说，AI崩盘就是Crypto证明自己是数字黄金的奇点时刻！,0,,https://x.com/Michael_Liu93/status/2027049825410429158
2084204536600855020,2026-08-03 09:07:38,macro_cycle,宏观周期,0.99,0.25,0.01,,归档记录,8,0,0,5713,@tradereason9527 最近战争相关的都是噪音，市场已经基本脱敏了,0,,https://x.com/Michael_Liu93/status/2084204536600855020
2034610674647888334,2026-03-19 12:39:20,macro_cycle,宏观周期,0.99,0.39,0.04,,归档记录,6,0,3,3777,@moon_bgb btc低位横盘个两三年就差不多了,0,,https://x.com/Michael_Liu93/status/2034610674647888334
2032055041385996393,2026-03-12 11:24:10,macro_cycle,宏观周期,0.99,0.41,0.02,,归档记录,5,0,0,1272,@luyaoyuan 十分认同，这些垃圾资产早点出清行业才能好起来,0,,https://x.com/Michael_Liu93/status/2032055041385996393
2021995446969967013,2026-02-12 17:10:56,macro_cycle,宏观周期,0.99,0.44,0.02,,归档记录,0,0,1,2233,@trader_maxey 周期会有的，我不确定相比其他主流资产的alpha还会不会有,0,,https://x.com/Michael_Liu93/status/2021995446969967013
2080135011391729793,2026-07-23 03:36:48,macro_cycle,宏观周期,0.98,0.52,0.04,,⭐ JEV精选,330,50,118,110325,完全想到一起去了，不压这条主线其实这轮周期也没必要投crypto了 https://t.co/NB5QtDdoK1,1,images/2080135011391729793_0.jpg,https://x.com/Michael_Liu93/status/2080135011391729793
1991744945368240393,2025-11-21 05:46:14,macro_cycle,宏观周期,0.98,0.27,0.02,,归档记录,101,6,28,55921,"请叫我预言家🙂

下一步是什么？等这帮逼自己悄悄清算完了，一定会大声喊出自己出问题了，带着大家一起沉下去。

这么多轮周期了，什么也没变。",0,,https://x.com/Michael_Liu93/status/1991744945368240393
2020855855692877903,2026-02-09 13:42:36,macro_cycle,宏观周期,0.98,0.61,0.06,,⭐ JEV精选,67,0,4,8356,@CycleStudies 炒山寨看基本面,0,,https://x.com/Michael_Liu93/status/2020855855692877903
1827402687123747190,2024-08-24 17:48:46,macro_cycle,宏观周期,0.98,0.25,0.02,,归档记录,64,0,1,22863,@CryptoDoggyCN 降息那么多次，你非要比经济危机那次，比比softlanding好不,0,,https://x.com/Michael_Liu93/status/1827402687123747190
2082822338513670317,2026-07-30 13:35:17,macro_cycle,宏观周期,0.98,0.09,0.02,,归档记录,18,0,6,10093,虽然我觉得大概率明天韩股要继续冲的,0,,https://x.com/Michael_Liu93/status/2082822338513670317
2021934366637875394,2026-02-12 13:08:13,macro_cycle,宏观周期,0.98,0.47,0.03,,归档记录,3,0,0,662,@BTC_Alert_ @connectfarm1 同意 对冲的就是美元崩塌,0,,https://x.com/Michael_Liu93/status/2021934366637875394
1995062313553141958,2025-11-30 09:28:16,macro_cycle,宏观周期,0.98,0.45,0.02,,归档记录,3,0,0,2115,@0xSleepinRain 对 熊市对builder是好事,0,,https://x.com/Michael_Liu93/status/1995062313553141958
1877291077083730413,2025-01-09 09:47:25,macro_cycle,宏观周期,0.98,0.5,0.02,,归档记录,1,0,0,2199,@gegegeg233 @wolfyxbt 这个讨论的是大周期哈，局部总是会有阶段性机会的。,0,,https://x.com/Michael_Liu93/status/1877291077083730413
1937091150676214084,2025-06-23 10:11:34,macro_cycle,宏观周期,0.97,0.16,0.02,,归档记录,2,0,1,4794,@Shanks_A9z 看市场确实认为伊朗会怂的,0,,https://x.com/Michael_Liu93/status/1937091150676214084
1852006061986976014,2024-10-31 15:13:48,macro_cycle,宏观周期,0.96,0.24,0.02,,归档记录,45,2,11,107989,美国大选结果如何看来资本已经提前完成下注了，Top https://t.co/jS3oBGhgtD,1,images/1852006061986976014_0.jpg,https://x.com/Michael_Liu93/status/1852006061986976014
2034608068013789639,2026-03-19 12:28:59,macro_cycle,宏观周期,0.96,0.25,0.05,,归档记录,7,0,0,4798,@MNson11 而第一个选择是不可能的，除非你是美联储,0,,https://x.com/Michael_Liu93/status/2034608068013789639
2032351910028829091,2026-03-13 07:03:49,macro_cycle,宏观周期,0.96,0.14,0.03,,归档记录,1,0,0,3515,@wmdsj0124 熊市继续，半年后看吧,0,,https://x.com/Michael_Liu93/status/2032351910028829091
1906590121836814549,2025-03-31 06:11:22,macro_cycle,宏观周期,0.94,0.57,0.05,,归档记录,34,3,16,51641,假设这件事会发生，你会如何推演在脱锚时会发生什么，你会多/空什么资产？,0,,https://x.com/Michael_Liu93/status/1906590121836814549
1881212687490945342,2025-01-20 05:30:30,macro_cycle,宏观周期,0.93,0.28,0.02,,归档记录,4,0,1,8165,@broleon 是的 资金会流向新热点的,0,,https://x.com/Michael_Liu93/status/1881212687490945342
1961677047564222679,2025-08-30 06:27:08,macro_cycle,宏观周期,0.92,0.2,0.03,,归档记录,13,1,5,4353,@kunlunstar 坏了 上轮这帮人要学习很快就进熊市了,0,,https://x.com/Michael_Liu93/status/1961677047564222679
2051494268225962211,2026-05-05 02:48:43,macro_cycle,宏观周期,0.91,0.29,0.03,,归档记录,5,0,0,1391,@Guilin_Chen_ 嗯呢 大趋势逆转一般都会震一段时间 一起波咯,0,,https://x.com/Michael_Liu93/status/2051494268225962211
2033475897148449180,2026-03-16 09:30:08,macro_cycle,宏观周期,0.9,0.23,0.02,,归档记录,7,0,1,795,@devofone 如果清末都比不上，现在原油价格应该是60,0,,https://x.com/Michael_Liu93/status/2033475897148449180
1863088917811175867,2024-12-01 05:13:07,macro_cycle,宏观周期,0.87,0.29,0.02,,归档记录,20,0,2,5321,@HeidiMarti54461 Evan是个穿越周期的叙事,0,,https://x.com/Michael_Liu93/status/1863088917811175867
2065361796781994399,2026-06-12 09:13:19,macro_cycle,宏观周期,0.84,0.12,0.02,,归档记录,27,0,3,8436,@LamIsRealGoat 人生重要的分叉口就那么几个，一个spacex，一个circle,0,,https://x.com/Michael_Liu93/status/2065361796781994399
1887316199618584917,2025-02-06 01:43:41,macro_cycle,宏观周期,0.84,0.14,0.02,,归档记录,1,0,1,1796,@rickawsb 泡沫没了 只能被迫价投了😭😭😭,0,,https://x.com/Michael_Liu93/status/1887316199618584917
2033775356856176731,2026-03-17 05:20:05,macro_cycle,宏观周期,0.83,0.14,0.04,,归档记录,7,1,3,6830,@lijiuer1 现在2.6m就能吸流动性了吗。。。,0,,https://x.com/Michael_Liu93/status/2033775356856176731
1836565506540867974,2024-09-19 00:38:33,macro_cycle,宏观周期,0.8,0.16,0.03,,归档记录,27,2,9,9955,"昨晚FOMC会议之前：
- 悲观的民间经济学家们：
a. 降息50bp：鲍师傅你实话告诉我，降的这么快，是不是经济快崩了，我是不是该提前跑了。
b. 降息25bp：鲍老头你个傻逼，降的这么慢，你是不是生怕经济崩不了啊？这下我真该跑了。

- 乐观的民间经济学家们：
a.",0,,https://x.com/Michael_Liu93/status/1836565506540867974
2084900000283365517,2026-08-05 07:11:10,macro_cycle,宏观周期,0.74,0.13,0.03,,归档记录,57,3,89,39048,"时间不多了哦，来看看一次1000亿美金的解锁市场能不能吸收😁

（最近Trading agent被我调教的越来越合我心了） https://t.co/cOgP56RstQ",1,images/2084900000283365517_0.png,https://x.com/Michael_Liu93/status/2084900000283365517
1855543562341093493,2024-11-10 09:30:34,macro_cycle,宏观周期,0.67,0.13,0.03,,归档记录,0,0,1,573,@web3foxcn @timotimoqi 飞狐也是经历过周期肯定明白的,0,,https://x.com/Michael_Liu93/status/1855543562341093493
2062054177082425355,2026-06-03 06:10:01,macro_cycle,宏观周期,0.62,0.24,0.09,,归档记录,2,0,1,2046,@lucyc5046836051 嗯，不看btc大底,0,,https://x.com/Michael_Liu93/status/2062054177082425355
2019463606551859460,2026-02-05 17:30:18,macro_cycle,宏观周期,0.56,0.29,0.07,,归档记录,168,18,21,98511,Jeff Park看空白银的理由，推荐看看,0,,https://x.com/Michael_Liu93/status/2019463606551859460
2035191787577631121,2026-03-21 03:08:28,macro_cycle,宏观周期,0.56,0.15,0.03,,归档记录,5,0,1,7203,@LamIsRealGoat 你没问问她们考不考虑数字黄金吗,0,,https://x.com/Michael_Liu93/status/2035191787577631121
2064199918852645375,2026-06-09 04:16:26,macro_cycle,宏观周期,0.45,0.28,0.05,,归档记录,1,0,0,1037,@zhoutianya86284 大周期的在拿,0,,https://x.com/Michael_Liu93/status/2064199918852645375
1909203671872602269,2025-04-07 11:16:41,macro_cycle,宏观周期,0.44,0.09,0.02,,归档记录,97,7,78,58554,有没有经历过1929年大萧条的兄弟说说当时的走势,0,,https://x.com/Michael_Liu93/status/1909203671872602269
1933811239408546213,2025-06-14 08:58:22,macro_cycle,宏观周期,0.2,0.03,0.02,,归档记录,13,0,0,4631,@jason_chen998 操终于熬到放水了，抓紧发币啊！,0,,https://x.com/Michael_Liu93/status/1933811239408546213
2074592356654047481,2026-07-07 20:32:16,macro_cycle,宏观周期,0.13,0.07,0.04,,归档记录,7,0,1,1782,@Jeffo_Mansfield 你看下我唱空贵金属的帖子，不是第一次这么被骂了，祝你好运,0,,https://x.com/Michael_Liu93/status/2074592356654047481
1891794313392292253,2025-02-18 10:18:06,macro_cycle,宏观周期,0.12,0.06,0.04,,归档记录,2,0,0,6507,@timotimo007 全球可飞是吧？,0,,https://x.com/Michael_Liu93/status/1891794313392292253
1947630241197003206,2025-07-22 12:10:09,macro_cycle,宏观周期,0.11,0.07,0.04,,归档记录,4,0,0,1412,@gold_burger 又是一个循环😌,0,,https://x.com/Michael_Liu93/status/1947630241197003206
2070123657146601742,2026-06-25 12:35:15,macro_cycle,宏观周期,0.09,0.2,0.09,,归档记录,4,0,1,926,@hibaorong 一轮周期,0,,https://x.com/Michael_Liu93/status/2070123657146601742
1952770058088026195,2025-08-05 16:33:57,macro_cycle,宏观周期,0.02,0.05,0.03,,归档记录,4,0,1,4896,@timotimo007 你把pow喊来了啊,0,,https://x.com/Michael_Liu93/status/1952770058088026195
