类型,ID/标题,发布日期,字数/点赞,浏览量/含金量,详细内容/长文摘要
万字研报,合约镰刀收割档案（一）：LSK 四天 20 倍的起承转合,Thu Sep 17,5214 字,2099863996077936640,"9 月 10 日 0 点，LSKUSDT 永续合约价格 0.116。9 月 13 日 03:28:14 UTC，价格为2.3705。四天，涨了20 倍。13 日一天，永续合约成交 3,580 万笔、32 亿美元；四天合计 43 亿。   按常识，20 倍的涨幅需要大量的资金、大批买家。有人拿钱进来，把卖单一层一层吃掉，价格才会上去。但是当我们把这 4,979..."
万字研报,合约算法镰刀（拾陆）镰刀在周末：Bitget Stock Perp算法的风险、护栏与操纵面,Thu Sep 03,6439 字,2095407947325317120,"星期六，NASDAQ关门，NVDA没有现货价格，但Bitget上的Stock Perp还在交易。问题来了：如果华尔街不报价，谁有资格告诉你NVDA现在值多少钱？ Bitget的答案，是让自己的orderbook接班：2,000 USDT验盘口，300秒EMA慢慢认价，再用±10%的Index围栏和Mark限制防止价格跑太远。——这么做的目的就是为了要让Mar..."
万字研报,合约算法镰刀（拾伍）：揭秘币安Stock Perp的Oracle算法及周末定价权的核心,Thu Aug 27,7471 字,2092878928079962112,1987年的《华尔街》里，一笔股票订单从电话那头传进纽约证券交易所，书记写ticket，runner拿着单子穿过交易大厅，交易员在一片叫喊声里完成成交，新的价格再通过ticker传出去。今天手机上按一下按钮就结束的事情，当时是真的要靠人在交易大厅里跑。 《繁花》里的大上海也差不多。九十年代初，浦江饭店孔雀厅里坐着红马甲，大屏幕不停跳报价；再早一点，阿宝想买股...
万字研报,合约算法镰刀（拾肆）：是什么让本就脆弱的妖幣變得更加脆弱？难道又是币安的锅？！,Sat Jun 20,7041 字,2068163155038261248,$H 用十几分钟从 0.865 砸到 0.052，跌了 93.9%，多头成片爆仓。所有人都在骂庄家插针、骂黑客砸盘、骂交易所风控——可这根针扎在 BTC 上没事，扎在 $H 上就是雪崩。 其实要命的不是那笔卖单，是妖币身上四个一环扣一环的弱点：MMR 天生更高，资金费一天天磨你的本金，盘口薄到一笔市价单就能砸穿，现货一崩、标记价格跟着失守。四个弱点乘在一起，...
万字研报,合约算法镰刀进化史：永续合约十年，幕还未谢,Fri Apr 24,16102 字,2047535174309556224,"2020 年 3 月 12 日，BitMEX 的老黑做了一个违背祖宗但拯救世界的决定——切断自家服务器的网络连接（aka拔网线）。对外公告说是""遭到 DDoS 攻击""。但真相到底是什么呢？！ 真相是：订单簿上只剩下 2000 万美元的买盘，面对的是 2 亿美元的待执行清算卖单。如果不断网，BTC 合约价格会被清算引擎自己砸到零。 那一刻，整个加密永续合约市场..."
万字研报,合约算法镰刀（五）：永续合约交易的爆仓美学——论交易所的强平清算之术和不败之道,Mon Jul 28,10005 字,1947947259649552385,平仓与清算，是交易所与每一位交易者迟早要面对的“宿命“。如果说开仓是一段缘分的开始，带着情绪、信仰与幻想；那么平仓，就是那段故事的终结，不论甘愿还是不舍。 其实强制平仓是对于交易所来说是一件”费力不讨好“的事情，得罪用户不说，一个不小心还容易把自己搭进去，而且把自己搭进去之时可是没人会怜悯自己的。所以怎么做到一寸长半寸强，半寸深一寸浅就是真功夫。 多说一句，...
万字研报,合约算法镰刀（十二）：交易所视角下的操纵风险管理之道与操盘手的虎口夺食之术,Mon Nov 10,4244 字,1987799652675264512,近期，$MYX、$AIA、$COAI等妖币的“小马拉大车”式的过山车表演，不仅让无数交易者蒙受巨额亏损，更将矛头直指交易所的清算机制和风控能力。剧烈的“拉高出货”手法揭示了一个矛盾：交易所依靠波动性赚取手续费，但失控的波动却可能耗尽保险基金，甚至动摇市场信任。 本文尝试从交易所风控的“第一视角”出发，推测其在维护市场活跃度与系统偿付能力之间的平衡之道。我们将...
万字研报,合约算法镰刀（十一）：当持仓妖币=爆仓，8/N的盾牌能否抑制资金费率的杀人诛心,Thu Sep 18,3519 字,1968344542517796864,Binance将在9月18日更新资金费率的新算法，此举是将资金费率控制在一个相对温和的范围，努力将“持仓=爆仓”的形象变更为真·持仓成本。此次的算法变更目的应该是为了抑制比如 $Alpaca、$TRB 、$MYX 之类的妖币利用资金费率机制创造的输血和打压对手盘的途径。  原文如下： https://www.binance.com/en/support/an...
万字研报,合约算法镰刀：Binance 与 OKX（旧算法）的永续合约金融哲学之战,Mon Jun 23,6785 字,1937098458919550976,如果你觉得为什么你在OKX单子常常会比Binance单子先爆仓？又或者你在Binance的单子比OKX的单子赚得少？又或者OKX（的旧算法）为什么迟迟不上新的合约交易对，是不想干了嘛？那这篇长文将会解决你的困惑 揭秘：OKX没怎么上新币的永续合约交易？反观Binance新合约交易上的飞起？——是商业决策？合规？不，这其实是一场底层算法之争 引言 不知道大家有...
万字研报,合约算法镰刀（十三）再讲清算：HLP 要误杀几多，散户先会明ADL系穿仓嘅保命符,Mon Dec 15,7264 字,2000499291282960384,是什么将标榜“公平”的协议和交易所逼得掀桌子？当我们在谈ADL的时候，我们就不能只谈ADL。ADL是整个清算机制的最后流程。我们要看的是整个清算机制，包括强平价格，破产价格，盘口清算，保险基金等机制 - ADL只是最终的“社会化”结果，核心其实是清算机制，是清算机制耗尽后的满目疮痍让我们走到了这一刻。（你和我都该负责～） 至于为什么ADL是贪婪序列（Gree...
万字研报,合约算法镰刀（十）：平衡市场中的不平衡——隐藏在多空比数据下的合约PVP结构性镰刀,Mon Aug 25,8433 字,1959431312936202240,在任何永续合约市场中，每一笔交易都是买方和卖方之间的匹配成交，在多空仓位一一对应的市场中，为何会出现多空力量不均的局面？ 从机制上讲，一笔买单必然对应一笔等量的卖单，确保了交易流的完美平衡。然而，新闻报道频繁出现的“多空比”（Long-Short Ratio）数据到底是个啥？为什么却常常显示出显著的失衡，例如多头账户数量是空头的两倍？这是怎么得出的结论？ 多...
实战推文,2100091475212271733,Wed Sep 16,点赞 21,评分 6.4,各位知道 ethereum:0x6033f7f88332b8db6ad452b7c6d5bb643990ae3f 在最高点2.37的2% depth时候的流动性是多少吗？ 8000美金…   这篇复盘文的目的就是要告诉大家 - 做妖币的对手盘只有等着挨刀的份，差别只是什么时候… https://x.com/agintender/status/2099798256251445362
实战推文,2100024812215439376,Wed Sep 16,点赞 0,评分 6.5,你觉得需要多少钱来做到20倍？  全网第一篇的合约镰刀复盘指南终于来了  - 这篇文告诉你，庄家是怎么利用你的不相信、不甘心和贪心来收割你的保证金  《合约镰刀收割档案（一）：LSK 四天 20 倍花了多少钱？赚了多少钱？》   有兴趣的小伙伴，substack见啦～  https://agintender.substack.com/p/lsk-20?r=8gs9xi&utm_campaign=post-expanded-share&utm_medium=web https://x.com/agintender/status/2099502998724710700  
实战推文,1965664587669213491,Wed Sep 10,点赞 485,评分 9.8,《合约算法镰刀》系列文章——阅读导览 有读者说不太容易找到《合约算法镰刀》系列的文章合集，我这里就写了一个阅读导览（附上链接），给有需要的朋友看看。  希望能给大家对于“永续合约交易”有一个体系化和结构化的认识。 知其然，且知其所以然。  第一、理论篇 1. 资金费率 https://t.co/SeHCOYV1dA 2. 清算与爆仓 https://t.co/6JaQcOlKyL 3. 标记价格和盈亏算法  https://t.co/dYbegSonQK 4. 盘前交易与拥挤交易 https://t.co/KpNE3caSDh  第二、交易所机制篇 1. Binance与OKX（旧）算法对比 https://t.co/Tu6gKYt96v 2. Binance与OKX算法对比 https://t.co/vOoRVrs4g0 3. Bybit与Bitget 算法对比 https://t.co/orWyZ3I6qI 4. CEX与DEX的算法对比 https://t.co/NYEb5ynpfy  第三、数据讲解篇 1. 持仓量与市值 https://t.co/6qR2w5S7oG 2.多空比 https://t.co/lgHME9tYFN  第四、案例分析篇 1. Jellyjelly https://t.co/nX6KpvTcPE 2. Alpaca https://t.co/GfGooVF6vj 3. MYX Finance https://t.co/bVq0u9IZK3  第五、番外篇 1.Hyperliquid的巨鲸算法 https://t.co/WXuojyWptu  ps：我最近也在写一个“考卷”，也给关注我的老粉们做一个“期末小考”，尝尝咸淡。🤣   pps：世事洞明皆学问，只要你深入研究，总能自成体系。
实战推文,2095147524793475498,Wed Sep 02,点赞 0,评分 7.3,合约算法镰刀系列（拾陆） 华尔街没有价格的48小时：@Bitget Stock Perp如何接管周末定价   为什么 @GracyBitget @bitget 敢喊出UEX的愿景？难道是梁静茹给的勇气？！  ))不是啦～   《给镰刀一个周末》，给大家讲讲bitget是怎么利用算法和机制实现stock perp的弯道超车  substack上新啦～ https://agintender.substack.com/p/48bitget-stock-perp?r=8gs9xi&utm_campaign=post-expanded-share&utm_medium=web
实战推文,2095096881223491857,Wed Sep 02,点赞 10,评分 8.7,合约算法镰刀系列（拾陆） 华尔街没有价格的48小时：@Bitget Stock Perp如何接管周末定价   为什么 @GracyBitget @bitget 敢喊出UEX的愿景？难道是梁静茹给的勇气？！  ))不是啦～   《给镰刀一个周末》，给大家讲讲bitget是怎么利用算法和机制实现stock perp的弯道超车  substack上新啦～ https://agintender.substack.com/p/48bitget-stock-perp?r=8gs9xi&utm_campaign=post-expanded-share&utm_medium=web
实战推文,1991058241787486295,Wed Nov 19,点赞 47,评分 7.2,可能有细心的小伙伴注意到，这不就是期权里面的straddle吗？  bingo，就是的，只是改良了一下用在永续合约  为什么文中反复说“预期收益要足够大”+ “择机”（不同的entry price）—— 这个策略才有意义  ps： 各位熟知的妖币 $aia $coai 其实也有类似的影子，只是他们有点玩脱了 https://t.co/MX4yDKU8CZ
实战推文,1988520718322077904,Wed Nov 12,点赞 3,评分 5.0,@Michael_Liu93 我是拿着现货装死型 + 偶尔在合约狙击妖币装x  😂
实战推文,1945341777696973007,Wed Jul 16,点赞 17,评分 6.9,熟悉我的老朋友，估计都知道我每周一般都会有两篇长文，一篇硬核一些，一篇“软”一点  硬核的一般都是周一发，然后会周内会根据这篇长文的内容拆成几个thread  软核的一般都是周三发，一般都是一些所见所闻，观察和发散思维  前几周的硬核都是一些合约算法类的文章，但是数据不太好，可能要换个展示方式（短文？图？视频讲解？） 😄或者内容  这周的“软文”是关于“三角债”的链上解法  不知道大家还记得那些年被ftx/luna拖下神坛的明星吗？ （比如3AC，贝宝）或者silicon bank的挤兑对usdc的影响吗？  其实这都是典型的“三角债”，不是他们失去偿还能力- 而是因为别人不还款导致的流动性危机  本周的软长文就是说，如何借鉴潮汕钱庄的方式来做一个三角债的链上解法  还蛮有趣的 大家今晚可以期待一下 😄  另外，行情活跃了不少，可能减少更新次数和频率，专注赚钱 ！
实战推文,1960587659321205222,Wed Aug 27,点赞 7,评分 6.5,没想到鲜活例子来得这么快…..  我这两周陆续发了多空比和OI的长文… 今天就来了拥挤交易的点火…  专业交易者通常将多空比用作反向指标，其理论基础是“拥挤交易”（Crowded Trade）理论。  当多空比达到极端水平时（例如，远高于3或远低于0.5），意味着市场上绝大多数投机力量都站在了同一边，形成了拥挤交易（OI > MC就是属于这种情况）。  这种市场结构非常脆弱，因为一旦价格朝相反方向轻微波动，就可能触发连锁反应。   你就想像一下，一件充满煤气的拥挤房间，只要一点火花💥   原文：https://t.co/ZEQJXrK2XX
实战推文,2092625986026393816,Wed Aug 26,点赞 15,评分 7.3,哈哈哈 有小伙伴说，太干涩了太硬核了，幸好是在substack上，x的话肯定没有流量。。  明天整理个简版出来给大家开开眼，也是时候更新一下合约算法镰刀系列了 - 这个系列调研了7家交易所，但是这篇文先写了两交易所 @binance 和 @bitget 我还在想明天发哪家交易所的休市oracle算法比较好？  为什么不能两篇一起发？你相信我 - 一篇篇来比较好，多了你会噎着  是时候给这两家交易所带来点舆情了～ 🤣🤣   看完之后，你们就会知道 @bitget 的周末流动性可以这么好不是没有原因的 - 它们是真舍得花钱
实战推文,2049472359997038897,Wed Apr 29,点赞 17,评分 8.0,如果你想空 $skyai ，但是你不知道怎么操作合约？想要简单点？又或者觉得盘口深度不行，这里有6k的市价单给你  又或者，你看好 $skyai 觉得还能再涨，想赚点利息～   @youcanshortit 你了解一下，这个仓位已经又吃又拿了一轮了，吃了利息 + 涨幅 -真爽  另外，如果你还想尝试 $beat 这个标的，拿走不谢  关注 @youcanshortit ，比别人更早“操纵”妖币 🤣
实战推文,2044437258548531595,Wed Apr 15,点赞 90,评分 7.1,我们估计也快忘了，从什么时候：合约 = 妖币了？   这篇文是我花了大力气调研，写的文，里面有好多细节可以单独拿出来说，回过头看对整个行业的发展都有着里程碑式的意义  这篇文可以说是半部币圈进化史，或者这么说，是半部中心化交易所合约交易的演进史，也是binance的合约交易进化史 - 一步步走向。。。  明天找个时间给大家细细说来，里面有好多细节和现象，我猜交易所的工作人员都没发现  本文虽然很长（我也懒得拆），但是不管是对于新人还是老炮，都值得一读，静下心来，对于你了解整个行业的发展脉络肯定很有帮助。别的不说，你看过这篇文后，面试的时候都能多说5分钟  做空，说白了就是币圈合约的来时路；但是大家都不愿意拿到台面上说而已  因为文章很干，所以我预计本文应该会火🔥，大家赶紧来互动刷流量吧～
实战推文,2099869248030187669,Tue Sep 15,点赞 0,评分 6.5,你觉得需要多少钱来做到20倍？  全网第一篇的合约镰刀复盘指南终于来了  - 这篇文告诉你，庄家是怎么利用你的不相信、不甘心和贪心来收割你的保证金  《合约镰刀收割档案（一）：LSK 四天 20 倍花了多少钱？赚了多少钱？》   有兴趣的小伙伴，substack见啦～  https://agintender.substack.com/p/lsk-20?r=8gs9xi&utm_campaign=post-expanded-share&utm_medium=web https://x.com/agintender/status/2099502998724710700  
实战推文,2099862356151112180,Tue Sep 15,点赞 17,评分 6.2,看起来是时候再来一篇《上币中间商的周期进化轮》了 🤣  这不比什么妖币怎么操纵来的精彩啊？！ https://x.com/agintender/status/2023367372204282319
实战推文,2099835302944879028,Tue Sep 15,点赞 0,评分 6.5,你觉得需要多少钱来做到20倍？  全网第一篇的合约镰刀复盘指南终于来了  - 这篇文告诉你，庄家是怎么利用你的不相信、不甘心和贪心来收割你的保证金  《合约镰刀收割档案（一）：LSK 四天 20 倍花了多少钱？赚了多少钱？》   有兴趣的小伙伴，substack见啦～  https://agintender.substack.com/p/lsk-20?r=8gs9xi&utm_campaign=post-expanded-share&utm_medium=web https://x.com/agintender/status/2099502998724710700  
实战推文,2099798256251445362,Tue Sep 15,点赞 25,评分 7.9,你觉得需要多少钱来做到20倍？  全网第一篇的合约镰刀复盘指南终于来了  - 这篇文告诉你，庄家是怎么利用你的不相信、不甘心和贪心来收割你的保证金  《合约镰刀收割档案（一）：LSK 四天 20 倍花了多少钱？赚了多少钱？》   有兴趣的小伙伴，substack见啦～  https://agintender.substack.com/p/lsk-20?r=8gs9xi&utm_campaign=post-expanded-share&utm_medium=web https://x.com/agintender/status/2099502998724710700  
实战推文,1960468578349846783,Tue Aug 26,点赞 14,评分 6.5,不是说期货都是一一对应的吗？怎么还会有多空比？其实这是一个统计口径的概念  一般而言，多空比是净头寸方向的账户概念  将市场想象成一个房间，交易是进出房间的行为，而持仓量是房间内的人数。为了让门正常使用，每一个进入的人都必须对应一个出去的人（平衡的交易流量）。  然而，在任何特定时刻，押注房间内的男性和女性数量多寡的“账户数量“可能是不平衡的（头寸存量）。  多空比衡量的正是押注的账户数量，而不是通过门口的平衡人流。
实战推文,2092163302600368381,Tue Aug 25,点赞 35,评分 9.2,嗯，关于各个交易所股票休市期间的mark price算法和传递路径的文章写的差不多了  这里先给 @binance 和 @bitget 的官方文档提个建议吧（搞得AI跟我一直在左右互搏 🤣，我说AI是错的，AI告诉我官方文档是这么写的。。）   1.  @binance 这里 https://t.co/FIMdivoedY  同一篇官方Academy文章正文已经明确写：2026年5月16日起，equity TradFi perp从Fixed Mode改成Orderbook EWMA；但下面的FAQ是：休市时“fixes the Price Index at its last known value”。  这两段是直接冲突的。 我测过了，现在已经是EWMA了 - 建议一起改了吧  2. @bitget 这里https://t.co/U7iPClhH7T 也是类似的问题，正文说休市Mark继续用standard model，FAQ又说休市Mark使用EWMA smoothing  这两段是直接冲突的。 我测过了，现在已经是EWMA了 - 建议一起改了吧  我猜应该是换成EWMA 后忘了改FAQ的论述 🤣   《合约算法镰刀十五》stock perp的休市镰刀和dex的弯道超车之路——是什么让BINANCE一直被牵着鼻子走  欢迎订阅：https://t.co/oWfm2IKoZs
实战推文,2086999684519022616,Tue Aug 11,点赞 12,评分 6.2,哈哈哈😂 说一个稍微扎心一点的观察，如果是妖币大幅拉升下砸的状态（一般是t+1）的时候的大额爆仓  除了散户之外，还有可能是“操纵账户”的账户被限制了- 即他的账户只能减仓/平仓，甚至是不能操作了，只能眼睁睁看着仓位被爆掉  一般玩妖币的大户都能稍微抗一抗
实战推文,2084473995928432985,Tue Aug 04,点赞 16,评分 7.3,为什么说这次的熊市没那么孤单？  这几天听到了好多争执/争议的事情，有人说这就是熊市的规律 - 我就说有没有可能，是因为熊市大家的注意力都不在搞钱，所以就集中在这些跟自己利益不太紧密的事情上，所以这些信息的声量和抓取的注意力才会被放大  但是这波的熊市又跟之前的不太一样，因为还有东西可以炒作和占据大家的注意力，三个原因：  1. 市场上high fdv-low float的spot-perp的妖币模式已经成型，所以大家时不时还能看到一些充满博弈的竞技环境，但是性价比其实很差了；  2. meme，这个就不用再赘述了，meme的起盘与传播力有关，只要传播途径在，这个故事就能绕下去，至于为什么还有人前仆后继，大概是因为上个周期成为了很多人的肌肉记忆吧？  3.美股，不管是链上还是交易所内的，股票交易这个事情占据了大家的心智，都想获得（至少）beta的收益  抚平伤痛的，不是时间，而是扑面而来新事物占据你的注意力
实战推文,1917201798013809016,Tue Apr 29,点赞 4,评分 5.4,@PolskaCebula 这个剧本我看过 就在上个周期见顶前…
实战推文,2049125054311706894,Tue Apr 28,点赞 93,评分 6.4,这篇算是把熊市的妖币/meme的操作方法论都给你们了，还不去实践的，我也不知道了  这几周的评论区 be like： 你说妖币操纵方法隐蔽，你看不懂？ 你说合约机制太复杂，你看不懂？ 你说AI 交易太超前，你看不懂？  最后你在人声鼎沸的时候冲进去，亏完之后再说这些操纵的人都是坏人…  come on，现在给你机会练习，而你连看完文章的耐心都没有？你不亏的话是不是没有道理？
实战推文,2102990918630719750,Thu Sep 24,点赞 3,评分 5.0,我上次看到一群不tp的地址/账户 还是在 $LSK 的OI 🤣 https://x.com/james_x/status/2102919753254007057
实战推文,2100461752257519930,Thu Sep 17,点赞 43,评分 6.9,各位读者朋友们，这篇应该是ct上第一篇逐帧跟你解释 $LSK 的操盘细节的文章了 - 从盘口，多空比到订单簿，多维度视角看看： 布局 - 打窝 - 下饵 - 诱局 - 收网 -撤退 - 嘲讽 。。。  今天给大家开开眼，让你们知道为什么一般人来做妖币，就是来送人头  ps：这个是好多交易所内部材料都未必能做到这个程度的分析，你们就好好看看，且看且珍惜吧；  为什么说不要碰，不要碰。  因为你根本看不到顶，看不到底   最激烈的时候 - 17秒钟，打爆数千万。。你连反应都来不及  好啦，演员到齐，大戏开场～  老规矩，准备好纸笔和咖啡，顺着k线往下走～   觉得意犹未尽的，完整本在substack （付费版）：  https://agintender.substack.com/p/lsk-20?r=8gs9xi&utm_campaign=post-expanded-share&utm_medium=web   ps：如果你想要付费的话，最好是通过web端支付，走app store/android store的要多付30%的通道费
实战推文,2100397424900751400,Thu Sep 17,点赞 0,评分 6.5,你觉得需要多少钱来做到20倍？  全网第一篇的合约镰刀复盘指南终于来了  - 这篇文告诉你，庄家是怎么利用你的不相信、不甘心和贪心来收割你的保证金  《合约镰刀收割档案（一）：LSK 四天 20 倍花了多少钱？赚了多少钱？》   有兴趣的小伙伴，substack见啦～  https://agintender.substack.com/p/lsk-20?r=8gs9xi&utm_campaign=post-expanded-share&utm_medium=web https://x.com/agintender/status/2099502998724710700  
实战推文,2095322214065442921,Thu Sep 03,点赞 0,评分 7.3,合约算法镰刀系列（拾陆） 华尔街没有价格的48小时：@Bitget Stock Perp如何接管周末定价   为什么 @GracyBitget @bitget 敢喊出UEX的愿景？难道是梁静茹给的勇气？！  ))不是啦～   《给镰刀一个周末》，给大家讲讲bitget是怎么利用算法和机制实现stock perp的弯道超车  substack上新啦～ https://agintender.substack.com/p/48bitget-stock-perp?r=8gs9xi&utm_campaign=post-expanded-share&utm_medium=web
实战推文,2052265078603567169,Thu May 07,点赞 27,评分 8.1,感谢 @panews 的抬爱和推荐，给了这么多曝光的机会  这篇elon mush v open ai的长文，我还以为在x的浏览量会很高，结果不到预想的1/5 🤣 - 应该是太长了  但是在PA这里却登上热度榜第一 ，而另外一篇合约算法镰刀进化史没想到流量也不错 —— 我以为我在x的读者都很硬核，没想到PA的读者才是真·硬核 🤣 ，能看硬核算法，和长文 👍 （我前段时间听到有人真的用我的文章去筛选自己的目标受众，我都笑死了）  我原来以为是我的内容质量不行，写得没有深度，吸引不了观众，也没有流量了，结果看PA的数据居然还可以啊，原来不是内容不行，而是x的算法不喜欢我的内容 🤣   有小伙伴问我，为什么在其他中文的币圈媒体上没看到我的文章？！ 🤣 这个问题好啊？ 但是我怎么可能知道呢？ 可能就是内容不太好，其他家不愿意转载呗 ，我一般都是你问我一句能不能转，我都默认同意的  anyway，建议大家关注 @PANews 不是因为人家给我曝光（我没收广告费），而是因为这是一群认真做内容的文字工作者  先是文字，然后才是媒体 先是良心，然后才是流量  注意力缺失的年代，更需要有坚守的人
实战推文,1938097030951538925,Thu Jun 26,点赞 10,评分 6.9,看起来大家对合约的算法很感兴趣啊，没想到这么硬核干涩，大家热情高涨  果然关注我的粉丝都不是一般人，绝对是币圈top 5%的存在 😂  承接这篇关于 @binance 和 @okx 的合约算法，下一篇要写的就是最近炙手可热的 @HyperliquidX ！ （是不是没想到！！都以为我会写cex吧）  我当时写的时候都过了一下各大交易所的算法，坦白说都有点生搬硬套，但是hyper的优化是最简洁有效的，不能说自成一派，但也算是另辟蹊径吧 （ $hyper 真没给我广子）  我用我有限的中文只能憋出这句：简约而不简单 算法之美，宛如溪流，可汇入长江入大海，也可滋养一方水土润无声  至于到底“美”在何处？请大家期待一下  可能是今晚，或者明天中午 感兴趣的小伙伴们，开启小铃铛吧
实战推文,2060952204895514702,Sun May 31,点赞 47,评分 8.3,不知道各位是什么时候开始关注到这个帐号的～如果是《合约算法镰刀》系列的话，那么各位有福了～  这几天花了点时间做个了《合约算法镰刀》系列重制版，基本上就是把之前发在x上的算法长文修改，增删一些细节（时代和算法也在进步），尽量让算法更符合实际运行的情况  这些重制版会发在substack上 （https://t.co/oWfm2IKoZs ），有兴趣的朋友可以去订阅/关注  第一期的内容就是：合约算法镰刀—Binance 和 OKX 旧算法的永续合约之战  （好消息是，第一篇相当于回馈给老粉了——72h内是免费订阅的🤣～）  https://t.co/qDOmM5kSbx
实战推文,2030476899693318345,Sun Mar 08,点赞 47,评分 6.9,做个付费意愿调查  继《合约算法镰刀》系列之后，我这里打算做个《预测算法锤子》系列，大概是10篇，涵盖理论知识、mm算法、定价策略、数值模拟、案例分析等  我前段时间被市场和社团大佬们狠教育了一番：免费的东西不被人珍惜；要设置代价和门槛才能最大化影响力  但是我又不用从这里赚钱（当然可以是更好的🤣）主要可以保持流量和热度就行，所以看下有什么比较好的方式来做  我原来是想找个平台合作，首发发在上面，然后做题，然后做完的可以退钱，没做完的就不退钱，但好像难度太高了；付费上课的话感觉也没必要- 我们跟我的agent对话就好了；付费订阅感觉也不太对（我的twitter就是故意设置成顶格239u）因为没有反馈机制  大家给点建议
实战推文,2027943752304869499,Sun Mar 01,点赞 67,评分 9.6,不忘与回响 —— 这个账号的来时路  不知不觉也做这个账号做了1年（25年3月1号开始）  一开始的时候是11k粉，一直到今天差不多30k （大概15%的订阅账号）  这12个月共发了1950个推，平均每天发5.34条（辛苦我了～）共发文章：99篇；总浏览量在30m左右；平均互动率在3.5%（100w左右的互动） ，我问了一下AI，对这个内容和数据评价还相对比较正面 🤣   我还记得我第一篇长文（25年3月1号）： https://t.co/gPuVBrwCsm ，当时被 @colinwu 点赞转发后，第一波流量的推背感，觉得还蛮有成就感的。就是这一篇长文的推动给予了很大的鼓励。也很感谢 @wublockchain12 随后多次转发我的文章，给予我这个账号很多的曝光机会。  随后就开始慢慢写，但是流量都十分惨淡。  第一篇过30万的推文: https://t.co/5pxP1GJ3mD ，是关于 $ACT 崩盘的分析，当时候一大早起来一看流量，我都惊呆了，大家这么感兴趣的吗？  第一篇10万+的文章：https://t.co/r9h2aLQOMi  ，当时也是感觉莫名其妙的，觉得大家对这类型的文章是不是比较感兴趣？然后因为这篇文我认识了 @OwenJin12 ，与他的交流里，我开始感受到市场对于合约交易、内容的缺口，但是当时没什么感觉  陆陆续续也写了一些文章，但是效果都差强人意 其中花了大精力写了这篇我觉得比较有文学+纪实价值的文章：https://t.co/P4GPhFLQAm，但是效果不太好，所以就没继续了。但是因为这篇文让 @tongtongbee 看到了我，随后就在 @PANews 开了个专栏（在这里特别感谢PA news 慧眼识猪 🤣）  第一篇真正意义上引起讨论/注意的是我的“潮汕学” 😂： https://t.co/P4GPhFLQAm 看看有多少人是因为这篇文认识我这个号的，举个脚？当时候我记得我午餐时间发，当时候的notification一直提醒，晚饭时间浏览就超过了10w+  之后也陆陆续续发了几篇类似的，但是没什么波澜。直到有一天我忘了我跟 @OwenJin12 在讨论什么合约的事情，我注意到他有一篇说 binance和okx的合约机制文章，我就想着照着他的模式写一次 BN和OK的合约机制： https://t.co/nuBACLIVQO ，我原来就抱着试试看的心态，哪知道反响不错，也引发了很多讨论，我记得okx的mia还特地找来说，我好多地方写的不准确，我还特地写了个更新版  也让大家知道，我也是一边学些一边写的，我懂的也不多，也不全，一定有会写的不对，不好的地方，请大家见谅。  随后我调研了一下关于x上的内容，发现道了这部分的内容是非常有需求的，而且恰巧我自己也在交易，所以就有了之后的《合约算法镰刀》系列，有多少人是这个系列注意到我的，举个手 🤣  其实刚开始写的《合约算法镰刀》系列的时候也有点不太适应，也没什么正反馈，也不知道能不能给大家提供价值，一直到这篇讲资金费率的 https://t.co/t7fJdPVPMq 有人真的会pm我说，真的学到了好多东西，“我就觉得哎呀，还真的是能帮到人” 因为这篇文还认识了 @Web3Feng @thankUcrypto 等等大v  之后就保持着一周一篇的进度，一直写到第10篇：https://t.co/Spq7Aonwqo，就觉得再写就要挡别人的财路了，我就停更了。  可能是因为《合约算法》积累写长文的经验，这个时候开始我的长文逐渐地都稳定在10w+浏览量  之后就开始看到什么热点，还是接触到什么事情，就以此写文章 - 凡是与交易类相关的文章，出奇地浏览量还不错  随后我的流量在10月开始爆发，准确的来说是10.11之后开始（看图）—— 我站在“风口浪尖”面对大家的质疑（可能是因为之前写的合约文章，大家觉得我的话还有点参考价值？！）https://t.co/vhp9VUReGL 之后我的流量与大盘每一次大跌，还是什么妖币崩坍呈反向趋势，妖币崩得越狠，我的流量越好？ 🤣 12月份的时候x的推荐算法开始变化，我就尝试写一些没这么硬核带一点历史故事的文章，但效果也是差强人意 https://t.co/OCD3QwzMvL https://t.co/R29AARVH14  26年1月份的市场环境不太好，也写了一些提振士气的： https://t.co/nfBf6j6jXo https://t.co/TJ8LYMKBO3  之后看到鸡汤和道理文大行其道 - 我也尝试写了几篇 https://t.co/caviOKnKte  其中最好笑的是这篇以《繁华》黄河路为引的文章，居然被打成meme了： https://t.co/qbi0JMoQr1   还有这种被各位嘲笑说“考公”“考编”的文章 🤣： https://t.co/9ZaqP9y2Js  我近期写的比较有意义的文章是这篇我耗费巨资的： https://t.co/wr0QfPavW3  被 @tongtongbee 评价说，做一个媒体人应该做的事情 - 那一刻，我觉得自己写的东西好像还真的有那么一点点用 行业很短，短的只有7秒的注意力；行业很长，长的容得下宏观微观大小观。  最后 没想到写着写着，就创造出这么多电子垃圾，真的是辛苦各位了  我就是一俗人，也想要吃好喝好玩好；肯定会犯错写错，还有点小脾气；但是各位要想到我就是一老灯，我都这么老了，犯点错怎么啦？  流量是光，而光不公平。 它只照亮那些站在高处的人，至于下面那些试图发声的影子，除非足够吵，否则没人会在意。 一年前，我觉得这个世界已经不是“是金子总会发光”的世界了；  一年后，我开始觉得如果你愿意大声喊，总会有人放慢脚步，去倾听你微弱的声音  最后打个广告，我的项目 @pundiai @marginx_io 马上就要上新产品了，麻烦大家多多关注 - 这次我们将重构合约算法镰刀的博弈和血腥，让PVP来得更猛烈一些吧
实战推文,1959604998649634922,Sun Aug 24,点赞 10,评分 5.4,感谢 @wublockchain12 推荐文章，明天就是这个《合约算法镰刀》系列这个season的尾声了  欢迎大家关注一波
实战推文,1959447890654572849,Sun Aug 24,点赞 152,评分 6.8,不知不觉《合约算法镰刀》系列也写到了第10篇，持续更新了近3个月的时间 （是不是没想到 🤣 反正我自己都没想到）  明天晚上就会迎来这个season的尾声：持仓量平衡市场里的不平衡多空比的由来以及隐藏在里面的合约PVP结构性镰刀   欢迎大家关注一波  且看且珍惜啦 🤣
实战推文,1969370961016471899,Sat Sep 20,点赞 53,评分 7.9,$alpaca $myx $trb 告诉我们 - 基本面不重要（坏的也无所谓），只要市场足够拥挤，筹码到位，用机制也能走出自己的独立行情  $aster 告诉我们 - 管你什么机制/拥挤交易/多空比/资金费率，市场要的是预期。爸爸对了，预期就有了，情绪也就到位，加上筹码足够，顶着费率也要教你做人（现在市场就吊着cz和bn肯定会大搞的预期）  我还是那句话：干掉hyperliquid的肯定不是下一个类似的perp dex  看戏就好
实战推文,1979541987729838581,Sat Oct 18,点赞 3,评分 5.4,@awesomeHunter_z 感谢支持 都是一些旧货，趁着有热度就拿出来遛一遛 😂  因为一些原因，这个合约算法镰刀系列暂时停更，所以大家且看且珍惜
实战推文,2068349825603784787,Sat Jun 20,点赞 29,评分 8.3,这几天刚好刷到类似的事情：大意是xx交易员的账户被“风控”，参与的币是妖币，被操纵了，为什么这么快就清算等等….  反正意思就是，你别管我我做了什么，但是你限制我的账户，就是你的不对，就是你店大欺客，你就应该背锅 bla bla bla  下次遇到类似的事情，建议可以用这篇文的内容告诉他，应该比你们的官方faq更结构化更全  @pear_bnb @moonkimbinance @heyibinance @sisibinance @yayabinance 总不能每次连被锅都背得不清不楚的吧，各位拿走不谢  ps：如果各位觉得妖币的永续合约问题很多的，那你做美股的，期货的，那个坑更多了
实战推文,2068251122926772610,Sat Jun 20,点赞 32,评分 6.6,如果你在妖币上踩过坑，那这篇文可以让你知道你到底踩的是什么坑？  当我们在说别碰妖币的时候，我们到底说的是什么？  除了大家熟知的现货控筹，合约数据盘之外，其实还有一个很重要，当时基本没有人讨论的事情：底层的算法和参数  同样的杠杆、同样的波动，玩妖币的仓位总是爆得更快、更早、更惨  这篇文应该是CT唯一跟你说合约清算底层的文章  希望看完之后，能稍微超度一下你逝去的仓位 😄
实战推文,1954163017970487650,Sat Aug 09,点赞 6,评分 5.0,@Geight16 🤣 我原来是想下周一再发的，但是最近看到好多“妖币”，就想说还是早点发出来吧  流量差点就差点吧 能救一个仓位是一个
实战推文,1951693134469230659,Sat Aug 02,点赞 67,评分 8.0,其实《合约算法镰刀》是一个劝退系列文章！ 没想到吧 😄  最近感觉有点流量😄，评论说看了《合约算法镰刀》系列的文章（我基本不看私信）觉得文章太长，太细了，有很多地方没看明白，问我能不能写个懒人版？概括版？速成版？或者说我把简单的东西复杂化….  我这里统一回答好了 1. 网上有一堆速成/浓缩版，你们自己搜就有了；  2. 如果你常看我的长文的话- 应该对这句话很有印象“ 知其然 且知其所以然”，就是在讲细节和逻辑的（对错就见仁见智了）  3. 期货就是细节 - 而且是一环扣一环  4. 要是你没有耐心看完，或者说看完后觉得很复杂，很乱 - 然后不想再花时间理解其中的原因 -》 我的建议就是，你别碰合约交易了！！  5. 能不能不要讨论公式和计算？不行，合约交易就是一道数学题 - 如果你看到数字就头疼，我的建议就是，你别碰合约交易了！！（我写的还算是我“揉碎”后写的人话）  6. 不管你是新手/老手 - 希望你看完之后都有新的理解（我就希望有种温故知新的感觉就行）  7. 始终保持着一颗敬畏市场的心 （不扛单，错了就认，不懂就别做交易）  以上  ps 如果你有朋友想尝试合约交易，你让他先把这几篇文章看完，理解（我后面出个考题），然后过了再来交易 😄
实战推文,2099502998724710700,Mon Sep 14,点赞 69,评分 8.3,时不时就会被小伙伴问我，做妖币需要花多少钱？能套多少钱？ 这不，前两天又有小伙伴问到 ethereum:0x6033f7f88332b8db6ad452b7c6d5bb643990ae3f 这个盘需要多少钱？赚了多少钱？   是的，各位猜到了，我要给各位开开眼了 —— 这应该是ct史上第一个将这个手法一步步拆开来详解的文章  到底9月12日的那17分钟发生了什么？点火/脉冲花了多少钱？有多少人爆仓？是怎么做到的？ 为什么说这6秒是一念天堂，一念地狱？  完整版会发在substack上，大家赶紧订阅 + 关注起来吧～ https://substack.com/@agintender   《合约镰刀侦缉档案：火花、残刃与向日葵》   🤣 🤣 🤣 明天又是某个大交易所睡不着的一天了
实战推文,2033559675749241218,Mon Mar 16,点赞 19,评分 6.6,我是什么时候发现AI 投毒（geo）的投放流程和方式的呢？  话说去年我在写一篇合约算法的文章（应该是清算类的）的时候，在收集资料阶段，我就看到怎么这个人的观点跟我如此近似。。。连细节都很相似。。  结果我一看，好家伙，这不就是我写的吗？（只是署名不是我）。。。  我就知道写长文的意义不是现在，而在以后 不在结论，而在论证过程  有学习价值比起流量价值更重要
实战推文,2068847291214262566,Mon Jun 22,点赞 63,评分 6.8,冷知识： 不看 MMR 维持保证金率去开妖币仓位的，基本上就是送钱 https://t.co/eUQBonDHsj
实战推文,2076503009383891094,Mon Jul 13,点赞 54,评分 5.6,近期最好的永续合约定价攻防战神贴，没有之一，不建议你碰最近的妖币，但你如果要碰，至少先看过这篇文  @OwenJin12 兄还是太腼腆了
实战推文,1942205541302067353,Mon Jul 07,点赞 10,评分 7.7,"哎 刚才手滑..... 不小心把下午的预告推文删了  OKX近期对资金费率算法进行了一次看似低调的更新，乍看与Binance并无二致，实则在细节中布下巧思。    从资金费率的公式来看： 资金费率（F） = 平均溢价指数（P） + clamp(0.01% − P, −0.05%, 0.05%) 两个平台都是一样的    但是魔鬼就在细节里  OKX 永续合约的资金费率计算采用加权移动平均(WMA) 算法，并结合了指数移动平均(EMA) 的概念；  Binance 这里在计算溢价指数时加入时间加权平均值。每5秒计算一次溢价指数（即1分钟12个溢价指数），最终针对5,760个溢价指数取时间加权平均值，得出资金费率  别小看这个“平均算法”的细节，魔鬼就在这里看着你  至于这里有什么坑？作为交易员，交易策略该怎么调整？  欢迎阅读《 合约算法镰刀（二）：OKX与Binance资金费率机制的博弈哲学之战》"
实战推文,2094364548362805637,Mon Aug 31,点赞 50,评分 8.7,你们猜为什么周末股票的价格是https://t.co/hnWBQ11Rkh 是先动？ binance在周日下午6点开始的股票价格总是插针？ 为什么gate和mexc在周末的股票价格总是慢人一拍？   难道是因为他们操纵价格？  其实不然，是因为算法的问题  stock perp算法镰刀第二集已经上新啦——价格发现与价格跟随，各位订阅的小伙伴们记得趁热食用哈  https://t.co/efhyC8tf42
实战推文,1959951469421212046,Mon Aug 25,点赞 74,评分 8.0,不知不觉《合约算法镰刀》系列也写到了第10篇，持续更新了近3个月的时间。  最开始受 @OwenJin12 12 启发开始写这个“赛道”的长文，持续写了几个cex和dex的机制和算法，举了几个例子，也开始分享一些数据指标的解读和看法。这其中我也写了很多错误的信息，解读也不到位，也很感谢读者们（比如 @mia_okx @Haoskionchain ) 的评论和指正，让我意识到自己的不足和错误，进而修改和进步。我是真的心怀感激  我写的东西其实都是基本原理，都是数据面板上的东西，只是这个市场太过浮躁，大家都想的如何快速致富、看到他人暴富的焦虑后也觉得自己能行、尤其是好多新人朋友们，觉得进入圈子就是拥抱财富密码。你以为是概率，实际上，你看到的“大结果”都是幸存者偏差。  我当年还在技校的时候，老师就常跟我们说 —— 结论和结果都是“身外之物”，唯有论证和思考的逻辑和框架是自己的。  知其然，且知其所以然 - 这个导师的口头禅 😄  我跟很多人一样，都是老韭菜，入圈早，也玩合约、也亏钱、也维权；可能稍微不同的是，我会习惯性地问“为什么”是这个样子？然后就开始去看文档，看算法，操作之后一笔笔交易去推导回测... 我自己并不是交易专业从业人员，而且我的“合约战绩”也很差，属于大家眼中的永亏人设，我只是希望通过我有限的知识储备、有限的信息收集、不专业的观察视角和浅薄的理解让更多的人理解这些机制、算法背后的意义和功能— 不希望你能看完能赚到钱，但是肯定能帮你少亏点钱  像我的twitter介绍一下：Not here to give answers—just vibing through different angles and perspectives. 都是瞎编，笑笑就好  没有结论和定论，只希望给大家每次读的时候都有种“再见老友”（温故知新）的感觉。  江湖再见了，老友们
实战推文,2089265422751486234,Mon Aug 17,点赞 21,评分 8.0,感谢各位朋友们的支持， substack 干到了 rising #2   本周给大家带来一个硬核的合约算法类文章 ：  各家交易所在股市休市期间的perp价格有什么bug？ 能怎么“操纵”？除了冻结账户外，交易所有什么办法能“防操纵”？  应该是业内第一篇讲perp攻/防策略的  有兴趣可以关注：https://t.co/z8NYIpV1mr https://t.co/QRgDBjXqSE
实战推文,2043539600690528743,Mon Apr 13,点赞 104,评分 9.3,嗯 各位在 $rave 轧路机前捡钢镚的小伙伴注意啦。。 已经连续12小时都是负费率了。。（short pays long）  打到现在这个程度，比较有这两个可能： 1. 大户自己是多头，想通过负资金费率来消耗对手  2. 大户要建立空头，通过负资金费率来吸引对手建仓  从cb和kraken的现货交易量放大的情况来看，我更倾向于是第二种。现在就看大家要怎么操作应对了？毕竟哪个方向都有得玩  我的这个普通人系列主要是针对链上的，合约的要去看合约算法系列，或者我找个时间来写一个
实战推文,1966328037060071530,Fri Sep 12,点赞 66,评分 7.5,写了一个关于《合约算法镰刀》的小测验，算是对这个系列的一个系统性小结吧  “没有检查，就没有管理；没有验收，就没有反馈” ；本着这个多年来积累的应试经验，这份“小测验”就应运而生啦  也算是给各位在周末闲暇时留的小作业吧 😂  今晚发出来给大家玩一玩  另外，各位有没有什么好办法来增加这个测验的趣味性和参与度？ 比如把答案po出来，大家讨论？然后用AI随机选几个朋友给我发红包？））不是啦…😄  欢迎大家建议一下哈
实战推文,1946235266920022090,Fri Jul 18,点赞 42,评分 8.5,为什么说合约交易是交易所的印钞机？为什么有的交易所就敢跟用户对赌？  其实跟赌场类似，因为它们自带庄家优势  每过一局（每走一手）总会有一方要为另一方付出点什么？久而久之，一方的筹码（保证金）就会慢慢减少，而且往往就是这么巧的，就在你保证金见底之时，就会有一根“针”把你的仓位带走  而且交易所是光明正大地把你的钱一点一点的“挪走” ——而这就是资金费率算法  《合约算法镰刀（四）：0.01%的均衡——合约资金费率的机制与你百思不得解的爆仓残念》将在下周一晚上七点与大家见面啦  且看交易所你是如何一步一步落入交易所为你设下的必杀“圈套”。  敬请期待 🤣  0.01%的均衡，在永续交易眼里，就神似0.618的斐波那契数列，那样的精致动人
实战推文,2024686505655156938,Fri Feb 20,点赞 24,评分 6.2,一打开x又是各种瓜，一篇两条三个的倒是还好，全部都是这种吃瓜的，看着确实有点烦。。。   我要是cz我也烦，不是广告，就是八卦。。。  瓜，多性为寒性或凉性，吃多了容易窜稀。。。 大家伙过年吃胖都不容易  如果你实在闲的不行，欢迎来吃这个“合约算法”全家桶，连开胃菜都省了，全是硬菜  参考材料：https://t.co/q9fv7updHh
实战推文,2047573764515475692,Fri Apr 24,点赞 69,评分 7.5,这是一篇cex从业人员必读的文章 算是关于合约算法镰刀机制的历史性回顾吧～   这篇文应该是全网唯一一篇把永续合约的机制按照历史脉络如何一步步地从最初的设计走到今天这幅天地的体系化文章，需要有一定的基础才能理解里面的概念，不止硬核，门槛还高 🤣 但是真的有用  起因是因为上次有个okx 50000btc的远古维权事情，加上最近的限价机制，我看 @Haiteng_okx 都要被搞死了，就觉得应该写一下这些机制的来时路  后来前几天在香港跟几个跟交易所的闭门小会聊到这些，才发现道，不只是交易员、推上的小伙伴，其实连从业人员和kol们也不知道永续合约交易机制”今夕是何年“。。  当你了解背后的逻辑和演进路径后，其实真的没有这么多阴谋诡计，交易所比你还担心这些  多懂一些，下次遇到问题的时候，你能一眼看出是fud还是false  多一点常识，少一点阴谋，还币圈一个干净的时间线
