推文ID,发布日期,点赞数,浏览量,综合评分,是否长文,推文正文
1939532768964485247,Mon Jun 30 03:53:41 +0000 2025,126,188585,0.543,否,"接上文，不知道大家是否会对为什么老有巨鲸，比如 @JamesWynnReal 能在 @HyperliquidX 上开出天量的仓位单子感到好奇？为什么在 @binance 和 @okx 基本就没有传出这类的新闻？

难道是因为Cex不想做生意？还是说 Dex为了手续费豁出去了？

其实这是各大交易所的底层算法和规则所决定的 —— 极限交易者（超大仓位+高杠杆）天然地就适合Hyperliquid的模式

归纳起来，主要有以下几点：
1. 订单规模限制：Hyperliquid 从机制上是允许用户直接开出上亿美元的头寸，而 CEX 通常设有限制或会主动限制此类订单 —— 从下单机制上 @binance @okx @bitgetglobal @Bybit_Official 等交易所就做不到“极限交易”

这是为什么呢？

2. 管理哲学：Hyperliquid追求波动性（因为主动做市的特性，越波动越能赚钱）；CEX更追求系统的稳定性（不崩塌为原则）

3. 风险偏好：HLP vault是Hyperliquid的核心，相当于是一个“主动做市商”，去承接流动性和清算的头寸—— 它是欢迎巨额头寸冲击 HLP Vault （随之而来的就是资金费率算法上对HLP Vault的倾斜）；而 CEX的保险基金更多的是一个被动的“保护层”，避免cex的利益受损，所以会尽可能避免此类冲击。

4. 盈利能力：中心化交易所保险基金不足时会触发 ADL，削弱极限交易者的盈利空间；Hyperliquid 用 HLP Vault 吸收清算，交易者收益不被“社会化”。

5. 成本考量：Hyperliquid 上开巨额单子所需保证金通常比 CEX 更少，资金使用效率更高。更符合极限交易“以小搏大”的理念

6. 账户安全与自由：Hyperliquid 上资金可随时充值、提现，没有中心化交易所常见的风控或冻结账户风险，赚了钱之后可以“安心”提现；margin不足，可以随时充值到账补保证金

小结
Hyperliquid 通过其高性能 Layer 1 区块链、去中心化风险互助金库（HLP）、以及无 KYC 的设计，实现了对巨额交易者友好的架构。这一体系允许更高风险敞口，同时吸收个体失败的潜在冲击，从而建立了一个鼓励流动性与大胆策略并存的生态。

相比之下，币安与 OKX 则采取了更为保守的风险防控路径。通过不断提升大额头寸的维护保证金率、设立保险基金和自动去杠杆机制，它们有效地限制了个别交易者可能带来的系统性冲击。这种“强监管 + 强对冲”的模式，虽然限制了个人极端杠杆的发挥，却换来了更高的系统稳定性和合规信任度。

以上都是一些精简的概述，想看完（精）整（彩）版论述长文的，记得打开小铃铛🔔 ，不日就会发表啦

ps：
1.这个版本足够简单明了了吧.... 

2.为了适应不同的读者群体，老登我也算是操碎了心啊 🤣

3. 信息量这么大的长文（https://t.co/NYEb5ynX56），居然连个10w+都没有，太可惜了"
1993954867413659757,Thu Nov 27 08:07:40 +0000 2025,45,21950,0.505,否,"来，乘着今天孙哥开媒体发布会的风🌬️，我也来蹲下 @HTX_Global 的高持仓 OI， 低交易量 vol的瓜

一、背景/前情提要
昨晚留了个作业，问：为啥 @HTX_Global 的oi/24h vol是4.1x ，（是 @binance 的10x） @Bybit_Official  @okx @bitget 这些都是 < 1，难道是HTX 天赋异禀？有什么大招？   
有兴趣的去看： https://t.co/m8iO389JyR
https://t.co/rBoDokc2RR

oi/vol的比值越高，意味着大量的资金沉淀在合约里，却几乎不怎么交易。这是一个极度反常的“死水”状态。毕竟一般散户有钱放在oi里，倒不如去打新？

二、各种不靠谱的假设
第一种观点是：HTX内有大量的大户对冲交易，以及理财交易（HTX的oi主要集中在eth和btc），好多大户都在htx建仓吃费率。这点我是持怀疑态度的，因为深度不足。假设要清仓的话，这点深度根本挡不住，连清算都来不及。所以这些“大户”是谁？ —— 我猜是交易所自己推出的理财产品

HTX（以及tron生态）提供了大量高收益的理财产品，比如 USDT 存币生息，或者各类 stUSDT 等衍生品。

交易所或做市商如何支付这些利息？他们不能凭空印钱，最稳健的方式是做 期现套利或资金费率套利，比如：
买入现货（Spot）： 比如买入 BTC；然后做空合约： 在合约市场开等量的空单。（HTX在98%都是多仓付资金费）

第二种观点是：Tron系的内部循环
结合 stUSDT 和 TRON 生态的玩法来看。
质押逻辑： 孙宇晨大力推广 stUSDT（号称投资RWA），这些资金在链上或交易所内部流转。

抵押品： 如果用户抵押了 BTC/ETH 去借 USDT，或者交易所为了维持 stUSDT 的锚定和流动性，需要在合约市场进行大规模的对冲操作。

第三种观点：数据美化
以前交易所喜欢刷量，但现在链上侦探和数据网站查得严，刷量容易导致比值异常。现在的逻辑反过来了。交易所希望展示自己“流动性深厚”、“大户多”。

双向开仓（Wash Positions）： 交易所的内部账户可以左手开多，右手开空。不产生亏损，不产生交易量（因为开了就不动），但OI 数据会变得非常好看（看着资产沉淀很高）。

三、小小地分析一下
我们看下HTX的oi趋势图（24年1月到现在），这个曲线该怎么说呢？无惧市场牛熊，一路向前？！不管市场好坏，美联储是否降息？trump是否当选？cz是否出狱？（结合 @bitget 的对比，你就知道区别了）

更要命的是10.11的市场大地震，oi居然没有什么变化，都不带停歇的就提高了？！

再结合昨天推文的关于各交易所的平均杠杆的假设（https://t.co/m8iO389JyR） HTX的平均杠杆是10x，在10.11不出现大规模多仓爆仓的概率是多少？oi不减少反升的概率是多少？ 补充一点：我更愿意相信实际的杠杆率在2x 左右（其他的数据看看就好） 

我不敢随意猜测（怕被公关），所以问了AI，AI给出了以下几个可能性：

1. 抵押品特别足，虽然POR的稳定币就只有14～15亿，但是多头仓位用的是trx，btc，eth等来做抵押物 （你能想象一下：14亿的稳定币维持了一个近70亿的oi是啥情况？应该有其他抵押品）

2. 这些就是数据盘OI，起到数据美化作用，而且是同一个账户开的全仓，多仓亏钱+空仓赚钱弥补，而且期间还不触发adl

3. HTX是一个大机构活跃的交易所。在暴跌后，oi下跌后没多久，巨鲸们开始在HTX疯狂建仓（或者做对冲，而且还要有人来做对手方？），所以日线看起来还是一个上升趋势

4. 在其他所开的对冲仓位，在其他交易所也有钱，只是不体现在账面上

5. HTX的自营做市商有个无限钱buff，永不爆仓（类alameda在FTX的权限）

四、随便唠唠
well，我觉得1-4的原因或多或少都有点，5应该不会，毕竟假设5有的话，真的是太可怕了

我更愿意相信，或者希望，这主要就是HTX的OI的数据美化盘，要不然后座力真的是太强了

最后给大家布置个作业，为什么deribit和bitfinex的oi/vol 也有点异常？ 

最后的最后，你要是觉得这篇推文写的还有点意思，想当冤大头的可以去bn alpha 看下 $pundiai 然后转到 0x0000000000000000000000000000000000000000 烧掉 🤣"
2053022998878093431,Sat May 09 08:03:20 +0000 2026,19,9218,0.505,否,"揭秘：为什么撮合的价格与实际的成交价有时会不一样？
你的爆仓价格为什么跟市场的盘口价也不一样？

mark price 决定""应该以什么价格清算""（触发条件），但 last price（场内深度）决定""实际能以什么价格清算""。当订单簿薄、深度跑光，强平 IOC 沿簿吃下来的实际成交价远差于破产价，这个 gap 就是保险基金的“盈亏来源”。保险基金本质是吸收""mark 给出的理论清算价""与""场内执行的实际成交价""之间的偏差。如果两者总是一致，保险基金根本不需要存在。

有些交易所更激进一些，据闻有些直接干脆在订单簿前面加一层""给清算路径独立的对手方通道""——让backstop vault或者白名单的清算人优先接走整个仓位，绕开订单簿这条慢路径。这本质是把""强平执行""从场内撮合中完全独立出来，给清算路径自己的撮合通道。

回到 perp 撮合复杂性的核心：撮合主循环本身可以保持简洁，但它周围的状态机——风控、清算、保险基金、ADL、可能还有 backstop liquidator 网络——构成了一个比订单簿本身复杂得多的系统。""order book 长得和现货一样""的视觉错觉背后，实际上有两条独立的入口管道和四种不同的退出路径。这就是 perp 撮合""难""的真实形状。（据闻有些交易所还做了b book）

看到这里是不是觉得自己之前亏了这么多钱在永续合约上是有原因的？  🤣"
1977694626904752590,Mon Oct 13 11:15:17 +0000 2025,24,11154,0.505,否,"今天刚好在跟bn的朋友抱怨我的wbeth的赔偿问题，这波的损失差不多1m（按照3900+赔，现在是4400+）疼的我啊…. ）我现在还在维权ing

然后就聊到今天bn都在被全网喷/骂/黑- 说是因为 @binance 的关系带崩了整个市场，他们现在也很苦恼….

我看了一下：理由不外乎是usde/bnsol/wbeth在交易所内脱锚导致的崩盘 —》
进而传导其他的山寨币崩盘，—》
因为bn的价格权重高传导到其他交易所，和dex —〉
进而导致整个市场崩盘

所以得出：binance是带崩整个市场的坏银

我以被害者的身份说句废话：
如果是发生在binance场内的交易行为，那么这个怪bn无可厚非，就我所知 @cz_binance 和 @heyibinance 也不姓赖

但是如果你说因为bn的喂价权重高，进而影响到其他的交易所，然后导致你在其他交易所的仓位被爆，那这个逻辑就不对了

每个交易所的合约的标记价格（指数价格）都是按照不同的权重从不同的来源取价格，并且“应当”还会自动剔除异常值/降权，而且还会取MA，如果该交易所在异常期间还取bn的喂价（或者不降权），这特么就是那个交易所的算法的问题嘛（我看 @okx @bitgetglobal 就没啥影响）

那些在其他cex/ perp dex爆仓就要客户去怪bn带崩市场的客服，就是纯纯的误导好不好？

我猜这些交易所可能的数据就是直接照搬bn/或者没按照文档的算法来，所以才会这种情况

不论是合约/质押贷款在出事的时候，每一个参数都是关键，不考虑自身的条件，就照搬一切，一定出事！这不，已经在路上了

有一说一，bn将清算抵押物的机器人放在同一个现货盘口清算真的是一定改啊…. 也幸好是bn，其他的就只能关提现了

我不站队，我只是比较理性地维权"
1947296732876067010,Mon Jul 21 14:04:54 +0000 2025,214,29235,0.459,否,"如果说币圈有什么深层次的金融创新，AMM算一个，永续合约交易也算一个

永续合约的核心之一就是“资金费率”的设计

就是这个简单直接的公式让多少交易大神折戟、早就多少个暴富神话、甚至还给大家贡献了精彩的盘面攻防战

这个机制体现了一种巧妙的治理思想：交易所并不直接干预市场价格，而是建立了一套激励规则，让市场参与者（尤其是套利者）通过自身的逐利行为来主动修正价格偏差。这使得整个系统更具弹性、且具有自我调节能力

因为资金费率的机制，让永续合约不再是一个“赌大小”的游戏（近战肉搏），而是一个充满博弈、策略的交易战场，因为这些特性衍生出各式各样的交易策略，有些真的是让人叹为观止。

以这篇长文为起点（https://t.co/SeHCOYVz38），让大家先看点基础的背景知识。如果反应热烈的话，我再解构几个案例和操盘手法。 🤣  

如果大家觉得这篇文章对大家有帮助的话，还希望大家多多转发，点赞哈"
1988928210428653827,Thu Nov 13 11:13:32 +0000 2025,34,19587,0.423,否,"今天说一下 @Backpack Exchange ——生息永续合约 (IBP)，应该算是BP的产品创新之一，质押 BTC/SOL 作为抵押品——允许用户自动借入 USDC 来支付盈亏或结算款项，从而避免强制出售非美元抵押品 ——随后使用借到的 USDC 开立永续合约头寸

通过借贷模块获取稳定币（USDC），然后利用这些稳定币作为保证金来开立永续合约头寸，赚取资金费率，从而实现理论上的“中性收益” 

这个model一般会衍生出有两种玩法（利用了 Backpack 的 IBP）

经典基差交易 (Basis Trading): 交易者持有现货 BTC/SOL（作为抵押品），同时开立等量的 BTC/SOL 永续合约空头头寸。在牛市中，资金费率通常为正，空头头寸会持续获得资金费率收益。

借贷套利 (Borrow & Trade): 质押 BTC/SOL，借入 USDC，然后利用 USDC 保证金开立针对其他资产的永续合约头寸（例如，如果认为 ETH 资金费率极高，开立 ETH 永续合约空头）

一切都相安无事，很多用户都拿这个model来刷积分，一直到10.11 （就是抵押品 + 仓位的双重暴击）

1. 在市场暴跌期间（ 10/11 闪崩 ），作为抵押品的 BTC/SOL 价格急剧下跌，导致其市场价值蒸发。加上当时后的仓位价值也在下跌

2. 抵押品清算的估值折扣 ： Backpack 对抵押品的市场价值应用折扣率 (Haircut) 来计算其有效抵押品价值 - 进一步压缩抵押品的价值

3. 非线性清算：当市场恐慌和波动性急剧飙升时，交易所的风险引擎很可能会动态提高波动性资产（如 SOL/BTC）的折扣率。这意味着，即使在市场价格下跌的基础上，作为抵押品的 SOL/BTC 的可用价值也会被非线性地削减 （orderbook订单簿变薄）

4. 仓位价值减少：仓位价值随着市场崩塌进一步下跌，接近强平价格

5. 清算触发： 抵押品的价值可下降，导致保证金水平降低和清算风险 这种复合式的抵押品价值衰减（价格下跌 + 折扣率提高）会快速消耗账户的维持保证金缓冲，导致动态清算价格 迅速逼近标记价格，从而在理论对冲尚未完全失效之前，账户就因保证金不足而被强制清算 。

因此，这种“中性策略”的本质风险在于：当市场恐慌时，策略的对冲头寸（永续合约）或许是稳定的，但账户的抵押品基础（BTC/SOL）却在崩塌，更甚者，抵押品与仓位价值一起崩塌。

清算并非源于资金费率对冲的失败（理论上永续合约的空头应该对冲现货多头的下跌损失），而是源于抵押品价值的降低

知其然，且知其所以然"
1973980026300477948,Fri Oct 03 05:14:47 +0000 2025,33,17374,0.421,否,"说说稳定币里的不稳定因素  
这几天除了各种perp dex就是各种“新型稳定币”的讨论，撑着稳定币公叙事回落，侃侃一下。  

具体是什么不重要，大家看个逻辑就好  

机制分步解析 ： 
1. 抵押品存入：用户将一种波动性加密资产（例如 ETH）存入协议。  
2.多头现货头寸：协议持有这些 ETH，从而创建了一个“多头”头寸。该头寸的价值会随着 ETH 价格的涨跌而变化。
  
3. 空头对冲：与此同时，协议在衍生品交易所上开立一个等值美元的该资产的“空头”头寸（例如，ETH/USD 永续合约）。该空头头寸的价值与 ETH 价格的变动方向相反。 

4.风险中和：一个头寸的利润被设计用来完美抵消另一个头寸的亏损。如果 ETH 价格上涨，多头现货头寸价值增加，而空头期货头寸价值减少；如果 ETH 价格下跌，则情况相反。最终结果是，抵押品的总美元价值保持稳定 。 
 
5. 铸造 USD代币：基于这个价值稳定的抵押品基础，协议以 1:1 的比例铸造 USD 代币，对应于该头寸的美元价值。  

资金费率：永续合约有一种名为“资金费率”的机制。为了使期货价格与现货价格保持一致，市场一侧的交易者（通常是多头）会定期向另一侧的交易者（通常是空头）支付费用。从历史上看，空头头寸是这些资金费用的净接收方，这为协议创造了额外的收益来源 。  

风险/局限性： 
1. 资金费率风险：空头是资金费率净接收方的假设并非总是成立。如果市场情绪逆转，资金费率持续为负，协议的价值将不断“流失”，侵蚀其抵押品基础，并可能威胁到锚定 。
  2. 清算风险：空头期货头寸需要保证金。在市场极端波动（价格“跳空”）期间，协议的保证金可能不足，导致头寸被强制清算。  
3. 交易对手与中心化风险：该模型严重依赖于中心化衍生品交易所的正常运行、流动性和偿付能力，因为对冲头寸正是在这些交易所上进行的。交易所的失败、宕机或监管行动都可能冻结协议的资产，破坏其稳定机制 。。
  4. 可扩展性天花板：可铸造的 USD稳定币 总量受到底层永续期货市场的可用流动性和未平仓合约量的限制。它无法无限扩展，其规模受限于其所依赖的衍生品市场的大小 。 

 现在问题来了？  
1. 这波操作用了几次杠杆？或者说，能用极限情况能用多少次杠杆？

2. 这种类型的稳定币会不会再次刺激perp dex？"
1946235266920022090,Fri Jul 18 15:47:01 +0000 2025,42,7876,0.421,否,"为什么说合约交易是交易所的印钞机？为什么有的交易所就敢跟用户对赌？

其实跟赌场类似，因为它们自带庄家优势

每过一局（每走一手）总会有一方要为另一方付出点什么？久而久之，一方的筹码（保证金）就会慢慢减少，而且往往就是这么巧的，就在你保证金见底之时，就会有一根“针”把你的仓位带走

而且交易所是光明正大地把你的钱一点一点的“挪走” ——而这就是资金费率算法

《合约算法镰刀（四）：0.01%的均衡——合约资金费率的机制与你百思不得解的爆仓残念》将在下周一晚上七点与大家见面啦

且看交易所你是如何一步一步落入交易所为你设下的必杀“圈套”。

敬请期待 🤣

0.01%的均衡，在永续交易眼里，就神似0.618的斐波那契数列，那样的精致动人"
2088656165898977525,Sat Aug 15 15:56:49 +0000 2026,48,13928,0.419,否,"看到评论区，有人说nasdaq要开始上7*23 ，5*23了，那么是不是意味着binance这波“休市”后的红利快要结束了？！ 

我原来想说是不是你们没有认真读文章，（连标题都没看么？）后来一想，应该也是文章写的太长，信息太多，所以模糊了重点。。是我的锅

我要说的是：binance或者说币圈的交易所，会用perp 逐步获得股票的定价权，至少是短期的定价权

我在这里“用人话”说一下原因：

1. 一般来说，衍生品的交易量是现货的n倍 - 但这不是说期货的价格决定了现货，只能期货起到了引导/驱动/博弈作用，尤其是在短期内（什么squeeze，逼空之类的）

现在短期的热门股，大多是期货驱动，因为现货流通不多

2.为什么这篇文的标题：用perp做出一条定价权之路
因为perp太好用了，要是放在股票市场真的就是大杀器了（下面会解释原因），而perp恰恰是币圈交易所，或者说binance的舒适区

3.首先 perp能做什么呢？ 
各位还记得 $alpaca 吗？ 不知道的小伙伴可以去重温：https://t.co/7ENIn8g5tq 
这杀伤力太可怕了

4. 如果放在股票，perp有什么优势
就说一点：信息披露

如果在股票市场，你想要买卖股票都是有限制的，比如创始团队减持，要发公告；要回购，发公告；连散户不小心买到了x %也要披露。。 

但是你要是转换成合约的oi 就不同啦，想怎么样搞都可以 （参考3）

5. 接着4，最有意思的是，除了隐蔽，操作perp可以在你不需要稀释控制权的情况下赚到钱（不需要怎么卖现货，发个公告就可以了），这在股市就很好玩了。。（有些市场连卖空都需要你手里现有现货，而perp？ 呵呵）

6. 后续的优势还有不少，比如操作更为隐蔽，免税。手续费更低，不用t+1 等等，我就不细说了

7.  那你说这得等到猴年马月才有人进来？ 
no no no - 你知道有多少华尔街的mm也同时在币圈活跃吗？ 你知道多少妖币的mm也同时是股票市场的金融巨鳄吗？ 

8. 你再瞅瞅图表2.。 这个方向性的准确率，你还觉得远吗？ （ps 这篇文的每个图表都很有深意，值得大家去思考）

9. 管你nasdaq 是5*23，7*23，还是7*24 - 这个跟营业时间无关，这个是产品形态的事情
我自己认为：perp就是比spot正股好玩

直白一点：bstocks是服务perp用的，文章说的borrow，PUNDI X BASKET 等等都是围绕着这个事情

10.  现在回来最初的问题，如果perp真的能起来？ 你说最大的收益方是谁？ 

11. 最后吐槽一下，这篇文的含金量其实真的很高，尤其是里面的逻辑和数据

你要是认真看的话，这篇文让binance 给我100个bnb的奖励其实都不过分 （如果你仔细看图表2，这个对于量化团队来说就是钱啊） - 你知道这篇文能吸引多少团队进驻 bstocks 吗？ 赚多少钱吗？

结果好多人放着这些信息，去冲meme？！我也是醉了。。。"
1949850437148086517,Mon Jul 28 15:12:25 +0000 2025,26,5461,0.411,否,"强制平仓是对于交易所来说是一件”费力不讨好“的事情，得罪用户不说，一个不小心还容易把自己搭进去，而且把自己搭进去之时可是没人会怜悯自己的。所以怎么做到一寸长半寸强，半寸深一寸浅就是真功夫。

多说一句，别看什么造富效应——清算机制，才是一个交易所的良心和担当。

今天，我们只谈结构和算法。强平发生的真正逻辑是什么？清算模型如何保护市场整体安全？为什么仓位遭遇自动减仓 (ADL)？"
2053231160093024545,Sat May 09 21:50:30 +0000 2026,15,4581,0.4,否,"撮合机制应该是交易环节其中一个很重要，但是基本没有人讨论的事情

除了永续合约之外，期权和event contract （aka polymarket）的撮合其实是很少人关注的，这里面有好多坑，很多的算法和机制与传统的机制的差异也好大的

即使是永续合约，其实各家交易所都有自己的差异～ 有些交易所的撮合引擎说是专门为了“清算”而生的都不过分 🤣 所以不要说清算数据不能公开，甚至连历史仓位的pnl都查不到。。

之前看到好多有人要做期权和event contract的mm，建议感兴趣的朋友都先看一下再去送钱吧～"
1937698765068206257,Wed Jun 25 02:26:00 +0000 2025,4,2084,0.396,否,"原来原文在这里 😂
我参考 @dov_wo 的post，写了另一则寓言故事——

狗庄如何用永续合约与现货联动收割散户——【潮汕橄榄金融寓言】  
免责声明：本文纯属虚构，如有雷同，纯属活该。 
免责声明：知识无罪，操作自负。 
免责声明：狗庄无罪，贪婪有理  

序章：狗庄与潮汕橄榄村
在遥远的潮汕，有一个村子以吃橄榄为荣，含一粒橄榄、喝一口功夫茶，是日常仪式感的顶峰。

某天，一只狗庄来了。他既掌握了村外山头上的橄榄果园，又通过橄榄果实的高交易量让隔壁村的合约交易所上架橄榄果合约

村民们不懂金融，只听说这个橄榄过合约可以对冲，可以杠杆，炒橄榄可以翻身做富户。狗庄笑了笑，开局了。

第一幕：假装自己是“高买者”，制造价格锚点

狗庄用自己的现货橄榄，在市场上互相倒手：
第一天10元买一斤自己家的橄榄

第二天11元再买回来

第三天挂12元单成交，引起“潮汕日报财经版”小报道

一条漂亮的日K线出来了，深度薄的市场就像潮州牛肉丸汤，滚一下就沸。

广播里传来：

“橄榄是AI味觉训练的核心数据资产！”
“下一代大模型，将以橄榄作为载体！”

村民看着微信群疯传的“橄榄涨疯了”，虽然心痒痒，但是还是观望态度。

底价就跟乳沟一样，就看庄家想怎么挤

第二幕：用现货抬盘，引导合约开多

狗庄知道，“预期+情绪”才是合约收割的源泉。

他用几万元小资金，把橄榄从5元拉到10、18、22元：
现货连阳

这时候第一波村民，看着涨势很好，于是开始买入一些现货试试看。结果都赚到钱了

这个时候总会有些人借钱买现货，幻想靠炒橄榄买下汕头CBD电梯房，但是他们苦于没有准备只能看着好机会错失。（狗庄在这个阶段也不会让村民有机会开杠杆）

交易是道数学题，是不会让你看到希望的 - 你小时候做数学题的时候会预感自己成为奥特曼吗？

第三幕：制造FOMO高潮，让先信的人赚到钱

此时狗庄悄悄做三件事：
1.狗庄仍然继续将橄榄的价格抬到25，28，30元

2.说服隔壁村的合约交易所开“橄榄”的永续合约交易 ，毕竟橄榄的现货交易量大，不可能放着手续费不挣

3. 狗庄同时在合约挂空单，即是给散户多仓的成交机会，同时也是埋伏

先信的散户开始从现货中赚到钱了，落袋为安。没进场的散户纷纷感慨。

你以为你在抄底未来，实际上你在接狗庄的货。

第四幕：横盘是打窝，引君入瓮
狗庄随即将橄榄的价格维持到20元左右，并且横盘一段时间

同时还要放出xxx 因为在合约开个10x的多仓，轻松赚取cbd豪宅一栋的消息

那些之前在25元高位套现的散户，又看到了机会

这次第一波赚到钱的散户要的不是现货，而是合约

而且他们还会顺带吧还没上车的邻居喊上车

当你不知道鱼是哪里来的？你吃的就是鱼饵

第五幕：突袭插针，回调只是更好地上涨
狗庄在看到交易量，换手率上来后，慢慢把现货从20涨到了26，与此同时在合约出不断的放出空单

26是一个神奇的数字 —— 他让第一波先信的散户，找到了自信——以为自己就是那个幸运儿，那个天选之子

26元只会让他继续加仓，而不是撤离 —— 一夜暴富近在眼前

某个凌晨，狗庄突然用几笔大空单砸穿价格防线：

橄榄从26元瞬间插针到17元，村民的10x合约仓位没有爆炸，亏损了40%，对于村民来说，这只是一种痛感，一直持续加仓的痛感

而狗庄趁机出货也积蓄更大的能量

痛是身体发出的危险信号；但痛，在交易里是一种瘾

第六幕：V型反弹，重建信仰
狗庄不急，几小时内又把橄榄价格拉回到23元，并让KOL统一发言：

“只是洗盘，主力没走。”
“潮汕人讲义气，橄榄终将上100元。”
村民信了。

这种是一种“肯定式”的嘉奖，对那些忠诚散户“犀利眼光”的回敬，“你看看，我就说嘛，橄榄一定会杀回来的” “橄榄会上etf，届时外部资金一定进来的” “你看我2天前推文就分析过了xxxx""  “橄榄是下一个btc杀手。。。“ 

之后呢？狗庄就找隔壁村的defi协议，说我给你一点橄榄，你就让村民们来你这里做交易，每交易100个橄榄，你就给他们1个橄榄作为交易激励，但是产生的手续费要归我所有

defi协议一听，这好啊，何乐而不为，免费导有用户；村民一听好啊，可以多得橄榄；于是乎，狗庄就让橄榄会在18-22元震荡，虽然村民偶有怨言，但是毕竟亏的人少，还算ok 

你的仓位就如同放大镜，会自发地放大任何一个利好

第七幕：制造资金费率狂热，反手吃空头手续费
狗庄这时已经通过第2-6幕的操作累计了大量的空单，虽然现货也出去了不少，但是大部分的现货还在手上

他做的事很简单：
首先用第3和5幕赚到的利润，将合约的价格推上来，同时把现货的价格压低，创造出一个期差，就是现货和合约价格之间有个差价，做完之后放一个超厚的maker单子压阵

这样就把资金费率推到+0.2% /每小时

自己握着空单持续收资金费率

这时村民持有的多单就像个血吸虫，满满的让村民留血，但是他们却浑然不知

当然也有聪明的村民意识资金费率的问题 —— 狗庄就会想办法安抚他们，比如把橄榄从村里运到隔壁村，大大方方地让村民知道，村里“没货”啦，在坚持一会儿，橄榄就要涨了啊

温水其实煮不了青蛙，但回本的希望会

第八幕：控制深度，双杀多空
眼见日常热度下降，村民开始怀疑自己的决定时，甚至有kol带头质疑，交易所决定缩减仓位逐步ADL，狗庄决定出手了

由于村民的仓位被资金费率消耗，所谓的爆仓价格其实与村民当初的爆仓价格已经大不相同了

首先先把之前压舱的maker order撤出，这时候的order book就是平原；之后开始砸现货，但是狗庄不会一马平川，他会分阶段，因为要时刻看着交易所的穿仓保证金（不能让交易所亏欠是底线）以及迅速提现——以防被交易所冻结资金，

猎杀时刻虽然分阶段的，但是开弓没有回头箭，随着现货越砸越多，合约这里也响起此起彼伏的爆仓声，布置n天的空仓终于拿到了结果

分阶段猎杀并不是因为仁慈，而是怕动静太大打扰到赌场老板

第九幕：撕逼大战
橄榄的狗庄会把怒火迁怒于交易所、defi、项目、隔壁村、七大姑八大姨、隔壁村的小黄等等

完

尾声：一颗橄榄的命运

后来，村里有个小孩问爷爷：

“爷爷，为什么我们家以前很有钱，现在只剩下一个账号密码？”

爷爷叹了口气，抬头看着天上的云，说：

“因为我们把该含在嘴里的橄榄，放进了合约里。”

那小孩不太懂，但他记住了一句话：

“真正的风险，不在价格涨跌，而在你连自己在玩什么都不知道。”

再后来，潮汕村出了本新书，火遍大江南北，书名就叫：

《我炒的是橄榄，赔的是人生》"
2089217536915292301,Mon Aug 17 05:07:31 +0000 2026,21,7203,0.381,否,"大部分人的的认知或者直觉是：
现货带动衍生品（合约、期货、期权）的价格

但如果是这样的话币圈基本不可能在短时间内，或者说需要花费非常大的成本来做到，你想硬刚nasdaq，港交所？别傻了孩子，这样就是事半功倍

但币圈告诉我们，衍生品是可以反过来影响现货的，low float high fdv可不是币圈的专利啊

所以反过来，币圈要做的就是用效率更高的“永续合约”交易来获得这部分的定价权，营业时间肯定有关系啊，但本质上是金融产品形态的不同决定的

你说币圈有什么特殊的资源、优势？
有，meme、defi、基本实时到账+结算、资金使用效率、一群去中心化的量化团队。。。。

股市的量化/mm是有一套非常严谨+细节的交易规则，触碰到基本就是合规介入了。。但是在币圈的野路子可不管这些（当然不是说以后监管和法律不会介入，肯定会介入的，但短期内不会），他们有的的资金体量就是华尔街本街，所以规模也不小

只要你给这群“野生”量化一点阳光、一点水和工具 - 分分钟给大家整出各种花活儿来（什么积分+合约+借贷） 

市场大部分的链上股票的文章都是从散户怎么进入？怎么打通华尔街？ 我感觉都没回归到币圈的优势区，交易所要做的就不应该只是另一个”股票券商“而已

如何做到不是另一个”券商“，首先就是你吸引到的人群和提供的基础设施

这篇文之所以独特和难得，且值得我花了很多精力和金钱来做调研，就是想从野生mm的角度告诉各位交易所 - 这群人是谁？他们在看什么？他们需要什么？
——如何调动他们为己所用

Not here to give answers—just vibing through different angles and perspectives.

ps：感谢 @heyibinance 一姐的转发，让这篇硬核文能被传播出去（还把标题拿来发meme 🤣🤣，社区都是人才啊） ，要不然就是躲在阴暗的角落里发霉

pps：有小伙伴来询价，这篇花了这么多金钱时间精力的文，bn给了你多少钱？
A. 50k ； B. 20K ； C. 2K  ； D. 50u

答：以上皆非，基本是0，沟通的时候啥什么都没要
但这不代表可以白嫖啊，我要嘛很贵，要嘛免费

那你可能会说，那就是为了蹭流量的呗？ 别傻了孩子，你看我都没去binance square发了。。 。。

敬有趣的人们和野心的灵魂"
2047573764515475692,Fri Apr 24 07:10:02 +0000 2026,69,16810,0.379,否,"这是一篇cex从业人员必读的文章
算是关于合约算法镰刀机制的历史性回顾吧～ 

这篇文应该是全网唯一一篇把永续合约的机制按照历史脉络如何一步步地从最初的设计走到今天这幅天地的体系化文章，需要有一定的基础才能理解里面的概念，不止硬核，门槛还高 🤣 但是真的有用

起因是因为上次有个okx 50000btc的远古维权事情，加上最近的限价机制，我看 @Haiteng_okx 都要被搞死了，就觉得应该写一下这些机制的来时路

后来前几天在香港跟几个跟交易所的闭门小会聊到这些，才发现道，不只是交易员、推上的小伙伴，其实连从业人员和kol们也不知道永续合约交易机制”今夕是何年“。。

当你了解背后的逻辑和演进路径后，其实真的没有这么多阴谋诡计，交易所比你还担心这些

多懂一些，下次遇到问题的时候，你能一眼看出是fud还是false

多一点常识，少一点阴谋，还币圈一个干净的时间线"
2058867514088812772,Mon May 25 11:07:21 +0000 2026,8,10564,0.379,否,"一刷推，都在说 $sive  涨爆了…

真的是叙事打开了？要双上市？才不是，人家的AI相关pe到了230x…

今天这轮暴涨我盲猜是因为逼空，有点类似 gamestop当年（不过这次不是期权，而是现货卖空） 有博主说是2sigma开的大仓位，我没去查证，但即使不是它，也是其他人

如果要类比币圈的资产， $myx $coai $rave 那可太多了… 你可以理解就是“机制”造成的 ，空头燃料

长期不好说（我也不懂技术原理）但短期就是博弈之源（多空较量）驱动的，到哪儿都一样

这不就到了我们的舒适区啦？ 🤣🤣
这玩意儿有了资金费率只会更high

@Binance @okx @bitget @MEXC - 别看了啊，赶紧的"
2057664675152896149,Fri May 22 03:27:42 +0000 2026,19,14292,0.377,否,"看着大家评论的怨气比较重，我统一回复一下昨天说的Binance tradfi和pre ipo上市较慢的原因。。

先声明一下：我很久没看ADGM的规则了，我大概说一下我还记得的事情，肯定会有偏差，大家看个大概就行

1. 永续合约在ADGM大概率被归类为 Contract for Differences (CFD) 或类似的衍生品——因为它没有交割，只是基于标的资产价格波动结算。

然后根据FSP Scope，Dealing in Investments (Derivatives) 是单独的permitted activity

我没仔细看，但Binance在ADGM的现有牌照大概率目前只覆盖Crypto Spot或Crypto Derivatives(以加密资产为标的)，那做美股/原油/Pre-IPO为标的的衍生品时，标的资产类别变了，就需要扩展scope。（你可以理解标的范围）

这一点很重要:FSRA给的permission是按""标的资产类别 + 活动类型""两个维度切的，标的从Crypto扩展到Traditional Assets(equity、commodity、index)是一次实质性的scope变更，从框架不是""反正都是衍生品就一起做了""的即视感。

2. 还有一个就是Underlying Asset的数据源、价格发现机制要审

这是衍生品监管的核心关注点之一：你的标的价格从哪来?

美股永续 → S&P / Nasdaq的官方行情授权?还是用Chainlink这种聚合预言机?
原油永续 → 用WTI / Brent的期货价?用什么数据源?

Pre-IPO永续 → 这是最敏感的，因为Pre-IPO根本没有公开市场价,价格发现完全是黑箱。FSRA几乎肯定会问：你怎么定义结算价?有没有操纵风险?出了事咋办？

3. 除了以上这两个大项，还有其他什么retail保护，杠杆设置 etc有的没得的细节

反正这个“合规”真的不是调侃，是真的需要做的东西

4. 说一个有意思的事情
你们知道ADGM在2019年颁布的监管框架是谁写（主持）的吗？🤣🤣

对了，就是BN现在的co- CEO @_RichardTeng 就是这么巧～ 😂🤣"
2086812675695378626,Mon Aug 10 13:51:27 +0000 2026,51,11904,0.341,否,"前几天给大家发了个思考题：为什么 $SNDK 在币圈合约的交易量长期都在top1/2 ？

有小伙伴说：存储叙事、永续合约7*24的特性、交易所扶持（0maker fee）、流动性更好等等等原因

那如果真是这样的话，那为什么跑出来的不是 $MU 呢？ 都是存储叙事，都是币圈喜欢的、而且 $MU 的市值、流动性各方面都比 $SNDK 好，那为啥是 $SNDK 长期霸榜呢？

具体的原因，我放在 substack了，有兴趣看长文的自己去看吧 https://t.co/2NRUO8s75J

我在这里就说一个有意思的点：

币圈的朋友们都知道 @JaneStreetGroup 吧？就是SBF的老东家，你们知道在最近的披露中 Jane street占了 $SNDK 多少股份吗？ 
答：5%  （已知： $SNDK 正股的日turnover 大概在9.5%）

这个还没完，Jane Street在Q1的SNDK call option大约 48亿美元，季度增幅高达156% 

问题来了，你觉得 Jane street 有没有可能也刚好会使用合约 perp？如果回的话，那你觉得它们会不会把它们的 $SNDK 的仓位挪一部分到币圈来？

如果是这样的，那有没有可能Jane street不是一个机构，而是一个生态？ 如果... 

想知道更多细节的，自己去看全文吧： https://t.co/2NRUO8s75J"
2047904600305651974,Sat Apr 25 05:04:39 +0000 2026,26,10380,0.339,否,"劫后余生

312对整个行业是毁灭的，同时也起到了积极的推动作用

首先是抛弃币本位反向合约作为主流产品。
取而代之的是：U本位线性合约（以USDT或USDC作为保证金和结算单位）迅速崛起。保证金资产（USDT）与合约标的彻底解耦——BTC暴跌时你的USDT保证金不会跟着贬值，双死亡螺旋被从根基上切断。

数据上看，到2021年底，U本位合约在全网永续合约中的交易量占比超过85%，币本位合约则退居为一种”特殊产品”，主要服务于那些持有大量BTC现货、希望用币本位做对冲的长期持有者。

312不仅改变了合约类型的市场格局，更深远的影响是让”风险”成为了CEX衍生品产品设计的核心。

阶梯式清算、ADL、多数据源指数价格、EMA窗口优化、组合保证金——几乎所有后来成为行业标准的机制，都是在312之后的两三年内密集落地的。"
2068349825603784787,Sat Jun 20 15:06:41 +0000 2026,29,17046,0.339,否,"这几天刚好刷到类似的事情：大意是xx交易员的账户被“风控”，参与的币是妖币，被操纵了，为什么这么快就清算等等….

反正意思就是，你别管我我做了什么，但是你限制我的账户，就是你的不对，就是你店大欺客，你就应该背锅 bla
bla bla

下次遇到类似的事情，建议可以用这篇文的内容告诉他，应该比你们的官方faq更结构化更全

@pear_bnb @moonkimbinance @heyibinance @sisibinance @yayabinance 总不能每次连被锅都背得不清不楚的吧，各位拿走不谢

ps：如果各位觉得妖币的永续合约问题很多的，那你做美股的，期货的，那个坑更多了"
2027943752304869499,Sun Mar 01 03:07:22 +0000 2026,67,40345,0.337,否,"不忘与回响 —— 这个账号的来时路

不知不觉也做这个账号做了1年（25年3月1号开始）

一开始的时候是11k粉，一直到今天差不多30k （大概15%的订阅账号）

这12个月共发了1950个推，平均每天发5.34条（辛苦我了～）共发文章：99篇；总浏览量在30m左右；平均互动率在3.5%（100w左右的互动） ，我问了一下AI，对这个内容和数据评价还相对比较正面 🤣 

我还记得我第一篇长文（25年3月1号）： https://t.co/gPuVBrwCsm ，当时被 @colinwu 点赞转发后，第一波流量的推背感，觉得还蛮有成就感的。就是这一篇长文的推动给予了很大的鼓励。也很感谢 @wublockchain12 随后多次转发我的文章，给予我这个账号很多的曝光机会。

随后就开始慢慢写，但是流量都十分惨淡。

第一篇过30万的推文: https://t.co/5pxP1GJ3mD ，是关于 $ACT 崩盘的分析，当时候一大早起来一看流量，我都惊呆了，大家这么感兴趣的吗？

第一篇10万+的文章：https://t.co/r9h2aLQOMi  ，当时也是感觉莫名其妙的，觉得大家对这类型的文章是不是比较感兴趣？然后因为这篇文我认识了 @OwenJin12 ，与他的交流里，我开始感受到市场对于合约交易、内容的缺口，但是当时没什么感觉

陆陆续续也写了一些文章，但是效果都差强人意
其中花了大精力写了这篇我觉得比较有文学+纪实价值的文章：https://t.co/P4GPhFLQAm，但是效果不太好，所以就没继续了。但是因为这篇文让 @tongtongbee 看到了我，随后就在 @PANews 开了个专栏（在这里特别感谢PA news 慧眼识猪 🤣）

第一篇真正意义上引起讨论/注意的是我的“潮汕学” 😂： https://t.co/P4GPhFLQAm 看看有多少人是因为这篇文认识我这个号的，举个脚？当时候我记得我午餐时间发，当时候的notification一直提醒，晚饭时间浏览就超过了10w+

之后也陆陆续续发了几篇类似的，但是没什么波澜。直到有一天我忘了我跟 @OwenJin12 在讨论什么合约的事情，我注意到他有一篇说 binance和okx的合约机制文章，我就想着照着他的模式写一次 BN和OK的合约机制： https://t.co/nuBACLIVQO ，我原来就抱着试试看的心态，哪知道反响不错，也引发了很多讨论，我记得okx的mia还特地找来说，我好多地方写的不准确，我还特地写了个更新版

也让大家知道，我也是一边学些一边写的，我懂的也不多，也不全，一定有会写的不对，不好的地方，请大家见谅。

随后我调研了一下关于x上的内容，发现道了这部分的内容是非常有需求的，而且恰巧我自己也在交易，所以就有了之后的《合约算法镰刀》系列，有多少人是这个系列注意到我的，举个手 🤣

其实刚开始写的《合约算法镰刀》系列的时候也有点不太适应，也没什么正反馈，也不知道能不能给大家提供价值，一直到这篇讲资金费率的 https://t.co/t7fJdPVPMq 有人真的会pm我说，真的学到了好多东西，“我就觉得哎呀，还真的是能帮到人” 因为这篇文还认识了 @Web3Feng @thankUcrypto 等等大v

之后就保持着一周一篇的进度，一直写到第10篇：https://t.co/Spq7Aonwqo，就觉得再写就要挡别人的财路了，我就停更了。

可能是因为《合约算法》积累写长文的经验，这个时候开始我的长文逐渐地都稳定在10w+浏览量

之后就开始看到什么热点，还是接触到什么事情，就以此写文章 - 凡是与交易类相关的文章，出奇地浏览量还不错

随后我的流量在10月开始爆发，准确的来说是10.11之后开始（看图）—— 我站在“风口浪尖”面对大家的质疑（可能是因为之前写的合约文章，大家觉得我的话还有点参考价值？！）https://t.co/vhp9VUReGL
之后我的流量与大盘每一次大跌，还是什么妖币崩坍呈反向趋势，妖币崩得越狠，我的流量越好？ 🤣
12月份的时候x的推荐算法开始变化，我就尝试写一些没这么硬核带一点历史故事的文章，但效果也是差强人意
https://t.co/OCD3QwzMvL
https://t.co/R29AARVH14

26年1月份的市场环境不太好，也写了一些提振士气的：
https://t.co/nfBf6j6jXo
https://t.co/TJ8LYMKBO3

之后看到鸡汤和道理文大行其道 - 我也尝试写了几篇
https://t.co/caviOKnKte 
其中最好笑的是这篇以《繁华》黄河路为引的文章，居然被打成meme了：
https://t.co/qbi0JMoQr1 

还有这种被各位嘲笑说“考公”“考编”的文章 🤣：
https://t.co/9ZaqP9y2Js

我近期写的比较有意义的文章是这篇我耗费巨资的：
https://t.co/wr0QfPavW3 
被 @tongtongbee 评价说，做一个媒体人应该做的事情 - 那一刻，我觉得自己写的东西好像还真的有那么一点点用
行业很短，短的只有7秒的注意力；行业很长，长的容得下宏观微观大小观。

最后
没想到写着写着，就创造出这么多电子垃圾，真的是辛苦各位了

我就是一俗人，也想要吃好喝好玩好；肯定会犯错写错，还有点小脾气；但是各位要想到我就是一老灯，我都这么老了，犯点错怎么啦？

流量是光，而光不公平。 它只照亮那些站在高处的人，至于下面那些试图发声的影子，除非足够吵，否则没人会在意。
一年前，我觉得这个世界已经不是“是金子总会发光”的世界了；

一年后，我开始觉得如果你愿意大声喊，总会有人放慢脚步，去倾听你微弱的声音

最后打个广告，我的项目 @pundiai @marginx_io 马上就要上新产品了，麻烦大家多多关注 - 这次我们将重构合约算法镰刀的博弈和血腥，让PVP来得更猛烈一些吧"
2002255907376578917,Sat Dec 20 05:53:03 +0000 2025,51,23914,0.337,否,"哈哈哈 如果你觉得最近自己发的内容没什么流量，然后有点小焦虑？ 别担心😉

我那些几十万浏览量的长文（都不是长推）都是突然不知道有一天，突然就有人冲进来 

可能是被某个大v转，可能是市场结构，可能是某个事件，可能是x的算法更新，可能是x的dev休假回来….

比如这篇讲清算机制的，就是突然有一天市场突然崩了，大家才意识到重要性，才恍然大悟（下次大跌，这篇一定过10w+）

有些话题能火是因为发帖的那个人，是影响力带动；

有些内容能火是因为那篇文能带来价值，能产生共鸣，是情绪驱动

要分清楚影响力、价值和情绪的差别

如果不是生活所迫，那至少在网络世界活成为那个你喜欢的样子"
2054969732491583943,Thu May 14 16:58:58 +0000 2026,19,6312,0.331,否,"交易的本质是有利可图（或者你在做决定的时候主观上是相信是有利可图的）

不管你是套利/看好/看空/撸毛；交易的是现货/合约/期权/预测市场

而交易所就是要创造这种“有利可图”的机会，不管是空投/时间差/空间差/预期差/波动率 etc

有了这个基础，才在上面堆砌叙事/技术/机制/空投"
1941009901490524309,Fri Jul 04 05:43:17 +0000 2025,14,2647,0.316,否,"爆仓疑云：为什么同样的仓位和价格，a交易爆你的仓？b交易所却没事？有甚者，清算之后你还倒欠交易所钱？

不知道你们会不会觉得奇怪，为什么在同样的条件（杠杆/开仓价格/仓位 etc），为什么每家交易所的爆仓/清算价格是不同的？ 

甚至是仓位被清算之后，为什么剩余的资产是不同的？有的剩的多？有的还会会倒欠交易所钱？

你们是不是以为这都是交易所盯着你们的仓位？要吃客损？

😄 别傻了，孩子们，不是你们强得可怕… 这一切都是各家交易所的清算算法决定的….

我本次比较了 @binance @okx @bitgetglobal @Bybit_Official 的清算算法/adl 给大家揭秘一下“爆仓疑云：你说的客损和利润都藏在清算算法里” （感觉应该是一篇10w+的标题 😄）

剧透一下： 清算算法的容错率结论会有点出乎大家的意料

有兴趣的各位，可以关注，开启小铃铛啦 😄 不日发表

ps：我这里暂时没找到 @okx 关于清算和adl的稳定，谁能提供一下哈"
1938949862558728471,Sat Jun 28 13:17:25 +0000 2025,4,109,0.312,否,"首先太感谢你的时间了  好难得有人能整篇啃下来，然后还能举一反三 厉害

先回应你：
1. 交易所的机制都是“亏”出来的，bn最早是从bitmex搬过来的机制，然后随着流动性增加/山寨币/市场环境变化才最后演变成今天这个样子，这个算法说是10亿换回来的都不过分

什么哲学思想都是我自己yy的，但是这也反映出设计者的思维底层（很可能连他自己都不知道他是这个金融思维）

2. 对于机构来说，看算法是一回事，交易所给的api接口，下单限制又是一回事 ，充值提现限制也是一个因素（又给自己挖坑了… ） 具体的策略执行还要看这些细节，我说的结论是结合这些因素

3.我特意强调hyperliquid的标记价格和资金费率的算法，其实是为了“铺垫”我的下一篇文章 “HLP vault”， 这个才是Hyper的核心

这也是为什么hyper可以容纳或者说“极限交易”的主要原因（我这里想卖个关子啦！😂）剧透一下：什么流动性，信誉都是次要的，是开单的成本

最后：
太赞了👍 这种讨论真的好爽，虽然不见人，但是从文字就有种“我懂你”的知性“爽”感 

思想碰撞的愉悦才是twitter的杀手锏啊"
2092163302600368381,Tue Aug 25 08:12:56 +0000 2026,35,34861,0.299,否,"嗯，关于各个交易所股票休市期间的mark price算法和传递路径的文章写的差不多了

这里先给 @binance 和 @bitget 的官方文档提个建议吧（搞得AI跟我一直在左右互搏 🤣，我说AI是错的，AI告诉我官方文档是这么写的。。） 

1.  @binance 这里 https://t.co/FIMdivoedY

同一篇官方Academy文章正文已经明确写：2026年5月16日起，equity TradFi perp从Fixed Mode改成Orderbook EWMA；但下面的FAQ是：休市时“fixes the Price Index at its last known value”。

这两段是直接冲突的。
我测过了，现在已经是EWMA了 - 建议一起改了吧

2. @bitget 这里https://t.co/U7iPClhH7T 也是类似的问题，正文说休市Mark继续用standard model，FAQ又说休市Mark使用EWMA smoothing

这两段是直接冲突的。
我测过了，现在已经是EWMA了 - 建议一起改了吧

我猜应该是换成EWMA 后忘了改FAQ的论述 🤣 

《合约算法镰刀十五》stock perp的休市镰刀和dex的弯道超车之路——是什么让BINANCE一直被牵着鼻子走

欢迎订阅：https://t.co/oWfm2IKoZs"
2062778962775040241,Fri Jun 05 06:10:03 +0000 2026,13,5562,0.299,否,"这可能是一个价值百万美金的建议

再给交易所（们）一个弯道超Binance的机会

上中小市值股票的永续合约，现阶段可以看下DAT类的标的（上该股票现货是optional）

让华尔街知道什么叫合约-币-股联动叠三层buff的厉害，让他们知道币圈是如何抢夺定价权的 - 一张成名的机会来了

至于怎么做？nani？ 真的还要我说吗？
没有流动性？ 要怎么弄？ come on man….

这波看好你们啊 @bitget 别让我失望哈

@xiejiayinBitget 成了，别忘了我哈"
2078343726309728567,Sat Jul 18 04:58:52 +0000 2026,37,15118,0.299,否,"我补充一个观察，可以一起研究一下 @0xVeryBigOrange @bitfish 

我有一个暴论：韩国金融厅这里最近改变了券商的清算方式，即券商把清算仓位丢给第三方，而不是直接往市场上砸

举个例子：7/13（一）的时候都跌熔断了，按照t+2的原则，在周三的时候，早盘竞价的时候会有一堆头寸清算，但是7/15反而是大涨（复苏），而且券商头寸方面的清算数额也不高（3.8%）

我是赞同目前的韩国股市还是：散户用新杠杆，去承接旧杠杆的说法，机构是在用futures去对冲承接

散户什么时候投降？或者投降的指标？
我是觉得现在看宏观的数据不是很有用了，短期我更倾向于看散户的预托金的流入情况，消费贷款额度，散户跟券商的融资头寸 - 现在还是在近6个月的高位 😂"
2069415095860650021,Tue Jun 23 13:39:41 +0000 2026,14,5003,0.299,否,"过去的金融世界，是有时间边界的。

早上开盘，下午收盘，周末休市，银行有工作日，清算所有结算日，交易之后有日终处理。保证金可以在某个固定时点计算，后台系统可以在市场关闭之后对账、修正、补资料、处理异常。金融市场再复杂，也总有一个时刻会停下来，让制度喘一口气。

这个“停下来”的时刻，几乎是传统金融最隐蔽的地基。

Crypto 说：就算你数到一百，劳资就是不关。

特朗普不会因为是周日就不发推；
比特币不会等纽约开盘；
永续合约不会因为周六凌晨就停止波动；
稳定币不会因为银行休息就停止流动。

市场从一条一条交易日，变成了一条连续不断的时间线。

这可能才是 OKXICE 真正值得期待的叙事。它不是“传统金融拥抱 crypto”这种老套叙事。它背后真正的问题是：

7 x 24交易的趋势已至，当交易永远不关门，传统金融赖以建立确定性的那套清算、监管、抵押品和客户资产制度，还能不能继续运转？"
2063988435967455273,Mon Jun 08 14:16:04 +0000 2026,11,5470,0.299,否,"说一个大家可能都不在意，但是又有点重要的事情

就是在韩国🇰🇷margin loan的清算其实不是实时的～ 

韩国股市的信用交易主要分为两种：「信用融券/融资 (신용융자)」（标准融资）和 「未追缴结算款 (미수거래)」（超短期融资）。

1. 标准信用融资 (aka Margin Loan / 신용융자) —— 维持率不足
当你的账户资产因为股票下跌，跌破了券商规定的最低担保维持率（通常为 140%）时：

T日（触发日）： 收盘后，若维持率低于140%，券商会向你发出Margin Call。

T+1日（宽限期）： 给你一个交易日的时间去补足现金，或者自己主动卖出股票减仓。

T+2日（爆仓执行日）： 如果你在T+1日收盘前未能将维持率补回140%以上，券商将在 T+2日的开盘集合竞价时段 强行对你的股票进行下限价卖出

2. 未收账款交易 ( aka Unsettled / 미수거래) —— 超短期强平
这是韩国散户非常喜欢用的一种高杠杆、超短期融资（通常只需要交40%左右的保证金，但是在T+2日必须补齐余款）。

T日（买入日）： 借钱买入股票。

T+2日（结算日）： 正常结算日。如果收盘时你账户里没有足够的现金来支付剩下的 60% 尾款，这就属于“未结算款”。

T+3日（爆仓执行日）： 早上 09:00 集合竞价时段，券商会直接把你账户里的股票挂单卖出。"
2090344055175856533,Thu Aug 20 07:43:54 +0000 2026,38,28523,0.299,否,"难道binance不要命了吗？居然敢上大a？ 罚了这么多钱还没长教训？！

其实现在交易所上以大陆证券为underlying asset的合约交易对是没啥法律问题的。。说白了，perp跟交易什么大a，大b，大c的股票的关系不大。。因为就不是同一个类别

从vara的角度来说，perp交易就不是交易证券

vara现行框架下有个叫： Exchange Traded Derivative（ETD）的东东，这里面就包括了永续合约 perpetual

基本上只要你不以usd等法币做结算就ok了（因为会跟cfd类似）crypto-denominated ETD 

然后你就会问了，那为啥 binance上个标的怎么这么慢？是不想干了吗？🤣

这是因为vara对于 underlying asset （就是底层是个啥）是需要vara批准审核的

真正有风险的是那些mm，因为可能需要去买股票来做对冲。。

ps：我也好久没碰这个了，但是印象中应该差不多是这样"
1982408899467899260,Sun Oct 26 11:28:07 +0000 2025,30,40248,0.299,否,"还记得10.11那天，我的wbeth仓位被干了… 我那时候找到客服/大客户经理，要讨个说法.. 就这是什么情况，凭啥被干了

我猜他们的统一说辞都是“市场行为” bla bla bla，这跟我们没有关系之类的，我当时还想跟他讲道理的…

后来，说着说着他还给我一个说明，说你看当时最低的市场价是430，针都到这里了- 你这个爆仓就是没错的… 系统是对的，你就认栽吧之类的

他一说到这里我就意识到，我就不应该花时间跟他聊，这完全没有意义 — 因为清算价格是按照标记价格来的啊！！

你在这里跟我扯这根针？

哎 夏虫不可语冰 大概就是这个意思吧"
2069666692582748170,Wed Jun 24 06:19:26 +0000 2026,46,14342,0.297,否,"揭秘一下这篇文的research是怎么做的

好几个小伙伴pm，问这篇文的怎么做 @okx 和ICE 的资料汇总和研究的。因为资料很分散，除了是在各大媒体站外，okx/ice自己的披露之外，大部分有价值的信息都在x上，尤其是 @star_okx 近期发的内容

你需要结合着ice的历史、职能、近期的战略部署，以及okx近半年的变化来看（首先你可能得对ice是干什么的有一个大致的了解），而这些事情要串联起来就要一遍遍的关照着x、官媒、法规变化以及市场变化一起来看，才能稍微看出一些端倪。

最直观的就是在各家交易所都有美股现货的基础上，为什么okx 不上自己的美股现货（永续和xstock不算）？是没有渠道吗？是没有牌照吗？ 

AI工具时代，最有价值的是能把信息串起来看成一个整体的思维框架

grok反正回答点问题还可以，要深入分析和研究，就呵呵了。。而其他的AI 工具，不是没办法拿到x的内容，就是分析框架有点一言难尽

我就不说我用的是哪家了（免得你们说我打广告，然后我又没收广告费 🤣）我相信聪明的各位，真的想试用的话会自己找到的"
1905639816840319140,Fri Mar 28 15:15:12 +0000 2025,29,9726,0.297,否,"系香港Web 3 Festival 玩到攰？過嚟食熱辣辣嘅雞煲啦咁！

感谢 @PundiAI 和 @zetachain @ZetaChain_CH  老板们的赞助，4月8日晚9点-2点组了一个鸡煲宵夜局，是一个private event，来的都是各个领域的大佬OG和家人们，有媒体/kol/项目/交易所/工具/vc等等... 好久不见，大家聚聚

说到为什么这次的主题这么接地气 - 吃鸡煲；两个原因：1，因为我们把钱都用到刀刃上（人均预算高到发指），没有明星/排场/噱头/dj，就是为了让大家在忙了一整天后，能够吃上一口热乎饭；
2. 当晚只有八卦，没有工作；只有人情，没有事故；只有初心，没有算计

吃完。喝完。聊完。我们再出发

因为场地有限，能邀请的人数有限，实在是抱歉。
我只能在这个推下抽取5位踊跃互动的朋友一起来“吃鸡”

麻烦大家帮忙转发、传播出去（帮我完成我的kpi）🙏🙏🙏
#香港Web3嘉年华 #Web3Festival"
2068251122926772610,Sat Jun 20 08:34:28 +0000 2026,32,8691,0.291,否,"如果你在妖币上踩过坑，那这篇文可以让你知道你到底踩的是什么坑？

当我们在说别碰妖币的时候，我们到底说的是什么？

除了大家熟知的现货控筹，合约数据盘之外，其实还有一个很重要，当时基本没有人讨论的事情：底层的算法和参数

同样的杠杆、同样的波动，玩妖币的仓位总是爆得更快、更早、更惨

这篇文应该是CT唯一跟你说合约清算底层的文章

希望看完之后，能稍微超度一下你逝去的仓位 😄"
1980482009089892684,Tue Oct 21 03:51:21 +0000 2025,79,19508,0.291,否,"各位，认真的，假设你不知道什么是仓位的

1. 维持保证金
2. 强平价格
3. 破产价格

还不设止损的

那你来做合约交易，就是来送人头，妥妥的
你没被爆仓就是纯运气好

强平价格的触发总在破产价格之前。
强平条件触发后，用户的头寸被清算引擎接管，并以“破产价格”进行内部结算。"
2053523329009496479,Sun May 10 17:11:28 +0000 2026,26,12237,0.289,否,"看不懂为什么 $spacex pre stock 各大平台差价这么大？

omg 撮合不重要？！有没有可能只是没人提而已

如果你把cex看成是赌场，那么现货/合约/期权/预测就是游戏项目，百家乐/转盘/blackjack 

那么撮合引擎就是那个发牌规则（包括发牌顺序/切牌/能不能拆牌/加注等等）

你自己判断重不重要吧？🤣

看懂了这个，你再接着看 $spacex 的定价规则就会清晰很多"
2087373744922865878,Wed Aug 12 03:00:56 +0000 2026,13,4506,0.272,否,"今天被 @bc1qDave 把旧文翻出来了 😂

说几个之前没提到的事：

1. 为什么文章标题叫“永续十年，幕还未谢” 

那时候刚好听到Bitmex被收购的事情受阻，撑不下去的消息 - 觉得有点唏嘘

7月就出来这个消息

2.为什么封面是袁泉的回眸图？

建议你去看《大上海》，你就只能体会这个心情了

当年的恋人分隔，再见只能是路人 - 就跟当年一眼见到合约陷进去的自己一样

这篇文从流量上来说确实有点可惜 - 可以说是系统性对永续合约十年的周期变化的体系化总结，对于接下来的股票合约有很多借鉴意义（我的很多策略都是在这个基础上形成的）

只可惜因为x的算法，内容质量和市场原因没办法出圈

今天看回来，什么出不出圈，能够收获两三知音，足矣"
1964528664575693123,Sun Sep 07 03:18:27 +0000 2025,13,3742,0.266,否,"对于大部分人有限的操作水平来说，大资金量的套保就不是用“永续合约”能完成的

你不被干就不错了，还要“保”？！

下次试试看期权/iou吧
（有期权交易所要来发广告的吗 😂）"
2083417941882929276,Sat Aug 01 05:02:00 +0000 2026,16,15301,0.257,否,"当我们一直在说samsung三星和sk海力士的2x杠杆etf产品破坏力惊人时，这到底是怎么回事？

今天有空了，给大家开开眼
我以7月31日的etf交易数据举个例子

1. etf交易与本股的交易
现在市场上总共有16只个股的杠杆产品：7只三星电子杠杆ETF、7只SK海力士杠杆ETF，以及各自一只反向2x产品

sk海力士相关的etf成交额是2.244万亿韩元，本股的成交额17.219万亿韩元；

samsung的etf成交额是0.788万亿韩元，本股的成交额14.767万亿韩元

2. 如果把2倍杠杆算进去，相当于多少本股交易？
最简单的算法是：
ETF交易额 x 2

sk海力士2.244*2 = 4.487，占了本股交易的26.1%
samsung 0.788*2 = 1.576，占了本股交易的10.7%

你看到这里是不是瑟瑟发抖了。。 好家伙，海力士26.1%的交易是etf构成的。。。（这也是一些分析师拿来放大吓唬大家的～）

但是这个数其实是 gross delta equivalent，不是实际发生的本股成交。

3. 现货穿透率
一般来说，投资者a把ETF卖给投资者b，做市商可以完全不碰本股；不同订单可以内部抵消；部分产品也使用单股期货、掉期或其他衍生品对冲

假设ETF的2倍名义成交中，我们保守一点假设只有25%最终转化为新增现货对冲：

sk海力士2.244*0.25 = 1.122，占了本股交易的6.5%
samsung 0.788*0.25 = 0.394，占了本股交易的2.7%

4. 更重要的是日终rebalance再平衡
2倍产品每天收盘前还要把杠杆重新调回2倍

假设开盘时基金净资产为 A，本股上涨 r：
正向2倍ETF理论上需要追加： 2Ar ；

反向2倍ETF在本股上涨后，也需要买回部分空头，理论金额为：6Ar

所以在暴涨日，正向2倍ETF和反向2倍ETF都可能成为买方。正向产品要增加多头，反向产品要回补空头。这是杠杆ETF可能产生顺周期效应的核心。

所以如果按照7月31日收盘后的ETF市值倒推，简化计算我们假设没有申购赎回、全部维持准确的±2倍杠杆：

sk海力士的rebalance买入2.604万亿韩元，占了本股交易的15.1%；
samsung的rebalance买入1.237万亿韩元，占了本股交易的8.4%

5. 现在问题来了：

你们觉得 15.1%和8.4%的2x etf产品交易量对本股意味着什么？

欲知后事如何，还请听下回分解～"
2083411790357229703,Sat Aug 01 04:37:33 +0000 2026,30,13317,0.257,否,"当我们一直在说samsung三星和sk海力士的2x杠杆etf产品破坏力惊人时，这到底是怎么回事？

今天有空了，给大家开开眼
我以7月31日的etf交易数据举个例子

1. etf交易与本股的交易
现在市场上总共有16只个股的杠杆产品：7只三星电子杠杆ETF、7只SK海力士杠杆ETF，以及各自一只反向2x产品

sk海力士相关的etf成交额是2.244万亿韩元，本股的成交额17.219万亿韩元； 

samsung的etf成交额是0.788万亿韩元，本股的成交额14.767万亿韩元

2. 如果把2倍杠杆算进去，相当于多少本股交易？
最简单的算法是：
ETF交易额 x 2 

sk海力士2.244*2 = 4.487，占了本股交易的26.1%
samsung 0.788*2 = 1.576，占了本股交易的10.7%

你看到这里是不是瑟瑟发抖了。。 好家伙，海力士26.1%的交易是etf构成的。。。（这也是一些分析师拿来放大吓唬大家的～）

但是这个数其实是 gross delta equivalent，不是实际发生的本股成交。

3. 现货穿透率
一般来说，投资者a把ETF卖给投资者b，做市商可以完全不碰本股；不同订单可以内部抵消；部分产品也使用单股期货、掉期或其他衍生品对冲

假设ETF的2倍名义成交中，我们保守一点假设只有25%最终转化为新增现货对冲：

sk海力士2.244*0.25 = 1.122，占了本股交易的6.5%
samsung 0.788*0.25 = 0.394，占了本股交易的2.7%

4. 更重要的是日终rebalance再平衡
2倍产品每天收盘前还要把杠杆重新调回2倍

假设开盘时基金净资产为 A，本股上涨 r：
正向2倍ETF理论上需要追加： 2Ar ； 

反向2倍ETF在本股上涨后，也需要买回部分空头，理论金额为：6Ar 

所以在暴涨日，正向2倍ETF和反向2倍ETF都可能成为买方。正向产品要增加多头，反向产品要回补空头。这是杠杆ETF可能产生顺周期效应的核心。

所以如果按照7月31日收盘后的ETF市值倒推，简化计算我们假设没有申购赎回、全部维持准确的±2倍杠杆：

sk海力士的rebalance买入2.604万亿韩元，占了本股交易的15.1%；
samsung的rebalance买入1.237万亿韩元，占了本股交易的8.4%

5. 现在问题来了：

你们觉得 15.1%和8.4%的2x etf产品交易量对本股意味着什么？ 

欲知后事如何，还请听下回分解～  🤣 🤣🤣🤣

ps：其实推文是有点长了，有兴趣的可以关注我的substack  https://t.co/oWfm2IKoZs"
2077420960127582273,Wed Jul 15 15:52:08 +0000 2026,25,28636,0.257,否,"长话短说：国家队出手了
1. 更改了清算方式，不直接丢在市场了
2. 年金跟进购买了

但是7/15的现货主要买盘是外资（对，他们回来了）但是期货的卖盘也是外资（应该是也做了对冲）- 所以这群人不是真的买盘

7/14的券商的融券贷款额度也终于降到了4个月来的安全线，不过margin还有3.4万亿。。所以去杠杆的重任还没结束呢

此外预托金还没回到这个三个月的均值-散户都在观望

不过7/22还有海力士的财报可以博弈，所以明天应该又是拉锯战的一天，kospi大概率明天不会熔断了

大概率是高开后的宽幅震荡,冲高动能衰减"
2070350124354883879,Fri Jun 26 03:35:09 +0000 2026,28,13685,0.257,否,"这几天有小伙伴问我： @okx和ice的这招会不会卡 @binance 的脖子？！ 

因为ice是清算机构，未来binance的bstock是不是有可能通过okxice进行链上美股的清算？—— 答案是：不会的，清算机构可不止ice一家呢 （大家自己去问AI，但grok就算了。。）

在都是7*24，都是链上美股（正股）的情况下，那okxice的真正优势是啥？

答案：与传统银行打通的结算体系，7*24的那种
你想象一下，有个机构在链上穿仓了，周末银行不开门，怎么补保证金？用okxice可以做到。。。

看到差异了吗？"
2090990400924438993,Sat Aug 22 02:32:14 +0000 2026,65,45893,0.257,否,"说一个冷知识：各家交易所 stock perp的oracle命门就是 @PythNetwork 和 @KaikoData 

基本上每家交易所都接入了他们的oracle

是不是很惊讶，stock perp的赛道居然是 pythnetwork 而不是 chainlink

stock perp的隐形冠军 solana:HZ1JovNiVvGrGNiiYvEozEVgZ58xaU3RKwX8eACQBCt3"
2060952204895514702,Sun May 31 05:11:10 +0000 2026,47,20083,0.257,否,"不知道各位是什么时候开始关注到这个帐号的～如果是《合约算法镰刀》系列的话，那么各位有福了～

这几天花了点时间做个了《合约算法镰刀》系列重制版，基本上就是把之前发在x上的算法长文修改，增删一些细节（时代和算法也在进步），尽量让算法更符合实际运行的情况

这些重制版会发在substack上 （https://t.co/oWfm2IKoZs ），有兴趣的朋友可以去订阅/关注

第一期的内容就是：合约算法镰刀—Binance 和 OKX 旧算法的永续合约之战  （好消息是，第一篇相当于回馈给老粉了——72h内是免费订阅的🤣～） 
https://t.co/qDOmM5kSbx"
2097606003126935617,Wed Sep 09 08:40:17 +0000 2026,33,8202,0.25,否,"有一说一，虽然 $BNC 是个很适合stock perp反馈现货市场的标的，但是美股市场对这个标的真的很不感冒

根据10-K （4月30日）的披露，CEA （ binancecoin:native  的DAT） 持有515,544个 binancecoin:native ，按照750u算，今天的价值差不多在386m 

按照9月8日的收盘价5.25（涨了50%），41,263,850 股普通股流通， CEA这家公司的mc是 216.6 m 

有意思的地方来了：如果你把 Market Cap / BNB Value ，你会发现只有216.6/386 =0.56x
就是这个公司的资产价值 > 市值

你只要花大约 2.166 亿美元，就可以买下一家账上持有约 3.88 亿美元 BNB 的上市公司哦～ 也就是大约 42% NAV discount。 

问题就是，这么明显的“套利机会” - 难道华尔街们不知道？p小将们不知道？为什么还是差了这么远？ 

这中间难道有什么猫腻？有什么暗箱条款？难道是投资者在跑路抛售？还是解锁期限到了？成本价很低？还是说市场对现在的公司领导班子不信任？

是人性的崩坏？还是道德的沦丧？

欲知后事如何，还请听下回分解～"
2100779545125421497,Fri Sep 18 02:50:48 +0000 2026,10,5386,0.25,否,"都已经可以tokenized stock了，我猜arc大概率不会发币了，倒不如用 tokenized $CRCL 当做native token
同理base 用 tokenized $COIN 

当然更狠一点，把DAT 放进来，比如tokenized $BNC 当成bnb chain其中一个侧链/协议的native token 。。 
怎么说呢？ 现在vibe coding + 审计这么效率 DAT自己搞一个协议出来啊～"
2091737058415128743,Mon Aug 24 03:59:11 +0000 2026,13,10252,0.25,否,"哈哈哈 我真的是服了 solana:6p6xgHyF7AeE6TZkSmFsko444wqoP15icUSqi2jfGiPN 的操作

临近解锁期，搞一个空穴来风的“即将”有大动作 - 还有谣传说是要在xx chain上发meme，fomo了一个周末

结果来个单边流动性卖币，幸好对这群人已经祛魅+免疫了

要知道他们要是想让clarity act通过， 就不太可能在这个时间点再发一个币。。 但是解锁期到了要出货，又要消息fomo

bitcoin:native 横盘期间，来自meme的消息面都是为了斩杀而来 

solana:6p6xgHyF7AeE6TZkSmFsko444wqoP15icUSqi2jfGiPN solana:FUAfBo2jgks6gB4Z4LfZkqSZgzNucisEHqnNebaRxM1P"
2048243959760331108,Sun Apr 26 03:33:09 +0000 2026,43,16818,0.25,否,"今天说一个 @Bybit_Official 用机制弯道超车的故事

如果说有什么是机制调整改变行业格局的，类似uniswap 的 x*y=k，那么cex里面 Bybit的 portfolio margin（PM）+ UTA 统一账户绝对算一个

说白了，就是把保证金效率用到了极致

彼时的bybit在22年之前衍生品交易还是第二梯队，恰逢luna崩盘，万物复苏… 机构蜂拥，存量的mm需要以小博大，PM就在这个大背景下实现了超越（比全仓还好用），之后统一账户接入（尤其适合也有现货的mm们）直接让资本效率进一步提高

这一步吸引了n多机构和mm，你估计也记得那时候bybit也疯狂上新资产 

当时主流的mm借贷协议要求项目方提供很多的token，但有意思的是mm们铺单子的时候其实是不需要这么多token的… 而项目方去查库存的时候，也确实有这么多token？

问：要借这么多token干嘛呢？在统一账户里的每一分钱都很好用的啊…

顺带一说，1011这么惨烈的原因也跟PM和UTA的加速螺旋有关"
2079115404845457699,Mon Jul 20 08:05:15 +0000 2026,20,14591,0.25,否,"嗯 今天的kospi又熔断了

从数据来看：
出货的是机构 - 可能对应了之前说的，压着库存，想趁着早盘高开出点，没想到直接砸崩了
另，可能受政策影响，国内机构最近这几个工作日一直往股票操作账户打钱

外资更多的是买现货 + 期货对冲，看样子更多是套利的交易

散户 - 还在加杠杆进场（预托金涌入缓慢了很多，较之一个月前） 

好消息是，去杠杆初有成效了，总margin终于下降到33万亿以下了（近5个交易日下来了1万亿）"
2000966325255201126,Tue Dec 16 16:28:42 +0000 2025,11,8468,0.25,否,"哎呀 大家伙可能没理解交易和交易比赛的区别

交易的话，是赚的每一分钱都有意义；
比赛的话，如果不是第一，就没什么意义了

所以比赛的话，策略上都是很激进的 （你看 @Web3Feng 之前的风格）

另外要对冲出货的话，也不是不行，但是这是个技术活儿，举个例子，在bn和aster的跑 aster的策略都会有延迟，更别说套了

不是不可能，就是说有这个力气，还不如多发几个广子，做空几个小币更容易（当然这些被邀请的交易员也不太能这么做）"
2051481695824855536,Tue May 05 01:58:45 +0000 2026,33,17661,0.25,否,"哈哈哈 太好笑了🤣
昨晚看到有人说原油被bn操纵了，吓了我一大跳，怎么说呢？特朗普都不敢这么狂～

我喽了一眼，具体的原因其实就是rollover 展期换月的事情+ 周末伊朗局势变化+ 有人抢跑 ，结合在一起就会爆炸了

rollover会在月初慢慢调整过去的，这段时间的波动就很大

有人就说啦，同样的标的，那为啥周末bn和hyperliquid价格不一样，资金费率这么夸张，因为cl原来就是锚定期货价格（不是cfd）的 - 而且bn这里会把周五收盘价格固定着，假设周末的价格变化较大，与周五的收盘价差距较大，那么资金费率就会很夸张了 —- 我看了一下，这也是大家说bn上的cl被操纵的原因

owen在文中把资金费率当成是信息（价格）优势的抢跑费用，我倒觉得资金费率在这里是非交易时间段的跑得快游戏

就有点类似妖币的数据盘游戏 - 在非交易时间，cl的永续就是个基于周五收盘价的数据盘，不是你不能玩，而是你要知道你的信息优势和交易行为在这段时间不会影响标记价格，你就只能赌（跟套利无关了）

最后，月初的rollover套利是一门技术活儿 - 能把价差，资金费率，rollover的比例算清楚的人真的不多，加上永续的价格预言机啥时候换，我tm4月就被坑过一次，被以前的同事笑了半天

做大宗这么多年，还能被烧，我也是服了"
1989171210807308616,Fri Nov 14 03:19:08 +0000 2025,17,11072,0.25,否,"事情也过去了一段时间了，大家也可能都冷静了不少

也不是说我要帮 @Backpack @binance @Bybit_Official @bitget 洗白，但就是这个道理

在这种双螺旋（你也可以理解双杠杆）的结构下，价值的崩塌速度是x3 x4 x5

我们常说的强平价格是维持保证金率反推出来的，而当保证金减少时，强平价格也会提前触发（不只是标地的价格）

很多时候，前端是不会显示这个变化，但交易员也会跟着强平触发时间去倒推当时的标记价格来计算自己的强平价格

误会就是这么产生的

很多时候客服，甚至大客户经理自己都说不清楚，更别说在情绪上头的交易员去理解"
2038866039182950638,Tue Mar 31 06:28:38 +0000 2026,66,38077,0.25,否,"加密货币的末日审判？！-攻击单个地址只需要几分钟

Google在昨天发布了一篇论文发现，使用量子计算机破解比特币等使用的 256 位椭圆曲线离散对数问题（ECDLP）所需的资源比之前估计的要少 20 倍。（这意味着破解成本大幅降低）  

论文还指出，仅需不到 500,000 个物理量子比特 即可在几分钟内运行 Shor 算法破解密钥。 这意味着什么呢？！

理想状态（几分钟内）-如果拥有大约 50万个物理量子比特（使用优化的表面码纠错和快时钟频率），量子计算机可以在几分钟到一小时内从公钥推导出私钥。

对比特币最致命的攻击发生在交易被广播到内存池（Mempool）但尚未被打包进区块的这 10分钟 窗口期。如果攻击者能在这 10 分钟内算出私钥，就能发布一笔更高手续费的伪造交易来“截胡”你的资金。

对于那些已经暴露了公钥的旧地址（比如早期重复使用的地址或已发送过交易的地址），攻击者不赶时间，可以用更少的量子资源花几天时间慢慢算。

论文还贴心地区分了“快时钟”和“慢时钟”量子架构，指出快时钟量子计算可能实现对内存池（mempool）中交易的实时攻击 - 这就意味着你要的点对点现金支付、什么x402、agentic payment都要说bye bye了  

论文强烈建议区块链社区尽快向后量子加密（PQC）迁移 ，尤其是那些L2。。。

时间窗口？
Google预计一旦硬件达标（预计 2029-2032 年间），攻击一个比特币私钥的时间将缩短至“分钟级”。

“The transition to post-quantum cryptography is not a project to be finished when the quantum threat arrives, but a race against a clock that has already started ticking for any asset with a long-term value.”

“向后量子加密的迁移不是一个等量子威胁到来时才去完成的项目，而是一场与时间的赛跑——对于任何具有长期价值的资产，时钟早已开始滴答作响。””  

论文原文：https://t.co/Kz5KkesjGt"
2065304070219239745,Fri Jun 12 05:23:56 +0000 2026,38,25549,0.249,否,"spacex我就不参加了
天生对拥挤的人潮敏感 🤣

spcx的永续合约一定会精彩绝伦，毕竟万亿级别的high fdv low float，加上每个交易所的流动性不互通

这波总要拿个cex来祭天

要卖现货的，要套保的，看空的，等指数加入的… 太有意思了"
2054734332971864147,Thu May 14 01:23:34 +0000 2026,14,5818,0.249,否,"😄 有小伙伴问我，你咋不写下美股？大宗？ 期权？

加密都不行了，你就别只写合约和crypto了…

我就说有没有可能我原来就是“看表”写故事的老灯（aka 你要看我是买方还是卖方，并且在什么阶段）"
1991058241787486295,Wed Nov 19 08:17:31 +0000 2025,47,13286,0.249,否,"可能有细心的小伙伴注意到，这不就是期权里面的straddle吗？

bingo，就是的，只是改良了一下用在永续合约

为什么文中反复说“预期收益要足够大”+ “择机”（不同的entry price）—— 这个策略才有意义

ps： 各位熟知的妖币 $aia $coai 其实也有类似的影子，只是他们有点玩脱了 https://t.co/MX4yDKU8CZ"
2090026832070664214,Wed Aug 19 10:43:22 +0000 2026,22,11167,0.249,否,"有小伙伴说 Nasdaq开启5*24交易后会利好 okx？ 

别傻了孩子，何止是利好呢… 

你觉得清算有几道程序吗？涉及多少个机构吗？那些华尔街传统的金融机构速度能在12月前完成设置？ 

肯定会有一部分流到币圈的交易所和协议的"
2033559675749241218,Mon Mar 16 15:03:03 +0000 2026,19,6746,0.249,否,"我是什么时候发现AI 投毒（geo）的投放流程和方式的呢？

话说去年我在写一篇合约算法的文章（应该是清算类的）的时候，在收集资料阶段，我就看到怎么这个人的观点跟我如此近似。。。连细节都很相似。。

结果我一看，好家伙，这不就是我写的吗？（只是署名不是我）。。。

我就知道写长文的意义不是现在，而在以后
不在结论，而在论证过程

有学习价值比起流量价值更重要"
2096808445492256903,Mon Sep 07 03:51:04 +0000 2026,9,7120,0.249,否,"额滴神啊。。 除了 $sndk 的合约交易量长期排在top1/2外，居然还有交易所的朋友不知道为什么 $KORU $SOXL 这两个etf产品的合约交易量也长期在top10

到底是什么原因？

是有点反直觉的，凭啥不是名气更大的 $qqq $IVV ? 而是这两只？"
1979512916316676576,Sat Oct 18 11:40:31 +0000 2025,464,169719,0.249,否,"各位朋友，我认真的，假设你不知道什么是
1. 最后成交价格
2. 指数价格
3. 标记价格

那你去做合约交易就是去送人头的 ，妥妥的

合约交易的盈亏/强平看的都是：标记价格

标记价格是一个综合指数。 ，由指数价格（各大现货交易所的加权平均价）和资金费率基差共同构成，以避免单一交易所的价格波动导致不必要的强制平仓。"
1977608486054932933,Mon Oct 13 05:32:59 +0000 2025,133,24392,0.249,否,"重要的事情说3遍
合约是用标记价格来决定盈亏的
合约是用标记价格来决定盈亏的
合约是用标记价格来决定盈亏的

强平价格的触发总在破产价格之前 - 假设破产价格是100，系统在95的时候就会开始清算了"
2092977975453221044,Thu Aug 27 14:10:09 +0000 2026,12,4898,0.232,否,"有小伙伴看到我昨天发的substack(https://t.co/mSgHgx94iM) 里面有个小章节说了 @PythNetwork 和 @chainlink 在stock perp的“统治地位”，以及为什么cex主要用 solana:HZ1JovNiVvGrGNiiYvEozEVgZ58xaU3RKwX8eACQBCt3 而不是 ethereum:0x514910771af9ca656af840dff83e8264ecf986ca 

然后就给我发了一个CME的文件，看完后对pyth 的后续发展感觉一阵发凉啊。。

CME是谁呢？你可以粗暴地理解成它是“全球期货市场的一台发动机“  - 它是全球最大的期货和衍生品交易品台，基本上大家知道的期货数据都是它供给大家的，什么原油，大豆，英伟达，QQQ 、期权 等等都是它家的data

然后这次它这个market data的规定主要就是针对：不能把数据商业化，aka 不能包装完之后转卖给其他人

这次比较要命的是还把范围扩大到synthetic feeds（合成数据），就是说你不要以为自己拿到cme的数据之后自己混点其他的数据就能再转卖出去了。。这条路已经此路不通了，只要你获得的数据来源的其中一环有CME的数据都不行。。。

比如什么CME->Jane street —>Pyth，这个就别想了

你可以想象如果我要是那些价格预言机公司，我能咋办。。。总不能我自己编一个？现在就有点那时候twitter把kaito的api封禁的感觉。。 听到的时候感觉都要爆炸了

更要命的是什么？生效期是9月17日，不到20天的时间。。

你说有没有其他的方案，那肯定是有的，就是这么短时间，估计pyth 和chainlink 这段时间会忙到飞起，见人见到喉咙冒烟

这个事情其实也从侧面看出， @okx 在战略布局上确实有一手啊。。 @star_okx 你这个可以啊。。。 

原文链接：
https://t.co/qX9V89FA8Y"
2100589029775589620,Thu Sep 17 14:13:46 +0000 2026,11,3023,0.225,否,"不是， 怎么还有人往 ethereum:0x6033f7f88332b8db6ad452b7c6d5bb643990ae3f 这个坑里跳啊。。。 
我去，，， 

虽然文章很长，但值得你花时间来看

这个操盘的经过让你知道你在庄家面前的无奈和渺小 - 然后你们不要相信有什么AI agent，分析框架可以帮你预测什么是顶，什么是底。。 你还不如相信我是秦始皇呢

那你说你怎么说，这就是陷阱呢？ 你自己看现货-永续的价差，连续4天现货的价格 > 永续，为什么呢？

是做慈善吗？"
1638446155687407616,Wed Mar 22 07:42:59 +0000 2023,10,225,0.225,否,"Roadmap of @marginx_io has been published
The road ahead is exciting. Beyond a #DEX, beyond a #blockchain.
A comprehensive decentralised finance solution to further enhance the idle liquidity while maintaining the transparency.

https://t.co/p3IcmJhhFK"
1624224243973255168,Sat Feb 11 01:50:11 +0000 2023,12,580,0.225,否,"Adding another option to the Maker LP, @marginx_io  will roll out a new AI Bots Trading Pool. Participants can choose to let a series of artificial intelligence trading algorithms deploy and run trading strategies on their behalf. 

https://t.co/oBnVZ2Qqj6

#AI #trading"
1984230262285427167,Fri Oct 31 12:05:34 +0000 2025,3,2692,0.225,否,"Let me break this down for friends who might not get the whole Chinese-style way of communicating

 1. Once you say something in public, there’s no taking it back. You’ve basically burned your escape route.

2. Good news? Say it loud and proud.
But if it’s something you’re still working on or haven’t fixed yet — keep it low-key, talk about it privately.

3. And just because a founder calls themselves the “Chief Customer Support Officer” doesn’t mean you should bring everything to them.

Yeah, they might reply — but it’s the team under them who’ll have to deal with the fallout. If what you said gets someone yelled at, loses them a bonus, or even costs them their job… that’s on you.

And don’t forget, those same people are the ones who’ll be handling your stuff later. You really wanna be on their bad side?

给不懂中文（东方文化）沟通方式的朋友科普一下：

1. 当你公开说一件事情的时候就意味着没有回旋的余地了；

2. 好事你可以明说，大胆的说；但是你正在解决的事或者还没解决的事情，要暗地里说；

3. 不要以为有的创始人称自己为“首席客服”，你就什么好事坏事都去找人家说。。创始人确实会回复你，但是你这可苦了下面干事的人啊，被骂还好，要是落得取消奖金，甚至开除，你受的了吗？

而且到最后处理这些细节的还是这批人，你落在他们手里还会有好果子吃？"
1937794912990412834,Wed Jun 25 08:48:04 +0000 2025,16,4173,0.225,否,"That’s not just automation — that’s sovereign digital labor wrapped in programmable incentives

@PundiAI is building the future of AI data — where #DataFi  turns every contribution into capital.

So yeah, it’s probably nothing.

Stay curious.
Stay skeptical.
But don’t sleep on this.
#datafi is coming

#pundiai #datafi #dataiscapital"
1905986205197742118,Sat Mar 29 14:11:37 +0000 2025,3,497,0.225,否,"Feeling exhausted after the Hong Kong Web3 Festival? Come join us for some sizzling hotpot chicken! 🍲🔥

A huge thanks to @PundiAI and @zetachain for sponsoring this private late-night chicken pot gathering on April 8th from 9 PM to 2 AM.

This is an exclusive event with industry OGs, media, KOLs, project teams, exchanges, tools, VCs, and more — a chance for old friends to catch up and unwind.

Due to limited space, we can only invite a select number of guests. Apologies in advance!

But hey — I'll be selecting 5 lucky participants from those who actively engage with this post to join us for some delicious hotpot chicken.

Please help me out by sharing this post (boss asking) 🙏🙏🙏
#HongKongWeb3Carnival #Web3Festival"
1864945506176372867,Fri Dec 06 08:10:32 +0000 2024,0,221,0.225,否,"@MrRicho48 @PundiXLabs @PundiAI it is just for discussion.
I was thinking we can generate new token from the block reward that could not give extra use case of the current $pundix token but also attracting users to stake their $pundix token"
1864875923637703130,Fri Dec 06 03:34:02 +0000 2024,14,1214,0.225,否,"What if #pundix launches the #aiagent blockchain where the native block reward is $pundix token? 
Stake $pundix and get $pundix and other $aiagent token as rewards 
How does that sounds?
@PundiXLabs @PundiAI"
1775113008441909563,Tue Apr 02 10:48:15 +0000 2024,8,480,0.225,否,"i guess @functionx_io and @cosmos's ecosystem really like to trade #memecoin on @marginx_io 

trading is climbing
we are working hard
 #SAFU 

@Cosmos_Tic @Cryptocito @CosmosATOMDaily @InformaCosmos @JPL_Cosmos"
1773990534320951681,Sat Mar 30 08:27:57 +0000 2024,0,94,0.225,否,"@bobaoppa is just a completely BS

Raised 220,000 $SOL pledged 150,000 $SOL for stable

The two pools now have 30k  and 50k stable respectively. The transaction fee is dynamically - with a maxof 10% and a minof 2%, and collected fee of 640k stables

Shame on @machibigbrother"
1660595392621232131,Mon May 22 10:36:08 +0000 2023,6,302,0.225,否,"for the sake of transparency
 maker liquidity pool of @marginx_io address shall make two transfer tx from 0xF937CE482E067B315446A1f63E48FFF599C788DB --> 0x36049cBe2a336f71a22290e6Daf56ccb6D87D65B

0x83ED913a3f7adC173f05e3bF60b5AA9dfaBFc3e6 -> 0x36049cBe2a336f71a22290e6Daf56ccb6D87D65B"
1635857012402835462,Wed Mar 15 04:14:39 +0000 2023,16,386,0.225,否,"Just in case, you are wondering how’s the performance of @marginx_io 
So in short , @marginx_io has earned a total of $323,690 (trading + gas fee) 

Real yield, real utility 
The platform trading fee will be shared among the maker liquidity pool on epoch3

https://t.co/gsxX4IhpFG"
1633404259763998721,Wed Mar 08 09:48:17 +0000 2023,4,165,0.225,否,Shall we do a twitter space to discuss the recent events between @Alpha_HomoraV2 and @ibdotxyz on @marginx_io ? @AlphaVentureDAO @tascha_panpan any thoughts? We believe the public attention shall put some pressure on @ibdotxyz to avoid doing something disgraceful to #DeFi space
1673615939584286720,Tue Jun 27 08:55:08 +0000 2023,12,506,0.225,否,"@marginx_io being primarily associated with the #FunctionX ecosystem is because it originated and was initially developed within that ecosystem. However, it has now evolved and expanded beyond the #FunctionX ecosystem, implying that it is no longer confined solely to that environment.

This expansion is likely a result of @marginx_io's developers recognizing its potential to be leveraged in various environments, not just limited to the original ecosystem. By transcending its initial boundaries, @marginx_io aims to reach a wider audience and offer its benefits to users beyond the #FunctionX ecosystem."
1673228787771645952,Mon Jun 26 07:16:44 +0000 2023,12,1138,0.225,否,"My first challenge is about to start
1e to 100e

selection criteria:
Before it goes viral
&gt;3 million market cap
Security:  unlikely to get #rugpull
No on mainstream media/ centralised exchange yet
Interesting and forward looking narrative

Will post my wallet address soon #NFA"
1670058695139393536,Sat Jun 17 13:19:55 +0000 2023,12,1700,0.225,否,"I was thinking of having a #100x challenge. Here are the details of the challenge: I will start with 1 #ETH and aim to turn it into 100 #ETH by the end of the year.

Anyone interested? @marginx_io 
#100x hidden gems"
1660908330045284354,Tue May 23 07:19:38 +0000 2023,2,71,0.225,否,"4/6 永续vs现货
永续一般都自带杠杆功能，杠杆就能让你的资金使用效率更高，同样的钱可以同时参与好几个不同的土狗/meme - 大大增加你的选择次数

有人会问，加杠杆要是爆仓了怎么办？
当然这个前提是你不要开过高的杠杆
假设你开2-5倍，然后提高margin保证金的比例，就算震荡20-50%也不会爆仓，但是如果涨/跌超过了50% - 就如同我之前说的，meme跌50%和100%是一样的，在现货市场你同样也无法做什么

虽然同样是爆仓归零，但是你通过杠杆的方式，增加了你在那个有限的“窗口期内”的选择次数"
1660906850210988033,Tue May 23 07:13:45 +0000 2023,5,72,0.225,否,"5 /6  #Diversify your strategies
Perpetual contract works  two-way. You can not only be bullish, but also bearish. After the market sentiment passes, you can also choose to open a short position to transfer profits

Or, if you bought a large amount of spot, you can also hedge your spot position by opening a short position
Perpetuity provides more ""buying lottery ticket"" combinations and strategies"
1660905913992052737,Tue May 23 07:10:02 +0000 2023,5,79,0.225,否,"3/6 #meme is essentially go big or go home, with a high probability that it will either return to zero or the price will be cut in half, and the window period for ups and downs is very fast, and it often fluctuates with market sentiment

Furthermore, the outbreaks of meme coins are all intensive, and they all have a specific window period, and the general cycle is a few hours to a few days. To seize the opportunity to choose prey during that window"
1591649089644630018,Sun Nov 13 04:28:09 +0000 2022,3,0,0.225,否,"So this proof-of-address thingy is just for show? I thought u said “cold wallet” storage? Interesting 
Does other exchanges’ wallet consider as ‘my cold wallet’ ? 
Better keep in private wallet then
Ur keys ur coins"
1591291855529947136,Sat Nov 12 04:48:37 +0000 2022,2,0,0.225,否,"Well, to be honest this proof of reserves thingy is just better than nothing. 
From accounting perspective, balance sheet consists of asset and liability. You can prove ur assets, how about the liabilities? How much u pledge? Charge? 
Well, better than nothing, I guess"
1587396703627276288,Tue Nov 01 10:50:41 +0000 2022,4,0,0.225,否,"2/3, after you hit the long/short button, you will need to sign the transaction again on fxwallet (~0.5 sec) and the transaction will be broadcasted to @marginx_io ‘s blockchain and submit to the orderbook (~0.8 sec)"
1587011572962013185,Mon Oct 31 09:20:18 +0000 2022,12,0,0.225,否,"Anyone wants to make a guess about the block time of @marginx_io , why it is 3.3 secs or rather what’s the rationale behind the 3.3 secs setting? 
I will send 100 $fx to the best guess answer
Who wants to give it a try? #giveaways #guesstoearn #learntoearn https://t.co/6v7wcIt2Q1"
1981253680356872638,Thu Oct 23 06:57:41 +0000 2025,15,2200,0.224,否,"@mdzzi @thecryptoskanda @timtimtim_eth 差不多 - 看你有没有庄家优势的区别

预测市场，或者polymarket的模式本质上基于事件型的二元期权合约 （event contract)

基本上只要做到不与player对赌，没有house edge，就是一个p2p的交易平台就可以避免纳入博彩的范畴"
2098629734209122419,Sat Sep 12 04:28:13 +0000 2026,11,5307,0.207,否,"永续合约的意义，在于让更多人以不同的理由参与到这场博弈当中。

有人看好公司，有人质疑估值，也有人对股价方向没有意见，只关心资金费能不能覆盖持仓成本、现货与合约的价差有没有机会。

他们不需要相信同一个故事，甚至不是一路人，也可以成为彼此的交易对手。

stock perps的意义：就在于把华尔街、币圈、项目方、公司、机构、银行、券商... 等等主体的博弈点，在永续合约上一一配对 

https://agintender.substack.com/p/stock-perpsg?r=8gs9xi&utm_campaign=post-expanded-share&utm_medium=post%20viewer"
2050920973768311080,Sun May 03 12:50:39 +0000 2026,102,23169,0.207,否,"哥好久不写妖币，但江湖都流传着哥的推文 

关于所谓的“妖币”操纵案例和推演路径，我之前写过好多了，大家有兴趣可以自己去翻（就问我领先了几个版本🤣） 

不管是 $coai $myx 还是最近的 $rave $lab 本质上还是跟我去年10月写的方法论是一样的

稍微不同的是场所，保险基金，清算方法，oi限制，链上资金池 etc 🤣"
2047671007323009236,Fri Apr 24 13:36:26 +0000 2026,41,12110,0.207,否,"这篇文的随便一张图表都是满满的回忆，也是多少亿美金的教训

今天给大家说一个老韭菜们闻风丧胆的312 ，2020年的3月12日，在数小时内 btc从7800到3800，基本没有回头的迹象

那时候的情况其实有一点10.11的影子，币本位螺旋（类似1011的质押token借出稳定币去开头寸，遭遇抵押品和头寸的连环清算） + 头寸的清算 + 套利实效"
2086800800907669907,Mon Aug 10 13:04:16 +0000 2026,35,20141,0.207,否,"这几天的 tutorial:native 也算是创纪录了 - 达成了48h之内多个交易所的操作账户被封控的记录

这波属实是着急了… 完全没必要这么搞.. 这个版本的思维要从twap换成vwap，我能说的也就这么多了

剩下的自己去看文章吧"
2068863519978934417,Mon Jun 22 01:07:55 +0000 2026,22,7634,0.2,否,"看了cz的访谈，看起来binance短期内还没办法切入 @HyperliquidX 优势，持续加仓 hyperliquid:native 
 
都2620年，不前置kyc只是一个feature，不是一个决定性因素了哟
 
定价权的争夺已经从流动性侧转移到机制侧了"
1972659518493397150,Mon Sep 29 13:47:34 +0000 2025,6,7196,0.2,否,"活久见了 开盘不到10分钟， $FF 的资金费率打到了-2% ，期货和现货相差了近7%，各位真的是拼命给面子啊。。。
oi也快到20m了

DWF 天时地利有了，剩下的就看你能不能把握了，期待一波反打 https://t.co/rsf17NGADs"
1773290455477743966,Thu Mar 28 10:06:05 +0000 2024,318,1393,0.2,否,"oooo this is sick @RooRooCoin 

r we too late? 

@marginx_io is just full of opportunity"
1789199592061628883,Sat May 11 07:43:19 +0000 2024,85,723,0.2,否,"For those who cannot participate on @berachain 
Come join @marginx_io - not backed by VC , no BS high valuation
Only #meme for real"
1703962056280658102,Tue Sep 19 02:39:46 +0000 2023,17,5183,0.2,否,"if you want to find out more about @marginx_io 2.0

You are not gonna miss this twitter space"
2098947096544223621,Sun Sep 13 01:29:19 +0000 2026,0,0,0.182,否,"永续合约的意义，在于让更多人以不同的理由参与到这场博弈当中。

有人看好公司，有人质疑估值，也有人对股价方向没有意见，只关心资金费能不能覆盖持仓成本、现货与合约的价差有没有机会。

他们不需要相信同一个故事，甚至不是一路人，也可以成为彼此的交易对手。

stock perps的意义：就在于把华尔街、币圈、项目方、公司、机构、银行、券商... 等等主体的博弈点，在永续合约上一一配对 

https://agintender.substack.com/p/stock-perpsg?r=8gs9xi&utm_campaign=post-expanded-share&utm_medium=post%20viewer"
2072936124428022099,Fri Jul 03 06:51:00 +0000 2026,3,766,0.182,否,"@BTC_Alert_ @heyibinance @star_okx @GracyBitget @FLS_OTC 其实真不是bn和ok不想开期权产品。。
是结算通道和合规。。"
1946435995597168955,Sat Jul 19 05:04:39 +0000 2025,8,2499,0.182,否,"@ZLiao3 他们有期权锁着最高价
而且卖的时候一般会开多仓对冲

最重要的是： 现在的行情一般都是“上市”即巅峰，何况是12-24个月后才“还款”

有多少项目能在2年后还在的都不好说 😄"
1660907845141889024,Tue May 23 07:17:43 +0000 2023,2,316,0.182,否,"1/6 为什么我会选择用永续合约perpetual冲土狗/meme

简单来说就是永续合约比现货让你能在有限的窗口期内，最大化你的选择权。
操作性和可组合性更好，也更安全，不用怕被rug

#thread 长文"
2094998387502535070,Wed Sep 02 03:58:33 +0000 2026,9,4317,0.175,否,"冷知识： $sndk 的衍生品交易量已超过1/3发生在stock perp了，发生在币圈了

nasdaq/nyse开启7*24之后，只会更加利好stock perp的发展，交易量会持续上升，定价权的venue也会逐步偏移

sweet spot不是mag7这种巨无霸，而是2-3000美金的高波动性股。或者100亿以下的小盘股，专心扶持这些，比你盲目上100个都好"
2089918265049157814,Wed Aug 19 03:31:57 +0000 2026,6,4195,0.175,否,"那些在perp上做空 $unitree 宇树的朋友们… 你们真的还好吗？！  尤其在trade xyz上开仓的…

就这个流动性和资金费率吃一壶都算少的

可以看空但不做空的"
2103050831280927229,Thu Sep 24 09:16:05 +0000 2026,3,2716,0.175,否,"终于上spot了，不过这个时候给 hyperliquid:native 加个seed tag…
这是嘲讽还是挑衅？ 🤣

对面的 @HyperliquidX 不知道是没睡醒还是不care，连转发/回应都没有 - 换做是其他的项目早就爆炸了 😄 

不过这个做法也很hyper liquid

好笑的，这波上了bn spot没大涨，反而还跌了一点（因为大盘的关系）终于没有人骂是老鼠仓了吧 😂"
1636233948950044672,Thu Mar 16 05:12:27 +0000 2023,10,325,0.175,否,"Epoch 2 AI Trading bot's report @marginx_io just in 
AI bots makes a loss of $669 on epoch 2 (-1.338%)

Hence all participants of AI bots shall share the loss of $669 (tooo bad....) 

https://t.co/CFO7maBZil"
1631501409157013504,Fri Mar 03 03:47:02 +0000 2023,8,652,0.175,否,"AI Trading bots has lost 0.15% on first half of epoch 2 and at the same time maker liquidity pool (MLP) has made 0.62% profit  

I guess being a #maker is better than #taker 
 @marginx_io 
https://t.co/7IzZaZMRI7"
1582635244749930496,Wed Oct 19 07:30:20 +0000 2022,26,0,0.175,否,"Hi all I just posted a new thread on @StarScan_io forum : https://t.co/MXd6XNE8OI Proposing the community of @FUNCTIONX_IO allocate 1m $fx to incentivize and educate users on @marginx_io 
Let’s discuss more on the forum"
1906903880706953403,Tue Apr 01 02:58:08 +0000 2025,4,4446,0.175,否,"走过路过不要错过啊
#香港web3嘉年华 最良心的活动
忙了一天后 ，@PundiAI 和 @zetachain 请你吃鸡煲
没有什么比一顿热乎饭更能慰藉人心

评论+转发 抽5位幸运儿来参加这个private event"
1839856146787504505,Sat Sep 28 02:34:22 +0000 2024,5,239,0.175,否,"Do you remember when you joined X? I do! #MyXAnniversary 

same birthday with @PundiXLabs 
$7 https://t.co/fipzOPAuKQ"
1864239254815297540,Wed Dec 04 09:24:08 +0000 2024,7,207,0.175,否,"If you are thinking of free airdrop - you may turn right and leave
We only reward real users, builders and contributors 

We give no shit about “incentivized” traffic and fake volume #pundiai"
1856936493878841633,Thu Nov 14 05:45:35 +0000 2024,12,655,0.175,否,"I just reliazed $purse and $pundix are #memecoin 
Both token all circulated , no hidden tokens, great narrative, long history , from ico etc"
1854721039353446683,Fri Nov 08 03:02:09 +0000 2024,10,544,0.175,否,Correct me if I were wrong- @marginx_io is a #DeFi product that building for years and new features is coming for $aifx $fx
1773229090595582296,Thu Mar 28 06:02:14 +0000 2024,5,1046,0.175,否,"@indrawxyz probably the most expensive melon i have ever seen 

$melon is juicy , only up 800x
only @marginx_io https://t.co/NgX7my3CGx"
1772872843090436516,Wed Mar 27 06:26:38 +0000 2024,10,739,0.175,否,"more #memecoin on @marginx_io 
I guess dev likes #memecoin 

@functionx_io is gonna explode soon https://t.co/mMKSoGqk9a"
1789198345137012844,Sat May 11 07:38:21 +0000 2024,8,297,0.175,否,@marginx_io will be the real #meme #memecoin centre of #cosmos ecosystem and beyond
1774396498152952260,Sun Mar 31 11:21:06 +0000 2024,2,194,0.175,否,"DEGEN refers to DEcentralized GENeration in @marginx_io’s context

Do not try to correct me
I dont care

More 🤩"
1773597142386401508,Fri Mar 29 06:24:45 +0000 2024,4,77,0.175,否,"@BaaBaaStudios @marginxyz @functionx_io Do u want to launch a #memecoin on @marginx_io , let me know"
1778262437139271842,Thu Apr 11 03:22:58 +0000 2024,6,439,0.175,否,for users affected from @marginfi and @solblaze_org -  come to @marginx_io - your frustration will be fixed here
1779809578563371445,Mon Apr 15 09:50:45 +0000 2024,2,154,0.175,否,@palettebycfw @Dune_404 @Color_ERC404 @Pandora_ERC404 would love to join @marginx_io @Purse_Land
1775180156732424393,Tue Apr 02 15:15:05 +0000 2024,11,534,0.175,否,"Traders crash our system - please try harder next time @marginx_io 
But @functionx_io blockchain remains impeccable
All good"
1696722067650216423,Wed Aug 30 03:10:39 +0000 2023,9,1370,0.175,否,Call for #defi champion to help @marginx_io build a better product to serve the community better
1704433111080022439,Wed Sep 20 09:51:35 +0000 2023,9,599,0.175,否,"Lego-able is the key of the DeFi protocol
@marginx_io 2.0 is heading to that direction"
1708055787984003206,Sat Sep 30 09:46:48 +0000 2023,19,606,0.175,否,"#ALO,  Turkey 🇹🇷 Istanbul
See u guys at @CosmoverseHQ event on 2-4 Oct @marginx_io will be presenting there
@Cryptocito @CosmosClub_ where r u guys, let’s have some Baklava https://t.co/MT15By4aQn"
1703595109663850806,Mon Sep 18 02:21:40 +0000 2023,9,500,0.175,否,"As a product, only a few of core values we are pursuing: faster, stronger, cheaper, safety and looking good
Alo, folks  @marginx_io"
1702231050943185312,Thu Sep 14 08:01:23 +0000 2023,10,840,0.175,否,"Margin X is a Delta neutral automated limit orderbook market maker for perpetual market

Would it be too complicated?  I know it is a bit lengthy, any good advice to shorten? 
@marginx_io @marginxyz"
1712475698718507320,Thu Oct 12 14:29:57 +0000 2023,14,775,0.175,否,"our debut spaces on #BinanceLive @marginx_io 
we cant wait to invite our community to the party on @binance 
please join if you have time @cz_binance , let's have some fun"
1735169939244499129,Thu Dec 14 05:28:46 +0000 2023,11,527,0.175,否,"It was a great session with the great people @Scallop_io @perpprotocol @Quantstamp @dynasty_icp 
Learning new things make us alive"
1734939787965211050,Wed Dec 13 14:14:13 +0000 2023,8,723,0.175,否,"this is amazing
what a bold move for @leap_cosmos 
@marginx_io team is so looking forward to integrate"
1734496823803584988,Tue Dec 12 08:54:02 +0000 2023,8,378,0.175,否,"ALO folks 
with @orbitant at taipei blockchain week @TaipeiWeek 
@marginx_io team in town"
1728314070204391928,Sat Nov 25 07:25:59 +0000 2023,2,55,0.175,否,@zibin @marginx_io @TheRealXinxi @Keith8Yong Thanks for ur insights @Keith8Yong @zibin @TheRealXinxi
1717816393301983279,Fri Oct 27 08:11:58 +0000 2023,18,577,0.175,否,"""If assets cannot be freely listed, decentralized trading is just a joke""
for those keep asking us the same question: what's the difference between @marginx_io and other #DEX ?"
1716630628085690576,Tue Oct 24 01:40:09 +0000 2023,9,988,0.175,否,"The train is about to take off
The question is which train? @functionx_io @marginx_io only wrong answer"
1710870863388774717,Sun Oct 08 04:12:54 +0000 2023,19,916,0.175,否,"Freedom to list #perpetuals
Permissionless perpetual market
Tell me what are the #tokens #assets you want to trade on @marginx_io https://t.co/0GlhZ2FnTE"
1708571788144234801,Sun Oct 01 19:57:12 +0000 2023,3,117,0.175,否,@marginx_io @CosmoverseHQ @cosmoshub @orbitant @chinshinliang The first automated limit order book market maker perpetual market only @marginx_io
1633347822534926336,Wed Mar 08 06:04:01 +0000 2023,11,277,0.175,否,"the next big wave of #web3 products is either the enlargement of people's #greed or the expansion of people's #fear 

and  @marginx_io is there to serve both"
1626149917285842944,Thu Feb 16 09:22:07 +0000 2023,8,367,0.175,否,"if you miss #AI pool, you do NOT want to miss #liquidity pool

less than 96k allocation now... @marginx_io 

https://t.co/40FIjm6ngi https://t.co/2DbDOSsrdX"
1628233606715031554,Wed Feb 22 03:21:57 +0000 2023,13,428,0.175,否,"Best way to earn $fx
Stake ur $usdt (erc20) at https://t.co/ERREtfw23S 
Simple as that @marginx_io 
The door is closing soon https://t.co/EI5168XlqS"
1659144268034834434,Thu May 18 10:29:53 +0000 2023,7,324,0.175,否,"can #MONGARMY get 5x in 8 hr? 

only at @marginx_io 
what are u waiting for @marginx_io"
1659138375838842884,Thu May 18 10:06:28 +0000 2023,9,346,0.175,否,"Where r u #MONGARMY @mong_coin 
Best place to maxi ur @mong_coin  at @marginxyz go 10x"
1638757366660493314,Thu Mar 23 04:19:37 +0000 2023,8,1110,0.175,否,"Maker Liquidity Pool (MLP) f(x)Core just up
If you have funds on f(x)Core - join us to earn trading P/L +P @marginx_io 's platform fee

only on @marginx_io 

https://t.co/40FIjm6ngi"
1663730026054025217,Wed May 31 02:12:03 +0000 2023,17,869,0.175,否,"Interesting things are happening @marginx_io x @DefiLlama 
Latest and trendy #meme #brc20 perpetual incoming 
Trade @marginx_io"
1660956060533006336,Tue May 23 10:29:18 +0000 2023,11,617,0.175,否,"4500 people tuned in @marginx_io spaces just now
Who’s next? @mong_coin ? @btcpizzaxyz ? Interested to discuss #brc20 pr #Ordinal together?"
1660908434848350213,Tue May 23 07:20:03 +0000 2023,2,60,0.175,否,"5/6 多样化的策略
永续是双向的，你除了可以看涨，也可以看跌，在市场情绪过后，你也可以选择开空仓来转去收益

又或者，你购买了大量的现货，也可以通过开空仓的方式来对冲你的现货头寸

永续提供了更多的“购买彩票”的组合和策略"
1609006965887467520,Sat Dec 31 02:02:09 +0000 2022,8,284,0.175,否,"Building is a process of slow and steady
What I learnt in 2022 - building @marginx_io requires one to look beyond a decentralized exchange"
1600706192124567552,Thu Dec 08 04:17:50 +0000 2022,13,0,0.175,否,"thinking of adding new trading pairs on @marginx_io 
maybe an #IOU of some trendy token? or #forex perpetual? any idea?
think outside the box"
1600068794986233858,Tue Dec 06 10:05:03 +0000 2022,10,0,0.175,否,can anyone please enlighten me which #dex has produced more introductory videos than @marginx_io
1600066202717782018,Tue Dec 06 09:54:45 +0000 2022,5,0,0.175,否,what do you guys think about crypto live trading? will u guys enjoy watching and why?
1598298958094213120,Thu Dec 01 12:52:21 +0000 2022,9,0,0.175,否,"What’s ur thoughts about an ‘aggressive marketing’ event be like for @marginx_io ? 
Thinking of something exciting? Engaging?"
1597890668164042752,Wed Nov 30 09:49:57 +0000 2022,24,0,0.175,否,"In less than 12 hours, the first scalable #decentralized exchange shall unleash the potential @marginx_io"
1591698562890739712,Sun Nov 13 07:44:44 +0000 2022,20,0,0.175,否,"$fx coin @FUNCTIONX_IO = native L1 + a fully decentralized exchange blockchain @marginx_io + an AMM  + many more

If u trust building on #decentralization u know what to do

#NotFinancialAdvice #DYOR"
1591407076898918401,Sat Nov 12 12:26:28 +0000 2022,10,0,0.175,否,"Thank you all, voted or rejected
@marginx_io shall bring the decentralized exchange infrastructure and experiences to the next level"
1591283041288478721,Sat Nov 12 04:13:36 +0000 2022,8,0,0.175,否,"I really mean it - your keys, your tokens
Trade at @marginx_io without moving ur tokens"
1591096081588588545,Fri Nov 11 15:50:41 +0000 2022,2,0,0.175,否,"If I were the only one that though that, the leaking or flowing of users financial and privacy date to the US government will cause another issue? Eg. tax filing? Source of fund?"
1590230180643368960,Wed Nov 09 06:29:54 +0000 2022,11,0,0.175,否,"A first of kind ‘subnet’ based decentralized exchange infrastructure and blockchain
One chain one trading pair only @marginx_io"
1586921667292368896,Mon Oct 31 03:23:03 +0000 2022,6,0,0.175,否,"Check the interview video with @talkchain_today If you want to know more about the behind scene story of @marginx_io 
Fun fact and exciting story"
1586633688720121856,Sun Oct 30 08:18:44 +0000 2022,16,0,0.175,否,"@marginx_io just passed 40million transactions mark (3 days ago was like 34m) - I guess this might be fastest growing #subnets in the space 
Build upon @FUNCTIONX_IO $fx as gas fee https://t.co/LZj8H8PjpL"
1585615242981429248,Thu Oct 27 12:51:47 +0000 2022,18,0,0.175,否,"Fun fact @marginx_io has processed over 34million transactions (and still counting) with 3.73m blocks 
Guess this is the busiest #subnets in the space? (Please correct me)
#superactive #hotlikefire https://t.co/6KAtSX1ikt"
1585465288757108737,Thu Oct 27 02:55:56 +0000 2022,5,0,0.175,否,"https://t.co/HFvjK5ilyy is live @marginx_io  be the first to try the first of kind multi chain fully decentralized exchange 
Your comment and feedback is highly appreciated on https://t.co/F3Lo2rLeMW"
1584816214769307648,Tue Oct 25 07:56:44 +0000 2022,26,0,0.175,否,"@marginx_io team will be there to share the latest update 
Something exciting, something fun
Can’t wait to meet you guys
@FUNCTIONX_IO"
2061694554714313141,Tue Jun 02 06:21:00 +0000 2026,4,8608,0.157,否,@moon_bgb 卖期权吧… 别套保
1959265125803708579,Sat Aug 23 14:43:02 +0000 2025,4,5421,0.157,否,@linwanwan823 我去.... 我好像还知道是谁，不过他之后貌似不做期货了，主要是做股票，期权玩得很溜
1979084484499612147,Fri Oct 17 07:18:05 +0000 2025,11,22566,0.15,否,"还是那一句话，照搬cex的算法来做衍生品交易的，出事是迟早的事情

如果是幸福是对比出来的，那么各位稍微舒服点了么"
1894944787578659109,Thu Feb 27 02:56:58 +0000 2025,53,7170,0.15,否,"Well, the incentive is now worth 5m usd
Probably nothing"
1788807931125027019,Fri May 10 05:46:59 +0000 2024,87,978,0.15,否,onchain summer @marginx_io @cosmos
1786289829715821010,Fri May 03 07:00:57 +0000 2024,172,818,0.15,否,"Congratulations to all 2356 recipients 
@marginx_io"
1777599457229500801,Tue Apr 09 07:28:31 +0000 2024,249,1545,0.15,否,"See u guys soon
@marginx_io might have some exciting news to drop
Who knows?"
2011251613139353851,Wed Jan 14 01:38:46 +0000 2026,14,3688,0.132,否,有时候想想，把二元期权当成赌大小也是币圈的一种创新 😂
1964542195878547749,Sun Sep 07 04:12:13 +0000 2025,2,3614,0.132,否,谁现在敢给Wlfi上期权交易对，谁就爽爆了….. 😂
1962050631683953135,Sun Aug 31 07:11:38 +0000 2025,14,3375,0.132,否,"用期权交易的逻辑来解构交易风险

一种温故知新的感觉 真棒👍"
1699352781742858602,Wed Sep 06 09:24:10 +0000 2023,18,1336,0.132,否,MarginX 2.0 is coming
2076648005785272689,Mon Jul 13 12:40:41 +0000 2026,2,1687,0.132,否,"@RYANHINGSHING 我觉得这轮主要看韩国的deleverage情况

主要是散户的热情有点太夸张了

预托金一直清算一直进来"
2025776492274450645,Mon Feb 23 03:35:27 +0000 2026,7,3072,0.132,否,"@thankUcrypto 应该是api推送的问题
bn这里的推送不是每一笔清算"
1660908632404377601,Tue May 23 07:20:50 +0000 2023,2,97,0.132,否,"在去中心化的永续平台是不存在这些问题的

最后，如果你不是因为信仰的因素，对于meme其实交易永续合约perpertual真的比现货spot更有优势"
2102259607628620270,Tue Sep 22 04:52:03 +0000 2026,0,0,0.125,否,"不是， dogecoin:native 这4h走的都是什么线啊。。。 
这么整齐的嘛 🤣 https://x.com/thankUcrypto/status/2102237880244736305  "
1745643801258209304,Fri Jan 12 03:08:09 +0000 2024,3,198,0.125,否,"Not something new, but definitely something useful #marginx #alo"
1621789162201579520,Sat Feb 04 08:34:02 +0000 2023,3,416,0.125,否,🌲 =marginx logo @marginx_io what’s ur thoughts?
2005091232406798839,Sun Dec 28 01:39:37 +0000 2025,0,278,0.125,否,@0xAncientTwo @thecryptoskanda @TheYuliverse 牛了个溜啊
1808396835499004225,Wed Jul 03 07:06:18 +0000 2024,29,272,0.125,否,"@marginx_io is working hard
just hang in there .. we are coming"
1813785671087395102,Thu Jul 18 03:59:37 +0000 2024,2,158,0.125,否,probably nothing on @marginx_io
1849607953114071074,Fri Oct 25 00:24:34 +0000 2024,13,316,0.125,否,AI +payment might be a new narrative with the real use case
1847117145060368396,Fri Oct 18 03:26:59 +0000 2024,2,30,0.125,否,@marginxyz why dont u launch one urself?
1777006440600961400,Sun Apr 07 16:12:05 +0000 2024,8,655,0.125,否,I guess @marginx_io team is “walking” hard on #HKweb3festival https://t.co/NxgIWV8U9E
1776525495536083373,Sat Apr 06 08:20:59 +0000 2024,8,336,0.125,否,"@marginx_io team at HK Web3 Festival 2024
 #HKweb3festival 
Growing together https://t.co/o5QmPE89Je"
1801798905904173093,Sat Jun 15 02:08:29 +0000 2024,3,235,0.125,否,negative energy is wasted of energy
1778260043676450823,Thu Apr 11 03:13:27 +0000 2024,16,518,0.125,否,"see you guys later
@marginx_io x @ChihuahuaChain"
1777214332537110626,Mon Apr 08 05:58:10 +0000 2024,3,52,0.125,否,"@marginxyz @marginx_io @functionx_io Be careful of what you r wishing for
😂"
1775082799609033201,Tue Apr 02 08:48:13 +0000 2024,7,491,0.125,否,do you know that @marginx_io has 50+ altcoin #memecoin
1719609857442250922,Wed Nov 01 06:58:33 +0000 2023,11,284,0.125,否,"learn more about @marginx_io 2.0

with #BinanceLive"
1701878285381304748,Wed Sep 13 08:39:37 +0000 2023,11,438,0.125,否,New look on @marginx_io https://t.co/TAgujd0HSD
1694583855205023757,Thu Aug 24 05:34:09 +0000 2023,10,800,0.125,否,Maybe on #marginx2.0 ?
1705115853724004423,Fri Sep 22 07:04:33 +0000 2023,10,2479,0.125,否,"Own your #Perpetuals markets @marginx_io 2.0
Your court your rule"
1708575165251002676,Sun Oct 01 20:10:37 +0000 2023,11,412,0.125,否,@marginx_io will be the 10x factor of @CosmosClub_  @CosmoverseHQ
1700048451386691671,Fri Sep 08 07:28:30 +0000 2023,9,2877,0.125,否,"ALO, world @marginx_io"
1700038891439624574,Fri Sep 08 06:50:31 +0000 2023,10,261,0.125,否,"ALO @marginx_io fam
2.0 is coming"
1701818928580956254,Wed Sep 13 04:43:45 +0000 2023,3,139,0.125,否,Alo folks @marginx_io
1740578567392772474,Fri Dec 29 03:40:43 +0000 2023,9,383,0.125,否,What a wonderful and fruitful year for @marginx_io
1715208638917492810,Fri Oct 20 03:29:41 +0000 2023,15,597,0.125,否,"Any asset , any token shall deserve the perpetual market @marginx_io"
1619360658147123201,Sat Jan 28 15:44:01 +0000 2023,8,562,0.125,否,How about a tokenomy mechanic without really issuing a token @marginx_io
1616832699494461443,Sat Jan 21 16:18:49 +0000 2023,11,327,0.125,否,"Happy Lunar New Year
#YearOfTheRabbit 
@marginx_io will always be there with u https://t.co/hhIYFrL9tf"
1626073084364201984,Thu Feb 16 04:16:48 +0000 2023,16,1299,0.125,否,"sold out in less than 15mins
what did you miss 
@marginx_io https://t.co/lUueX61k9v"
1668806118812917761,Wed Jun 14 02:22:38 +0000 2023,2,96,0.125,否,@marginx_io x #UNO game https://t.co/nZ2SCCMxqZ
1668115302033375232,Mon Jun 12 04:37:34 +0000 2023,6,444,0.125,否,In case you miss this:  @marginx_io is a #dex https://t.co/TBLPeQrEwb
1667807170463940608,Sun Jun 11 08:13:10 +0000 2023,6,188,0.125,否,"Talk to you guys/ladies soon
@marginx_io @KineProtocol @SubstanceX_"
1662031595807580160,Fri May 26 09:43:06 +0000 2023,10,265,0.125,否,"one the hidden gems @marginx_io discovered
 @Tulip_Game_"
1599775923582406658,Mon Dec 05 14:41:17 +0000 2022,4,0,0.125,否,Guess how many videos have been made by @marginx_io so far?
1598169328959950848,Thu Dec 01 04:17:15 +0000 2022,10,0,0.125,否,"The grand party has just begun @marginx_io 
Come n grab the rewards"
1595971926199259137,Fri Nov 25 02:45:33 +0000 2022,17,0,0.125,否,@marginx_io has just processed 100million transactions mark
1595633659264270337,Thu Nov 24 04:21:24 +0000 2022,8,0,0.125,否,Ask us anything you want to know about @marginx_io
1591098831923732482,Fri Nov 11 16:01:37 +0000 2022,4,0,0.125,否,Pleae take note No LEDGER for @marginx_io
1587621785398149120,Wed Nov 02 01:45:04 +0000 2022,9,0,0.125,否,Can’t wait to meet u folks @marginx_io ‘s booth
1584924424880287745,Tue Oct 25 15:06:44 +0000 2022,3,0,0.125,否,@Officiallyscene @BlueMoveNFT What if @marginx_io has the similar features?
