id,createdAt,goldScore,isMilestone,hasArticle,favoriteCount,retweetCount,replyCount,viewCount,text
1880769711480389784,Sun Jan 19 00:10:16 +0000 2025,10.0,False,False,5336,663,1249,2190145,错过了Bome，我想可能不会再有三天几百倍的预售了。  踏空了Neiro，我觉得很难再有15M上线币安现货的代币了。  卖飞了Goat，我不知道下一次能拿到赛道龙头1%筹码的机会要等多久。  即使抓住了马斯克喊Pnut，我也在想，不会有比这更夸张的事了吧？  焦虑过，迷茫过，懊恼过，从未停止过，因为我享受挖掘项目、靠认知下注、再被市场认证的过程，焚膏油以继晷，恒兀兀以穷年。  日复一日的枯坐，像西西弗斯推动巨石那般不知疲倦，而天道终将酬勤。在底部大仓位买到特朗普亲自下场发的Meme币，是做梦都不敢想的剧情，如今却照进了现实。  容易感到疲惫的，是做社区和推特这两件事。一个人玩，只需要顾及自己的盈亏，也可以承受更大的风险，而带大家玩，需要考虑一个币适不适合集体上车，还要时刻提醒大家止盈，毕竟利润回撤对大部分人而言是很难受的。好在社区氛围一直很不错，这些事不会真正让我觉得心累，只是一定程度上会影响我自己的操作。  推特就更不必说了，我之所以一直用明牌地址，就是为了公开透明，至少你可以看到我的操作和分享是知行合一的，这也是我认为链上最大的优点，即使这样，小黑子也总能找到角度，亏钱是我菜，赚钱是我有内幕，甚至说是我开的盘子，各种造谣抹黑数不胜数。  可能很多人都不知道，“月底的0xSun”这个梗一开始也是别人用来黑我的，说我快到月初收群费的时候就营销一波，结果硬生生被我一次次在月底抓到金狗变成了吹我的梗。他们不知道我的群累积了几千份申请没有看，哪怕群友推荐的朋友也要等上几个月才有位置，从第一个月到现在三年多每个月都是爆满，我需要做什么营销呢，我的地址就是最好的营销。  正好快过年了，我想也是时候休息一阵了。当然我不会退圈，交易还是会做，有意思的项目还是会分享，只是可能适当降低一些频率，思考思考未来的路。  再一次，感谢各位一路以来的支持。最后，以查理芒格的一段话作为结尾吧：我们的经验往往会验证一个长久以来的观念：只要做好准备，在人生中抓住几个机会，迅速地采取适当的行动，去做简单而合乎逻辑的事情，这辈子的财富就会得到极大的增长。上面提到的这种机会很少，它们通常会落在不断地寻找和等待、充满求知欲望而又热衷于对各种不同的可能性作出分析的人头上。这样的机会来临之后，如果获胜的几率极高，那么动用过去的谨慎和耐心得来的资源，重重地压下赌注就可以了。
1906249868798230597,Sun Mar 30 07:39:19 +0000 2025,10.0,False,False,3439,1044,403,547990,"接触币圈这三年多以来，除了平时在推特上对大大小小的项目做比较系统化的复盘总结，我偶尔也会用笔记工具进行一些碎片化的梳理，昨天抽空翻看了一下，觉得这些经验对自己最终完成Trump上的操作起到了很大帮助，也简单整理一下分享给大家，其中部分文字是直接摘抄的：  2023 5.3 不追求绝对的底部，不要担心卖飞，所谓卖飞的本质是怕错过高倍机会，而一级市场最不怕的就是高倍机会。所谓怕卖飞，对于信息滞后、介入慢的人来说是这样，因为他们可供选择的标的不多，但是玩一级不应该有这种顾虑，抓住10个10倍的机会要比抓住1个100倍的机会容易的多，很可能在追寻后者的过程中损失本金。  7.24 已经不止一次出现这种问题，在自己不熟悉的领域，例如现货投入几十万u，有10~30%的收益却不愿意止盈，在自己熟悉的链上一级市场，总觉得5~10E已经是重仓，而且拿不住也害怕亏损。  8.31 Sei空投和Friend Tech：以最快速度做出能用的技术脚本，响应速度非常重要，慢1天可能就少10倍收益。  Shia：判断土狗币是否是合适的买入点位，应该看预期的上涨空间有多少，而不能简单根据底部筹码的倍数判断，因为大部分土狗币都会有比你买入位置更低的筹码，另一个原因是看到几个群都开始讨论了，于是觉得已经错过了早期机会，但实际上G2老板实名发土狗币应该是类似FUMO级别的利好，至少能发酵几天，如果出于理性判断，而不是被这两种心理导致不敢上的话，应该可以做到百E级别利润，因为逃顶一直是我比较擅长的。  9.3 永远不要在极短时间内把大部分子弹打出去，可以接受少赚一点，不能接受严重亏损甚至爆仓的风险，其次面对自己不熟悉的领域，不要用太想当然的逻辑去操作。  9.4 学习快速干净地止损。别希望自己每次都正确。如果犯了错，越快止损越好。  10.12 今天打牌意识到一点，自己喜欢根据自己的筹码量下注，而非场上形式下注，这带来一个问题就是抗风险能力其实并没有随着筹码量的上升而提高，反而变得更加脆弱。  10.24 小机会可能是免费或只花费时间就能够赚 5000-30000u的预期收益，数量较多且市场容量较有限，风险性较低；  中机会可能是花费时间钻研之后能够赚 50000-300000u的预期收益，投入成本不低，每个月产生该规模的机会不多，市场容量较大，一份风险一份收获。  大机会可能是直接摆在大家面前也很难抓住的机会，往往需要做少数派。一种是投入适中但赔率超乎想象的机会，另一种是投入较高但赔率合理的高概率机会。  2024 1.21 两个年度级别机会的复盘，节点猴和SatoshiVM。能实现利润千万以上级别的项目属于年度级别项目，一个月的时间内已经出现了两次。  节点猴做的不够好的地方在于事先没有调研清楚，居然打完才知道它是第一个比特币上的原创10k PFP，在不知道这个信息的情况下依然判断出了0.03btc是值得参与的，但是没有敢上大仓位，最终投入0.6btc获利3btc左右，这是一个能容纳过亿资金的10倍机会。  SAVM更离谱，关注了一周，在开盘1~2天前分别和三位朋友讨论过项目，结果却没有注意开盘时间导致错过，这是一个可以实现1天千万利润的机会。  在这两个项目上面犯的错误实际是一致的，因为各种原因导致对项目的分析和关注有所懈怠，虽然只是少赚，但是机会成本也是成本，应该极力避免这种情况发生，对于关注度足够或是自己看好的项目，一定要各方面调研清楚。我相信这类机会在一年内会不断出现，平均到月份上可能每1~2个月就有一个可以做到短时间内大资金10倍的项目，下次好好把握。  3.28 这个月的关键词是没有做好止盈，玩链上永远不缺新项目，所以分批出货止盈一定是最优解法，一直以来自己践行的都算出色，这个月为什么没有做好，主要是两个原因，一是因为Bome大家的盈利都太疯狂了，所以对比之下显得钱都变成了数字，几十万u的盈利都不去做止盈，这肯定是一种错误的情绪；二是另两个项目其实都到了卖出的心理价位，但是因为刚发完推不久就暴涨上去，觉得卖出不好意思，其实不必有这种心理，该卖就卖。  4.5 过分保守也是一种冒险。  4.14 Study GCR.  Within alt cycles, you should crank up risk when the trend first reverses, and begin to gradually protect capital as time passes.  People lose because they do the exact opposite;slow early, and increasingly greedy with time.  对宏观和微观都很重要的一条建议，应该在价格最初上涨的时候加大风险敞口，随后慢慢降低，而不是相反，同样对于看好的土狗，前期先以较大仓位建好底仓，后续再做操作，自己往往是底部没买够，涨上去加仓，最后导致亏损  6.10 总结一下自己最近链上操作最大的问题，一是上的仓位不够，且害怕亏损，二是前期犹豫，后期加仓，导致被动，有五六个单币盈利十万u以上的机会，但最后总收益也就只有七八万u  6.18 入圈差不多三年了，最近一直在思考自己平时操作容易犯的错误，不得不说人是很容易受惯性思维影响的。  我算是比较幸运的，进圈不久就接触了链上交易，最开始玩的是BSC上的小池子土狗，后来是NFT，这两者的共性是大部分项目资金容量不大，但是数量多，以小博大，日积月累。  其实现在早已时过境迁了，链上经常会有上百万U的池子，而且因为AMM机制流动性非常好，而CEX除了头部几家交易所里最热门的山寨外，大部分流动性是很差的，但是我脑子里早期形成的思维定式还是潜意识觉得，链上项目不适合用较大资金去参与，大资金还是得去CEX做二级交易。这就导致了一种割裂，明明我所擅长的赛道是链上，现在的热点也是链上，但我往往过度谨慎，反而在交易所下手比较重。  客观来看，以我的能力承担着十分之一的风险、利用着十分之一的本金，就能在链上取得CEX交易山寨同个数量级的利润，我在两者之间下注的比例明显是本末倒置的。这就是我提到的惯性思维所带来的弊病，不过好在终于是渐渐让这个问题暴露了出来，希望早日精进。  7.28 Neiro犯了几个经典错误，第一个是这种级别的叙事，自己第一反应也是很有机会的，结果600k都不敢上，总是莫名其妙顾虑太多，可能是因为要做社群的缘故，容易瞻前顾后，又受特朗普大会一堆死狗的影响，又觉得是20分钟前的新闻，其实完全没有必要过于谨慎，很多压力纯粹是自己给自己的，不需要有太大负担，这种级别的机会还是早期看到的一定要去赌。另外保持敏感性，既然是20分钟前的，为什么想不到去找更早的PumpFun，这些都是要潜意识就去做的操作。  11.3 10月的链上行情达到了又一个高峰，整体结果还可以，应该有盈利50~70万u，但是依然有很多操作没有做好，钻了不该钻的，卖飞了不该卖飞的，简单总结的话，我觉得是新叙事、新赛道的龙头可以格局，例如Goat，Pnut，而仿盘Beta，要及时获利止盈，仿盘上面能浮盈20万u级别就要开始坚决止盈。  11.24 在这笔交易中我愿意损失的最大金额是多少？  链上交易的核心是以小博大，在大部分时候，可以接受投入的本金归零，因为换取的是5~10X甚至更多的利润，除非是重仓高位接盘，那其实类似于二级交易。二级交易的核心是最小化潜在损失，以5~10%的止损认为该交易无效，换取20~50%的潜在收益。每一笔交易，下注前，考虑清楚自己愿意承受的损失是多少。  当有“太容易，太顺利”此类感受的时候，就应该将大部分仓位换成稳定币，经验表明，这样的感受一方面是因为市场到了最容易的阶段，此后容易转向，另一方面也容易因为自负导致误操作。  12.1 下半月投入比较多的项目，大概五六个Meme币，都买入了10~15万u这个数量级，加大链上出手的仓位不是问题，错在正好赶上了链上遇冷，再这样的大背景下，流动性和情绪难以维持，更适合早期以小博大，而不是上仓位追高。  这几个项目的判断本身我觉得没有问题，只是过程执行的细节不好，类似大池子的局，如果要中期上仓位，假如没有推背感，就要及时注意止盈或者止损，而不是拿到归零。  此外Hyperliquid是我一年来都非常看好的项目，开盘也给了3以下买入的机会，结果因为市价单买入成交价高了10%，限价单又没有成交，准备好的50万u只买入了15万u，而且又过早卖出了，最后只获利7万u，对于这个级别的项目操作的非常差，要么投入更多仓位，适当止盈，要么买少了就多拿一拿。  看完就会发现，我花了整整两年多时间，反复练习，加大链上出手的仓位，分批止盈防止卖飞和利润回撤，面对大部分人眼里的“不确定机会”下重注，最后才有了Trump一战的结果。"
1761953815765696648,Mon Feb 26 03:18:19 +0000 2024,10.0,False,False,1235,199,366,604533,如何通过链上交易在一个月赚$1M：  梦幻般的二月，令人欣喜的不仅是利润高低，更在于部分项目买入后经历了横盘震荡甚至下跌，再被市场逐渐挖掘而价值发现后爆发式上涨的过程，这种思路被印证的快感正是投资的一大乐趣，感谢牛市提供的机会和流动性。  借此对这个月群内推荐项目和自己的操作做一个分享与总结，以下大部分操作都由0xSun.eth这个地址完成，大部分项目的入场时间都是最早一批：  1、Moby @MobyHQ  在公售前分析了前三个打新项目的投资机构后，判断这是一个背景和资源都非常不错的链上打新平台，公售时前端很卡，通过合约发现空签名也能打入，在30~33M市值范围参与了6个号共48个ETH，当时11.6万u，对应均价0.32左右。  开盘时我的持仓排在第一，刚开始项目方只加了60E的池子，遭遇严重Fud，币价一度从开盘的0.6跌到0.45，不过后续随着项目方逐渐添加流动性以及各种利好消息的放出，币价开始反弹，一路涨到2.53，我的解锁部分价值36万u，剩余未解锁部分价值41万u，浮盈65万u，并且质押代币拿到了最高的President档次，后续的打新收益很值得期待。  https://t.co/18mwM6WfoE  2、Sheb @sheboshis  Shib官方的DN404项目，链上监控到合约部署后一直盯着，项目方设置错误导致公开Mint提前，单个成本0.05E，想了一下觉得非常值得一搏，果断花费32E印了640个，大部分时候排在持仓前3，NFT形式卖出约11E，后续项目方打开了代币授权开关但是没有添加池子，我怕其他散户加的池子太小不利于代币价格走势，又加了26E和300个代币到池子，目前LP手续费和区间收益22E，算上剩余代币价值，账面浮盈62E，大约19万u。  https://t.co/RkZE09LKOv  3、ASTX @asterixlabs  DN404是ERC721A创始人Cygaar和Vectorized以及其他几位知名Dev合作完成的优化版ERC404协议，而ASTX是Vectorized自己的项目，也是第一个使用DN404协议的项目，这个信息在项目开盘前通过推特关注和合约部署时间已经被我们推测出来。  开盘的时候因为合约参数设置不当导致价格波动巨大，由于存在限购，所以我用了三个号在价格从1000下跌到400的过程中分别花费10E、8E和5E各买入35个币，最多的时候浮亏12E，但是好在项目方非常乐于听取意见，这个项目的背景也逐渐被市场发掘，经过一天的震荡洗盘后，币价最高涨至2400，8天后陆续出完，获利26.8E，约8万U。  https://t.co/L2s86DNCNS  4、Portal @Portalcoin  不算是一个月内的操作，不过属于在这个月拿到的结果。大概三个月前参与的天使轮，当时判断项目质量和热度都很高，但是预售过程太随意，只需要通过网站打钱就行，任何人都能参与，导致很多人担心是Rug而错过了，我也是抱着尝试的心态投入了10E，当时约2万u，得到346.4k代币，目前场外成交价直逼3u，保守一点按2u计算的话，开盘释放15%部分收益为10.3万u。  https://t.co/gdQvaKe42a  5、Huhu @HuhuCommunity  在做Merlin跨链任务的时候发现了Merlinswap上验证的土狗Huhu，随后通过链上信息判断大概率是跨链桥或Swap测试人员部署，在市值250k左右入场，最高点超过50倍，不过个人操作比较一般，因为购买的时候还看不到详细K线和池子大小，所以只买入0.04BTC左右，卖点判断也出现了失误，最终获利0.3BTC，大约1.5万u。后续Merlin链上的另一个Meme币Voya也表现出色，我也分号进行了参与，但是同样上的仓位比较小而且卖飞了，梅林链上的这两个土狗没能拿到大利润算是这个月比较遗憾的事。  https://t.co/IvK8I5E5Ky  6、Miner @minerercx  蹲DN404协议的意外收获，因为DN404协议延迟了一天发布，Miner的ERC-X正好出现在那天的空档，对Gas做了一些优化，我总共买入7ETH，卖出17ETH，获利3万u左右。比较可惜的是这个项目合约出现了漏洞，后续发展一般。  https://t.co/yQptsAhIaa  7、ChainGPT @Chain_GPT  类似Moby的逻辑，观察到这个平台的打新项目质量不错，而且最高档位只用3.5万u左右，性价比挺高，所以在0.25附近买入，目前币价0.37，利润约2万u。  8、Moros  @morosnet  这个也不属于一个月内的操作，但过程挺有意思，值得一讲。去年11月左右发现了Moros这个项目，是做AI概念进行项目孵化的，比较突出的点是他们孵化的第一个项目被YC的CEO陈嘉兴点赞过，所以我陆续花了20天共买入4E，结果表现不佳，最低点跌到只剩20%，不过我还是比较看好它的长期发展所以选择了拿住，在这个月随着AI的浪潮，Moros也被发掘，从2.6号的最低点到今天20天涨幅50倍，这种突然暴涨几十倍的币自己也在车上的感觉还是非常奇妙的，我也由亏损到获利，目前盈利2万u。  9、其它 还有一些杂七杂八的小仓位操作就不一一罗列了，加起来的亏损应该在5~10ETH，链上操作追求的是赔率而非胜率，很多时候只有极短的时间窗口用于判断，遇到亏损甚至各类骗局都是在所难免的，我个人也习惯平时小仓位多试错，从而保持对市场的敏感度，这样才敢于在看好的项目出现时果断下注。  我也会出现失误或是踏空，这个月可以说是遍地黄金，撸毛、比特币生态和AI类代币都是大丰收，但是我基本没怎么参与，链上也因为一些细节没做好而错失了FP这个单币百E收益的机会，重要的是如何及时调整好自己的心态，投入到下一件自己擅长的事上。  另外最近感受比较深的一点是，之前推特上有一个论调，说牛市没有信息差，但我反而觉得信息差在牛市更大了。熊市的时候很多项目本身质量和市场流动性都不足以支持深耕一个项目，大家都是浅尝辄止，而牛市才会大批量地出现持续性强的项目，同一个项目可能大家都听说过，但是能在上面获利多少则取决于你对它的认知几何。纵观我这个月获利比较大的几个项目，都经历过横盘震荡甚至被FUD阴跌的时期，但最后都成了别人恐慌我贪婪的最佳入场机会，从而取得了不错的收益。  很多朋友在私聊和评论区里询问进群相关的事情，我的群每个月都是满的，只有月初会有一些空位，这几个月基本上群友推荐的朋友进来就满了，所以申请表看的进度很慢，希望大家理解，也不要被其他付费渠道骗了，感谢各位。最后也再次感谢市场，能接触币圈是我们这一代人的幸运，一定要把握牛市里的每一次机会。
1962792706905915473,Tue Sep 02 08:20:22 +0000 2025,10.0,False,False,735,70,137,270389,评论区一些朋友看开仓和平仓价格以为我是一路硬抗到盈利，其实这笔空单全程没有浮亏过，稍微详细写一下思路，不过首先还是要强调，做空和做多的EV是不对等的，我只是将低倍做空作为一种工具，如果没有清晰的交易思路和严格的风险控制能力就不要模仿。  第一部分的操作是盘前刚开的时候，之前的推文也分享过，0.4甚至0.5以上的价格在我眼里是属于高开了，一个很简单的逻辑，假如我参与了第一轮0.015的预售，是肯定会在这个价格锁定利润，因此即使没有打预售，也选择了做空，然后在0.25~0.2区间，这个价格已经接近WLFI币股公司ALT5的成本价，并且当时不清楚其余代币解锁情况，很可能一个利好就会拉盘，所以我平掉了大部分空单。  第二部分的操作是开盘前后的时间点，首先关于代币的开盘流通量闹出了不少新闻，我看完后感觉是偏利空的，另外开盘后结合链上数据，发现参与预售的地址或多或少都会选择卖出，这种巨量的获利盘短时间承接起来是比较困难的，正好这时候也慢涨回了0.3以上，所以重新空了进去，再次在0.25~0.2这个区间完全平仓。  目前从FDV上看依然是偏高的，但是短期对价格影响最大的因素是代币的真实流通量以及预售80%的后续解锁规则，我会结合这两方面的消息去判断要不要重新进场做一笔短线的多单或是中长线的空单，如果没有很明确的多空逻辑，就暂时不会参与WLFI的交易了。
1948596727805857938,Fri Jul 25 04:10:37 +0000 2025,10.0,False,False,719,129,257,197296,这一波Bonk生态，我是踏空比较严重的，主要是这几个月都处于半休息状态，对市场的敏感度不像之前那么高。LetsBonk出来的第一波，我以为会和当时雨后春笋般的各类发射台一样，只是昙花一现，但是没想到它经过半个月的沉寂后，强势回归，不仅跑出了一个300M的$Useless，更是在每日代币发行数量、营收等数据上全面超越了PumpFun。  其中最让我感到可惜的，反而不是错过了龙头$Useless，而是$GP。因为前者我是从开盘就有关注的，但它的第二波启动完全超乎我的预料，后来Bonkguy @theunipcs 也在100M的时候用中文回复我的推特介绍这个币，而我的操作习惯又很少追高，所以这本来就不属于我认知范围内该赚到的钱。$GP则是在LetsBonk平台逐渐强势之后还给了很充足的上车时间，平台收入所用于回购的资金量和市值对应的比例也是显而易见的数据，这类具有“确定性”的机会一直是我最爱的，结果因为没有第一时间调研，一路干瞪眼没上车。  昨天看了一圈LetsBonk上的代币，最后选择买入了$memecoin @thememecoincult ，它的叙事其实比较简单，就是用“模因币”这一单词作为Ticker，易于传播，也方便蹭热度，吸引我的主要是以下几点：  1、昨天LetsBonk宣布以后会将收入的1%分配给营销基金，并用于回购生态中的顶级代币，而$memecoin目前处于市值2~5名，是仅次于龙头的第一梯队，大概率会被回购。  2、在这波从市值1M启动的极速拉升中，前排地址除去新钱包外，$Aura大户的占比很高，而$Aura是最近庄家拉盘最猛的币之一。  3、$memecoin最早喊单的核心人物是 @missoralways ，也是我关注了很久的一位英文区KOL，觉得他对市场叙事的把握能力不错，从他的喊单风格来看人品也是可以的。  4、这波拉升后，明牌加入进来的包括 @XbtPika ， @0x_Darius 等人，可以发现这几天Chillguy、Pnut、Mubarak等代币的CTO推特都与$Memecoin进行了互动，可以看出这波人是具有丰富CTO经验的。  5、中文区对Bonk生态熟悉度很高的 @Ed_x0101 和 @0x_CryptoAu 也都发推介绍过，在中英文社区都有一定传播度。  6、这种精神文化类的Meme具有Cult属性，如果社区运营得当，往往会比热门事件类的Meme币具有更长的寿命周期  以上只是分享我个人挑选Meme标的时候的一些角度与思考，目前大盘也处于回调中，请自行斟酌并注意风险。
1898388658790731845,Sat Mar 08 15:01:41 +0000 2025,10.0,False,False,632,37,177,359516,群费这个东西，以前我为了避嫌一直没讨论过，现在自己基本处于休息状态，社群这段时间也不收费了不拉人了，可以发表一下观点了。  我一开始选择做收费群，并且是月费制，没有选择发NFT，很简单，一个是基本的门槛筛选，一个是作为一种双向选择和激励。首先我从最开始就是有链上名牌地址的，所有战绩都可以直接看到，不是光靠一张嘴和P图，这是我最大的底气。其次，月费制度，只要你进群后发现群内风格不适合你，最多浪费一个月，不会付出太多沉没成本。其次对我来说，每个月也会对付费群友负责，认真挖掘分析项目，而不会躺平。  我的群费定价一直是0.04-0.06E/0.8-1SOL一个月，逢年过节或者行情不好都会打折，相比起我提供信息的价值，我认为是一个极其低廉的价格，对于有基础和操作能力的链上玩家，跟上一个金狗的收益就远超这个数字。  到后面采用申请制，一方面是要进群的人确实太多，另一方面也是做一个基本的了解和筛选，因为中后期群里普遍水平上来了，进来的如果是不懂链上的新人小白，很难跟上，我也没有精力一个个去从头教。直到现在，累积的申请还有上千份没看。  人数一直控制在一个微信满员群，很多人劝过我开二群三群，我都拒绝了，因为我知道我没有那个精力，同样人数多了也会稀释alpha的质量。  其实我一直认为，不懂分辨代币好坏的玩家，往往也不懂分辨KOL水平高低。以前有一些人，仅仅因为我收群费，就眼红挖苦，造谣攻击。最后的结果你们也看到了，Trump这个币，前三天链上获利前20的人里，应该有10个是我们群友，是真正足以改变命运的一笔交易。以前从NFT到Meme币，大大小小的金狗就不提了，很多项目都是我们群最早发现最早冲锋的。  任何东西都要用辩证的思维去看待，我理解很多人对付费群有偏见，是因为早期很多主玩合约的群主，缺乏实战证据，涨跌全靠一张嘴，但是对于有名牌地址的链上玩家，我认为付费群是一种很合理的知识付费形式。当然前提是，你选择的群主确实有能力挖掘项目，有责任心，有分享精神，有不错的语言能力表述清楚逻辑。
1803282305886330944,Wed Jun 19 04:22:59 +0000 2024,10.0,False,False,444,62,73,151600,入圈差不多三年了，最近一直在思考自己平时操作容易犯的错误，不得不说人是很容易受惯性思维影响的。  我算是比较幸运的，进圈不久就接触了链上交易，最开始玩的是BSC上的小池子土狗，后来是NFT，这两者的共性是大部分项目资金容量不大，但是数量多，以小博大，日积月累。  其实现在早已时过境迁了，链上经常会有上百万U的池子，而且因为AMM机制流动性非常好，而CEX除了头部几家交易所里最热门的山寨外，大部分流动性是很差的，但是我脑子里早期形成的思维定式还是潜意识觉得，链上项目不适合用较大资金去参与，大资金还是得去CEX做二级交易。  这就导致了一种割裂，明明我所擅长的赛道是链上，现在的热点也是链上，但我往往过度谨慎，反而在交易所下手比较重。  反映在具体操作上，以这段时间为例，Shog我预售1M参与，最高12M；Billy我2M看见币安回复，6M买入，最高60M；DJT我55M买入，最高400M，而且这几个项目池子都挺大，其实每一个都是能赚1M usd级别的机会，但我最后加起来只赚了不到20wu。  而交易所这边，我买了比较多的WIF和ENA，WIF从浮盈70wu到现在亏30wu，ENA从浮盈25wu到亏10wu离场，其实反映了我交易山寨的止盈止损之类基本功是非常不到位的。  客观来看，以我的能力承担着十分之一的风险、利用着十分之一的本金，就能在链上取得CEX交易山寨同个数量级的利润，我在两者之间下注的比例明显是本末倒置的。这就是我提到的惯性思维所带来的弊病，不过好在终于是渐渐让这个问题暴露了出来，希望早日精进。
1720482602111660526,Fri Nov 03 16:46:32 +0000 2023,10.0,False,False,412,79,103,139969,复盘一下今天 @Memeland $MEME 上线做的一系列操作，顺便帮自己算算账，核心是链上组LP获利，并且通过买卖船长获得Mapz代币的方式加大了杠杆。  起因是中午看到一张表格，是从合约扒出来的各个稀有度船长以及Mapz对应的代币数量，而且Mapz是100%解锁，和 @zicai222222 讨论后觉得这是一个可以利用的信息差，决定从地板上弄一些Mapz对应代币数量较多的Captainz，最后总共买入13只，总成本77.9E，均价5.992E，开盘领了2244K代币，加上自己本来持有的2只以及8个Firesale份额所包括的1473K代币，总共3717K代币。  这里出现了一个几乎所有人都没预料到的情况，大部分人都以为NFT本身包含的代币也是开盘释放20%，但实际上只有Mapz对应的代币发放了，而我所有预估的套利空间都是把NFT本身的20%也计算在内的，而且后续的释放时间也没有明确公告，所以为了降低风险，我选择把所有船长都先卖掉，获得54.5E，均价3.63E，也就是早上购入的13只磨损为77.9E-47.2E=29.8E，现在看是卖飞了。  接下来就是计划中最关键的一环，尽早在链上组LP，从而获得高额交易量下的手续费，但是LP的区间选择也是很关键的，否则会因为无常损失适得其反。通过对场外OTC成交价的观察以及市值预估，我的判断是0.015以下绝对可以买入，而短期有机会冲到0.025以上，所以后续我的LP区间都是基于这一范围去调整。  领到币后我第一时间去组了LP，具体如下：  15:30~15:55第一个区间0.0213~0.0312，加入3717K个币和3.08E，取出手续费奖励158K个币和1.93E，取出3974K个币，从下图可以看出手续费非常夸张，十几分钟就有了接近10%的利润。  15:55~17:20第二个区间0.0197~0.0288，加入3717K个币和8.49E，取出手续费381K个币和4.99E，复投777K个币和3.96E，取出手续费92K个币和0.85E，取出5587K个币。  17:20~21:55第三个区间0.0188-0.0268，加入5698K个币和14.18E，取出334K个币（约4.5E）和91.15E，并且不再重新投入LP，目前看算是阶段性逃顶了。  回顾整个流程，代币部分利润为取出ETH和存入ETH的差值，即-3.08+1.93-8.49+4.99-3.96+0.85-14.18+91.15+4.5=73.7E，因为LP区间设置得当，在低买高卖过程中还吃到了高额手续费，最后相当于以73.7*1800/3717K=0.0356的价格卖掉了最初3717K代币。  整体利润情况，其中60%的币来自刚买入的NFT，卖出44.2E，减去NFT磨损29.8E，净利润14.4E，40%的币来自本身持有的2个NFT以及8个Firesale预售，卖出为29.5E，合计利润43.9E，我对这个结果还是比较满意的，比较遗憾的就是最开始组LP的时候下界给的过高，导致很快跌出区间，错失了低价筹码和部分手续费。  最后还是感谢 @9gagceo 和 @Memeland ，这波空投的表现至少对于Holder来说我觉得是完全到位了，比起某些发二代定向收割的项目不知道高到哪里去了！
1813419967930667051,Wed Jul 17 03:46:26 +0000 2024,10.0,False,False,331,43,57,131611,过去几天轰动全世界的一件事情就是特朗普遭枪击，所幸最后只是右耳受伤，毫不夸张地说，历史就因为这毫厘之间的偏差被改写了。特朗普在面颊带血的情况下临危不乱，于众安保簇拥中振臂高呼的照片被广泛传播，足以纳入历史书中。  这一事件极大提振了特朗普阵营支持者的士气，使他的获选几乎板上钉钉，对币圈而言，特朗普被普遍视为对加密货币友好，因此比特币从58k一路上涨至65k，也带动了山寨币全面反弹。  另一方面，链上Meme币的情绪高涨，因为特朗普本身就是一个话题性十足的人物，此前已出现过$MAGA，$Trump，$DJT等相关代币，而这次的事件又完美契合Meme币的情绪价值和注意力经济这两大核心要素，引爆链上情绪也是理所当然。  然而尽管先后出现了高点市值6M的$Survivor，30M的$Ear，4M的$FearNot，19M的$Fight(SOL)和78M的$Fight(ETH)，但是很多朋友却没有在这波土狗狂潮中获利，甚至频繁追高换仓导致亏损，这整个过程是相当值得复盘的。  一般来说我不太爱在新闻热点刚出来后去买新发的相关Meme币，因为可替代性强，容易被分流，同一个新闻会衍生出很多关键词，同一个关键词又有无数个流水创业盘，还要面临SOL链和ETH链的双重选择。不过这次的事件实在太过重大，主角又是具有Meme基因的特朗普，所以我也参与了一下，并且标的选择也比较好，总共只买了4个相关的币，不过在Survivor和Ear上回撤了大部分利润，最后靠ETH链的Fight才有所收获。  1、$Survivor Survivor是这次新闻后出现的第一个龙头，胜在开盘速度快，Ticker的选择也比较巧妙，“幸存”比起“枪击”更能概括事件的结果，也体现出了惊险程度，我在500k买入的时候Dev还在分批出售，所以只上了20SOL，上涨过程里陆续卖了，高点6M的时候已经获利1.5wu，但是在跌回1.5M后选择了抄底40S，最后一路跌到50k，利润只剩2500u。  2、$Ear $Ear在事件发生一小时后反超了Survivor的市值，成为了新的龙头，也是这次我最可惜的一个币。“The Ear Stays On”这句话实在太精髓了，既描述了特朗普耳朵受伤的情况，又契合SOL上龙头Meme Wif的口号“The Hat Stays On”，还表达出了一种顽强的生命力。  我在看到这句话的瞬间就笑出了声，还发到了群里，但是当时交易量集中在$Survivor，以至于我竟然没有去买100k的$Ear，直到1.5M才追了30SOL，卖点也把握的不是太好，最后仅仅收获9000u利润。  3、$Fight 到了15号早上，$Survivor和$Ear都大幅回调，我一边懊恼自己的操作，另一边也在继续寻找潜在的机会，因为我觉得这是一次能获利10wu以上级别的突发新闻，也不相信这种历史性事件的相关Meme币会在一天后就偃旗息鼓。  这时候特朗普挥拳高呼“Fight”的照片和视频已经被争相传播，几乎刷屏了朋友圈和各个社交媒体，SOL和ETH的两个$Fight在市值上也分别成为了本次事件的新龙头，当时市值为10M和8M。我的逻辑是只要龙头确立后，至少也可以去到$Ear的30M位置，所以在两条链各自买入了200SOL（约3wu）和6E（约2wu）的$Fight。  事后看，两个链都买这个操作也几乎是本次最重要的决定，尽管当时SOL的$Fight势头更猛，市值更大，但我并没有逼自己做选择题。2天后的现在，ETH的$Fight已经10倍涨幅，而SOL的还在原地踏步，只单独买了SOL链的$Fight也是这次导致身边朋友踏空的最普遍原因。  ETH链的10倍之路也并非一帆风顺，在16号凌晨的时候，特朗普的竞选官网将那张照片配上了“Fear Not”的字样，部分人解读为这个口号更加亲和，而不像Fight那样有攻击性，这也导致了$Fight的大回调，ETH链的从18M跌到9M，SOL链的更是从20M跌到6M，很多人都转而去冲$FearNot。  运气比较好的是，事发当时我在睡觉，等我醒来的时候两边的$Fight都已经跌完稳住了，既然高点没有跑掉，又觉得这个叙事更好，我干脆选择了拿住，如果第一时间醒着看到新闻，那很大概率我会卖掉$Fight，甚至沾沾自喜逃顶，也就错过了后面的巨大涨幅。  等到16号中午的时候，$FearNot没有完成对$Fight的反超，两条链上的价格也基本稳住了，我觉得龙头基本确立，又在16M的位置加了3E，本来是打算拿到50M以上，不过下午的一些小插曲让我没能拿住，40M卖掉了2/3的筹码，算是一个遗憾，截止发帖的时候市值已经来到了80M，最后获利13wu。  总结 $Survior，$Ear和$FearNot这几个币，更多是短期情绪带动，车上大部分是散户，容易暴涨暴跌，而且因为短期涨幅过大，SOL链本身热点转移速度又非常快，一旦进入下跌趋势就很难逆转，对于这种币一定要分批止盈。而ETH链的$Fight明显是有庄在护盘控筹的，即使Fud最厉害的时候也没有出现一路连续下跌的情况，这种币一旦吸引到资金和情绪后就非常容易爆发式上涨。  另外，确定性是随着市场走势、情绪、消息等等不断变化的，这一次相关代币从市值来看前后出现过至少5个龙头，有的昙花一现，有的真正成了某种程度上可以代表这一事件的Meme币，需要不断迭代自己的想法，做出对应的操作，而非拘泥或受限于固有思维。
2082656532517486638,Thu Jul 30 02:36:25 +0000 2026,10.0,False,False,231,13,166,265375,"今天Robinhood的财报电话会上，一闪而过的搜索框里唯一出现的代币就是 cash-cat:native ，并且Vlad在谈及RH链的时候也明确说了""Robinhood chain to be purpose built for RWA, I should clarify, I like memes as well""。这两个举动也让 cash-cat:native 从30M反弹到了接近50M。  之前也提过，一条公链的行情，比较理想的状态是24年末的Base，第一波先是靠创始人影响力和团队背景等软实力带动的自发行情，再在经过回调后，第二波由实打实的交易所上币彻底引爆，而目前的Robinhood是完全有条件复刻的，这也是我认为现在RH链上的代币最大的潜在利好，40M左右的 cash-cat:native 盈亏比应该是不错的，往下可以选择30~50%止损，如果真的被Roinbhood上币，往上则是3~5倍甚至更多的涨幅。  另外昨天出现了一个大池子Meme pipedog:native ，形象是一只叼着烟斗的狗，几小时就速通75M，项目方锁了池子，并在今早向受到第一个合约影响的用户退款了173ETH。这个代币的一大特点是深度非常厚，目前30M市值的情况下池子有4.5M的ETH，对比之下CASHCAT的池子只有1.1M的ETH。另外也有各种传言说团队背景强大，具体情况就不得而知了。我昨天在25~30M区间追了一些，如果出现更深的回调，会再抄一些。  此前表现亮眼的 hoodrat-4:native ，本来受RH链整体低迷的影响，几乎快归零了，这两天从底部出现了一些异动，今早得到了Pepe漫画原作者Matt的关注，目前也从最低500k回到了5M。  除了Meme币，还值得关注的就是提过一次的 $STONKBROKER ，可以说是目前RH上将NFT、RWA和游戏性结合得最好的一个项目，代币也是稳步上涨，关于这个项目推特上有很多具体解析，感兴趣可以搜搜看。"
1794866047297995227,Sun May 26 22:59:47 +0000 2024,10.0,False,False,230,43,61,205830,最烧脑的一集，群友发现 @Caitlyn_Jenner 这个有3.3M粉丝的账号发了一个Pumpfun，一查发现是卡戴珊家族的爸爸，赶紧买入了2SOL，但是今晚刚好发生了GCR推特被黑事件，而且这条推文还在评论区tag了几个知名CT账号，我第一反应是他的推特同样被黑，不过毕竟卡戴珊家族在美国也算顶流，短期有热度，内盘肯定可以玩，只是不适合追高接盘，主要是担心原推很快会删帖辟谣，所以250k附近就卖掉了，共17SOL。  没想到买盘非常强劲，一路冲到了接近2M，我正在为自己卖飞10倍而拍断大腿的时候，Dev开始出售自己的筹码，两笔交易就卖光了，本以为这个举措实锤了是盗号假盘，没想到Caitlyn的Instagram发了Story动态，点名提及了这个币，而且他的经纪人兼生活伴侣Sophia也转发了动态，并且Caitlyn在推特上疯狂回复那些质疑的人，表示这个币确实就是自己本人发的，并没有被盗号。  这些行为却让整个事件更加扑朔迷离，如果真是本人发币，为什么在那么早期就选择出售了所有筹码，如果不是本人发币，又为什么在Dev钱包清仓后继续卖力宣传，但是不管怎样，有两个Instagram账号的动态佐证，可信度还是高了许多，所以我又分批接回了50SOL。  推特针对这件事议论纷纷，价格也随之震荡，这时候Sophia又放出一大重磅，上传了一段露脸视频表示这个币确实是自己及团队所发，而Caitlyn本人正在打高尔夫所以暂时无法出面，这个视频的出现让币价开始加速上涨，我也在5~8M的区间卖掉了所有代币，获利70SOL。  好景不长，很快又有人表示这段视频是用Deepfake AI技术合成，还有人发出推特私信截图，说这是一个专门盗取名人社交媒体发币的惯犯团伙，这些言之凿凿的负面消息又让币价遭遇了过山车，重新跌回4M。  随后Sophia直接用Caitlyn的账号召开Space，刚刚很多负面言论也纷纷删推，似乎这下胜利的天平已经彻底倾斜，币价也一路突破20M。谁想到Sophia又在Space里表示可能要发射一个新的代币，这一言论导致币价应声下跌，一路瀑布到6M，随后又开始震荡。  虽然最终也在这个币上获利了80SOL，但还是感到比较可惜，因为光是我第一笔内盘买入的2SOL在高点就可以卖出超过1000SOL。这一晚光是看戏就耗费了不少脑细胞，真算得上是近期Crypto里最Drama的事件了，直到现在恐怕除了Sophia团队之外都没有人能搞清楚究竟发生什么，真相又是什么，只能继续等待事情的发展了。
1871758783804006867,Wed Dec 25 03:24:04 +0000 2024,10.0,False,False,190,41,88,124562,这两天$SPORE @sporedotfun 和$MetaV @aipool_tee 大放异彩，前者强调AI的自主繁殖、进化、竞争，后者强调第一个AI自主完成的预售，也让TEE的概念开始被更多人了解，简单理解的话，TEE就是一种可以保证AI完全自主掌控，不受人为控制的技术，目前已经有很多科普文章，感兴趣的朋友可以深入了解。  而TEE其实早在10月底就推出了，核心开发者是 @karan4d  ， @ropirito 以及 @PhalaNetwork 团队成员。当时官方发布的账号是 @tee_hee_he ，并且这个AI发了一个ETH地址，所以ETH主网也出现了同名的Meme币，并且引来麻吉、Azuki创始人Zagabond等人的互动，币价也在半天内到达40M。  结果当时主导这项技术的几位开发者对于Meme币非常抵触，多次表达反对态度，导致Tee价格一落千丈，后面有过几次反弹，最终还是没能起来，我在高点的时候浮盈二十多万u，因为很看好，基本没卖，最后拿到亏钱。  这件事引发了我的两点思考：  第一，不管圈内圈外，依然有很大部分人对加密货币存在偏见，甚至Tee的几位核心开发者都是深入接触币圈的，却在一开始十分排斥同名Meme币，结果到两个月后，TEE这个技术真正让大众产生兴趣，开始大规模传播，依然是因为相关代币。所以哪怕仅仅从注意力的角度出发，Meme币也存在其价值。如果Tee的技术团队从一开始就积极拥抱Meme币，说不定现在已经发展成ETH主网上的AI16Z这种规模。  第二，对TEE这项技术的了解，也让我参与$SPORE和$MetaV的时候比较有信心，很多人都觉得Meme币赚钱全靠运气，但我觉得平时的积累，不管是认知上的还是技术上的，总能带来一些回报的。  最后也做一点风险提示，$MetaV这个预售之所以吸引了很多人，不仅是因为用了Tee技术，更因为创始人123Skely的背景，有ai16这团队背书，大大降低了作恶的可能性。虽说Tee强调的是AI自主掌控，但是一方面代码可以留后门，另一方面大部分人根本没有能力确认是不是真的使用了TEE这项技术，所以不建议因为$MetaV的表现就盲目参加后续的预售。
1835829833793933584,Mon Sep 16 23:55:15 +0000 2024,10.0,False,False,179,25,77,85720,昨天很遗憾，因为睡觉错过了币安的上币公告，没能操作一把，刚刚复盘了一下，只能说这次小写Neiro的上线简直是一次匪夷所思的“奇迹”。  说是奇迹，首先当然要恭喜坚定持有小写Neiro的Holder，以及第一时间反应过来做出操作的朋友，从图1能看到，方程式新闻是45分推送的币安上币公告，3分钟后群友Nsv哥发现链接指向的是小写推特，直到49分链上才开始出现价格涨幅，涨到2.5倍花了6分钟，涨到5倍花了12分钟，这个时间窗口，对于币安上现货这个级别的新闻交易来说，是非常充裕了，而且小写在链上的池子也有几百个ETH，能容纳的资金也不算小，最后到高点180M，底部涨幅超过10倍。  说匪夷所思，一是公告的时候小写Neiro的市值只有15M，24小时成交量也不大，至少在我印象里，近几年币安上这种数据的现货是前所未见的，毕竟即使是100~200M的币，如果官宣上币安现货都能拉个50~100%，更不用说这么低的市值；二是币安之前已经上了大写Neiro的合约，在公告里居然没有明确区分两者的Ticker，我想99%的人看到通知的第一反应都是大写，根本想不到会上现货，也不会再去做进一步确认，因为的确太超乎常理了，这一点从价格表现也能非常直观地看出来。  这对于小写持有人，以及部分眼疾手快的链上玩家，当然是好事，堪称美梦成真，但是对于交易所用户或者反应没那么快的玩家来说，简直一场灾难，有不少人之前因为币安上线了大写合约而割肉了小写，或是看到公告去开多了大写，甚至觉得是币安弄错了，一直扛单期待反转，从而造成了很大的亏损，也有一些交易所用户根本不知道链上还有大小写这么戏剧化的事情，这次上币对他们来说更是难以理解，这也可以解释为什么昨天推特上一边喜大普奔，一边骂声一片。  抛开大小写之争不谈，我也非常好奇几个问题 @heyibinance @binance ：  1、这次上币是不是意味着开启了币安上小市值现货/合约的先河？  2、存在同名代币和Ticker的情况下，在公告中不做明显区分和提示，是出于什么原因？（从图3和图4也能看到，币安公告里一开始写的只有Neiro，到后面也意识到非常容易产生误会，改成了First Neiro on Ethereum）  3、币安选择Meme币的标准是什么？如果是社区文化，建议考虑$Mog，如果是控筹拉盘，建议考虑$Sundog，如果是团队实力，建议考虑$Cat。
1837381500943454478,Sat Sep 21 06:41:01 +0000 2024,10.0,False,False,163,20,61,81445,这个月除了小写Neiro上币安之外，目前为止最好的机会应该是Cat20 @ProtocolCAT 了，也很值得复盘。我是11号凌晨四点左右看到项目方推文，当时根据几个理由判断这应该是个好机会：  1、分型网络上的新协议，可以很好地承接FB的热度； 2、OP_CAT相关概念，属于比特币生态的热点； 3、项目方发推不到1小时，已经得到了很多国内外BTC生态博主的互动和关注。  所以很快就开始研究，本来是准备自己实操一遍后直接给群友分享教程，结果捣鼓了快一个小时还是没能成功，就喊大家一起看，最后到早上10点左右跑通，第一阶段大家遇到的主要是以下几个问题：  1、误以为要等21000个区块后才能打，很多人就直接去睡觉了，耽误了时间； 2、一开始没有很清楚详细的教程，官方只给了一个Github，上手有难度； 3、用Ubuntu或者Mac会方便很多，Windows配置环境容易出现各种错误。  到了那天下午，消息迅速传播开了，有很多博主提供了教程，FB链上的Gas也从一开始的个位数涨到了400Sats左右，我已经困的不行了，配置好10个钱包自动Mint以后就去睡觉了，结果忘记设置后台运行，网络中途断了，导致错过了第一批低成本的时机。  再往后Gas一路卷，最高的时候达到了接近7000，而我是在第二天2500~3500的Gas区间完成了大部分Mint，去除掉Merge以后按当时的FB价格，对应的是5~7M的市值，我觉得是有空间的，第三天还想再加一些仓位，就遇到了0.01数量的问题，不仅白白浪费了FB，还耽误了时间，最后大概1万u出头的成本打了48000个币（9600张），按目前场外价接近7倍了。这个价格表现其实已经大大超出了我的预期，我本来想的是能到20M市值就很不错了，所以还是蛮惊喜的。  这次不太满意的是执行方面还是有所欠缺，因为这个级别的项目我是会想上5~10万u仓位的，但最终因为各方面的原因只打出去1万u的FB，其实里面将近1/3还是打废了的，导致没有完全把握好这次机会。昨天和几个打新工作室的朋友交流了一下，他们基本都拿到了不错的结果，在执行力上还是得和他们多学习。  即使是在大家普遍觉得一般的环境下，依然出现了好机会，小写Neiro我认为算是一年难得一遇的了，Cat20也算是月度级别的项目，区块链还是神奇。
1692708428320489478,Sat Aug 19 01:21:52 +0000 2023,10.0,False,False,120,25,35,105424,昨天不吃不睡连轴干了22个小时Sei，结果让人心累，还是复盘一下整个过程吧  17号下午五点左右睡醒，看到群聊和推特零零散散在讨论 @SeiNetwork 的EVM钱包空投活动，感谢愉悦 @yuyue_chris 和豪哥 @yonghaochen168 第一时间分享了流程和细节，当时情况是EVM大部分跨链桥需要24小时跨回，而通过IBC跨OSMO或ATOM几乎是秒去秒回，所以这两种资产肯定是首选方案了。  金额方面，大致了解到1WU以上有较大概率爆5000个Sei的宝箱，10WU可能有更大奖励，而币安的OSMO在我借了一万个出头后就被借空了，抱着搏一搏的心态在0.45附近买足了价值11WU的OSMO，跨到第三个号的时候爆出了Supreme宝箱，开到13548个Sei，最终自己的7个号开到了3个13000档次，3个5000档次，1个200档次，平均单号收益为7750币*0.18=1395U。  看到这个结果后真的非常兴奋，感觉区块链再一次撒钱了，而我要做的就是弯腰去捡。我也很快反应过来可以通过分润的方式找人合作，对方无需承担资金和币价波动的风险就可以享受10WU的概率。我一开始定的是2/8分，但是消息发出去后微信瞬间爆了，包括很多群外的朋友都闻声而来，考虑到时间成本我又提高到3/7分，按当时的概率粗算，0.7*7750=5425个币的期望收益也大于1WU能拿到的满格收益，毫无疑问的双赢局面。  我其实有意识到这么高收益的事情很可能不会持续太久，因此方案定好后就是紧锣密鼓开干，不过很快Sei官网就出现了跨链金额计算延迟的问题，一个号需要几十分钟才能完成领币流程。  一开始抱着求稳的心态，每个号都等币到手才开始做下一个号，但是等待时间实在太长，所以抱着试一试的心态用过桥方式做了10个号，也就是不等领币直接跨回资金做下一个号，结果12点左右那10个号的奖励全都可以领取了，而且大部分是5000个币，这下反而给了我信心，认为是官方用分批快照的方式在发放奖励，再之后的事情就是一开始提到的，从下午六点到第二天下午四点，总共22个小时做了200多个号，结果按目前来看，是官方在17号晚上暗改了规则，IBC跨OSMO不再被承认的，而现在用其他路径的10WU领到的奖励大部分也只有200-400个币，妥妥的奥迪变奥拓了。  这次事件里，我还能提升的点在于：  1、认为合作撸Sei是大机会后，可以买入额外的OSMO/ATOM现货，能吃到5-10个点的涨幅 2、领币延迟长达几十分钟后，可以早点尝试过桥方案 3、一整晚好几小时都无法领币后，可以尝试用其他类型的资产跨链  我做的比较好的点在于：  1、买入OSMO后因为币安没有该币合约，所以开了更大仓位的ETH空单，正好碰上大盘暴跌 2、Keplr钱包、Cosmos生态都是我几乎没接触过的，面对陌生领域愿意用10WU尝试整个流程，也因此参与了这次“大机会” 3、第一时间想到合作分润的方式，也因为自己积累的信用和影响力找到了很多愿意合作的伙伴  虽然折腾大半天没赚到什么钱，但这次的经历还是颇具意义的，至于这个不出公告暗改规则的项目方，爱sei sei吧😠
1802578244421697808,Mon Jun 17 05:45:18 +0000 2024,10.0,False,False,82,8,18,38795,总结一下昨天比较金的预售 @shog_AGI ，早上百无聊赖刷推盯链的时候注意到了这个项目，大概看了一下发现是已经做了大半年的AI项目，有App和开源的Github，预售的市值也不高，就觉得性价比不错，单链的额度是165E左右。  我还特意去它们DC咨询了一些细节，不过没有急着上，一方面因为这两天市场情绪非常低迷，这个预售本身打的也不快，另一方面预售的表现其实很大程度取决于参与人员，如果车太重抛压太大很影响开盘后的走势，所以我原定的策略是保持关注，等过100E之后再上。  比较机缘巧合的是，到下午我看合约里才打了不到30E，就想着等睡醒再看，结果眯了几十分钟突然惊醒，再一看合约里已经50E了，我又担心如果睡太久的话可能会错过，在床上纠结了几分钟后还是决定爬起来先参与，因为早上已经做了基本的调研，所以比较果断地打了10E进去，当然那时候也不敢说有十足的把握，毕竟这两天链上基本没什么金狗，这个项目看起来又蛮小众的。  我大号打完以后在群里大概介绍了一下，不少玩家也注意到了我钱包的动作，预售开始加速，十几分钟以后主网就满了，又过了十几分钟大家把Base上的额度也买完了。主网开盘后很快到了4M市值，这时候Base链开盘了，尽管短期内都不存在跨链可能性，但两边的差价还是让部分人选择抛售主网的代币去买Base上的代币，这也导致了我昨天对自己最不满意的操作，在价格跌到2.5M附近的时候选择了出本，卖掉了10E左右的筹码。我这么做的逻辑是觉得Base链上的代币会拖后腿，分流买盘，如果这是一个只有单链的项目，那么开盘后我是有非常足够的信心拿到10M的。  这时候也有朋友挖掘出了更多信息，例如项目创始人 @thenetrunna 被YC总裁 @garrytan 和Eigenlayer创始人 @sreeramkannan 关注，知名天使投资人 @balajis 早在23年就在一篇推特Thread中介绍过Shog等等，在这样的背景加持下，价格开始反弹，最后高点达到了12M，目前在6M区间震荡，我的盈利则是40E左右。  复盘这次的参与过程还是比较有意思的，好的方面是即使这两天大盘下跌、链上低迷的情况下，依然会有不错的项目出现。不足之处是调研和操作都没有做到最完美，事后来看预售上更多仓位，卖点把握更精准的话这也是一个单狗1M级别的机会了。区块链永远不缺机会，最重要的是如何在机会来临时把握住。
1712853932278726819,Fri Oct 13 15:32:55 +0000 2023,10.0,False,False,73,26,25,34135,这两天的土狗币市场还是挺热闹的，连出了2个话题性十足的代币 $Hay 和 $TEURO ，前者号称Uniswap上的第一个代币，由Uniswap创始人 @haydenzadams 在1811天前部署并加池子，后者则由TUSD @tusdio 的合约部署者创建，这两位Dev的名气已经足够响亮，而这两个代币的剧情更是戏剧性满满。  首先讲讲 $TEURO ，TUSD在币安有挺多交易对，而这个代币在合约创建后大部分被转入另一个地址，随后由该地址以0.5U的价格添加了13E流动性，名字看似和欧元稳定币有关，却不是稳定币的价格，自然引起了大家Fomo，没想到一个多小时后Dev直接撤走了池子，而且截至目前TUSD项目方也没有任何回应，全程令人匪夷所思。  $Hay 的故事就更精彩了，Uniswap上第一个代币+创始人亲自部署，而重新被翻出来的原因是有人发现了这个代币并从V1池子购买，然后在V3添加了流动性。虽然前排持仓的筹码量个个都够砸空池子好多次，但这个叙事确实太有吸引力，再加上前排地址都是几百天前购入的，且大部分处于休眠状态，所以大家还是抱着侥幸心理一顿猛冲，代币价格也短期暴涨数十倍。  然而天有不测风云，几个早期匿名地址率先砸盘，随后登场的是前Uniswap员工 @johnpalmer ，这哥们大概率是个表演型人格，一边借助V3池子出货，一边假惺惺地烧掉手里的部分代币，又询问如何锁币，最终将部分代币分别锁了7天和30天，但是在此过程中他已经获利数十E，而今天另一个地址kyoro.eth苏醒，他的玩法就简单粗暴得多，在三个多小时内连续抛售手里的代币，总共卖出上百E，如今短期抛压暂时消除， $Hay 又重新有了上涨势头，就是不知道会不会有第三个休眠地址再次出手阻拦了。  其实换位思考一下，假如你几百天前花0.1E购买的代币本已归零，却突然价值数十E甚至上百E，恐怕大部分人都忍不住出售，假如换做你的话会怎么做呢？
1702875577982845031,Sat Sep 16 02:42:30 +0000 2023,9.9,False,False,110,36,23,59422,"本周出积分了，来更新一下进度以及对 @friendtech 当下局面的思考，当然我的大部分想法还是从刷分获利的角度出发：  本周个人资金和积分情况 本周初感觉第二波FOMO可能到来，所以充了40E，大部分买了TOP榜上几个人的Keys，当时想法也比较简单，不指望通过交易Keys赚多少钱，只要这波资金涨幅能抵消掉自刷的10%磨损即可，今天积分更新后大部分Keys迎来回调，目前账面价值约50E，算是实现了目标，同时本周也拿到了5000积分，也就是保持活跃的前提下1E约100分。  自刷困局 上文提到的自刷就引出了我认为现阶段FT的一个困局，所谓自刷，就是自己买自己或者大小号互买，目前这种方式和持有其他人的Keys分配的积分权重是完全一样的，而无需承受市场波动，并且可以省下买卖共10%的手续费，那么对项目方来说，是否要限制自刷就成了一个两难抉择。  值得一提的是，目前流行的（3,3）互买互持，其实在我看来就是一种权益倾斜向价格较贵一方的自刷，所以同样适用于下文的讨论。  不限制自刷的可能结果 如果不限制自刷的话，此后大部分玩家，尤其是资金量较大的玩家，可能都会选择这种方式换取积分，因为风险是可控的，整个流程就简化成了拿固定的10%资金磨损质押一定时间换取空投。  这种方式无疑比持有他人的Keys承受价格波动和20%的磨损要更稳妥，而带来的结果是新资金只会停留在自己的账户里，而不会再进入生态中，所谓的SocialFi也就变成了彻头彻尾的质押挖矿游戏。  限制自刷的可能结果 对于很多早期就拿真金白银支持项目、自己拉盘自己的真实用户而言，调低自持权重无疑是不公平的，而对于一些尚在观望的撸毛玩家来说，如果项目方削弱或是切断了自刷这条道路，可能很多人就不会选择进场，这对于项目整体的TVL增长和手续费收入都并非好事。  总结 上周处于项目的TVL爆发期，因此通过Flip低估的Keys也能获得不错收益，但是一旦TVL增速放缓甚至陷入瓶颈，空投就会成为散户获利的主要甚至是唯一方式，也不可否认大部分人参与FT的主要目的本来就是获取空投，那么从这一角度出发，项目方是否该限制自刷行为，在我看来已经是一个不得不面对而又几乎不可能完美解决的两难局面。"
1988477546288361700,Wed Nov 12 05:22:45 +0000 2025,9.7,False,False,582,47,160,310048,昨天Uniswap的费用开关和回购销毁提案出来以后，Uni从$7.2开始涨，我起床看到消息的时候大概是$8.8，最后分批买入均价在$9，选择追高是因为觉得这个提案确实属于实质性利好，而且Uniswap是Dex的开山鼻祖，基本面够硬，再加上之前有一次类似的提案，让Uni从$7涨到了$16左右，所以我的止盈计划是$12开始分批卖出，结果是摸了3次$10就跌下来了。  最后受这个消息影响，上涨最多的反而是Meteora，因为一对比数据，发现Meteora的Fees可以达到Uniswap的70~80%，但是$Met的市值却只有$Uni的3~4%，虽然Meteora目前暂时没有公布回购销毁等计划，但也可以作为一种潜在的利好预期。  所以现在这个行情，能赚到钱的，要么是出手果断，止盈坚决，不带任何幻想的顶级交易员，要么就是能比大部分聪明人再多想几层的顶级聪明人。  我从10.13清掉多单之后，已经有意识地控制出手次数了，做的少数几笔交易，也都是我认知里很好的机会，例如第一波追GGG，抄底Ping，昨天追Uni等等，但最后基本都是从浮盈到亏损。可能直到现在，10.11闪崩的后果才慢慢显现出来，一大批多头被清算，热钱少了很多，再加上龙王说的，市场上剩下手里还有钱的几乎全是聪明人，难度确实是变大了。
1846461334428504324,Wed Oct 16 08:01:02 +0000 2024,9.6,False,False,318,34,123,203839,$Goat今天最高涨到了300M，这也让我开始思考一个问题：消息或者认知领先市场当然是好事，但某些时候反而成为一种劣势。  以Goat为例，我一开始就知道A16Z创始人资助过这个AI机器人5万美元的，也认为这是一个很吸引人的叙事，有机会从猫猫狗狗动物园这些Meme题材中脱颖而出，我的第一笔买入在650K，总共大约2M均价买了110SOL，最后一笔卖在83M，平均卖出价不到20M，获利10万U。  10万U这个利润，对于高点30-50M级别的币，我觉得算很不错，但是对于300M的币，又是极早期进场，其实不尽如人意了，毕竟1%的筹码就是300万U。  其中存在的问题是，早期了解到的信息越多，也越容易被噪音干扰。像Goat第一天，好几次跌破3M，涨到20M后又一路阴跌回6M，再结合AI胡言乱语发其他Ticker这些插曲，很容易让人产生怀疑，是否这个叙事市场并不买单？是否它的上限也就是几十M？会不会AI又突然乱说话导致大暴跌？这些因素都加大了坚定持有的难度，影响了对其天花板的判断。  而这种时候，后入场反而成了一种优势，叙事就是简单的一句话，“A16Z创始人资助的AI站台Meme币”，共识也真的就是涨出来的。  针对这个问题需要提升的能力，就是更加动态地去审视代币发展的每个过程，当有新的确定性事件出现后，再次去做判断，而不是一味保持原来的看法。想吃到早期项目挺容易，想吃满很难。
1930722585828118705,Thu Jun 05 20:25:10 +0000 2025,9.4,False,False,920,87,171,434519,Boom💥  简单说一下选标逻辑，Fartcoin是因为Pumpfun发币预期吸血SOL生态，Trump在晚宴新闻后我认为是放利好拉高出货，一直在找机会空，另外像Griffain、Goat、Chillguy这些是底部涨上来几倍，但这波并非领涨而是跟涨，加上项目本身持续驱动力不足。  另外我做空山寨一定是低倍杠杆，参考此前推文。 https://t.co/edJZAgJdC4
1753654772006306236,Sat Feb 03 05:40:53 +0000 2024,9.4,False,False,118,18,36,44683,2024最气人的一集，早上前电竞选手 @issa 发推说他才是dogwifhat（小狗戴帽子）的原创，并在ETH上发了同名代币，$WIF 这个币在SOL高点到过400多M并且上了币安合约，issa在国外属于知名度较高的那一档主播了，推特上428k粉丝，Twich上373k关注者，再结合他确实在2019年就发过相关的词汇+图片，可信度挺高。  这样一个知名人物+大热Meme原创突然发土狗币，我和群友都觉得是好机会，果断上车，我自己从4M开始陆续买了5E，一小时内就一路暴涨到30M，已经价值17E，另一名最早买入的群友2E已经变成接近40E，这时候我们也发现早期狙击的内幕钱包一直在出货，但是内心又有不甘，觉得这个叙事不会止步于30M，还被issa一个燃烧5%预留代币的举动蒙骗了，以为他要停手，下跌过程里又加仓了几次，结果几小时内70M的交易量，市值反而又跌回了4M，我从浮盈12E到亏损10E。  更搞笑的是issa居然在私信里回复别人说“我已经15分钟没有卖币了，其他人赚的比我多得多”，还卖掉了营销钱包里的一小部分代币来慈善捐赠，结果在他晒出的截图里用的小狐狸钱包显示“”Account 183”，很难不让人觉得他的前182个钱包是用来建老鼠仓了。这么大名气的主播加上这么好的叙事，格局居然就小成这样，还一边出货一边摆出白莲花的样子，实在有些恶心了。  这个币但凡内幕的底部筹码格局稍微大一点，现在应该也至少是在冲击50M的路上了，玩土狗有时候就是这样，享受短时间10倍利润的同时也要面对本金缩水90%的风险，而且很多时候项目方的谜之操作是根本无法预料的，作为玩家也只能做到控制自己的情绪，在操作的时候尽量遵循既定策略执行。
2039647031690662229,Thu Apr 02 10:12:01 +0000 2026,9.3,False,False,700,73,93,140931,几乎每次出现STO这种妖币，我都会劝群友看看就好，别去碰。包括之前的RIVER、MMT、TRB等等，这种币本质上是信息不对等的博弈，庄家知道自己手里有多少筹码，知道合约OI有多少是自己的，有无数种方法玩弄对手盘，来实现利益最大化，可以控筹拉盘爆空，可以靠负费率磨死空军，可以建好空单砸现货断头台，也可以反反复复拉砸。  结果每次最被津津乐道的，往往要么是有人底部埋伏进去吃了几倍，要么是有人顶部摸顶空快速获利。其实也很正常，币圈的用户本身就风险偏好很高、喜欢波动、喜欢财富故事。我也相信有人是可以通过合约和链上的各种数据，在面对庄家盘的时候，将胜率提升到高于一般散户的水平。  但是归根结底，一场信息不对等的博弈，散户注定是-EV。体现在时间上，就是你可以对99次，但是只要1次错误加上扛单，结局就是归零。体现在资金面上，一个单机盘从始至终，获利的大概率是庄家加极小部分散户，买单的则是剩下的绝大部分人。  当猫不想和老鼠玩的时候，老鼠没有任何机会，不要心甘情愿去做一只老鼠。
1980682282563477983,Tue Oct 21 17:07:10 +0000 2025,9.3,False,False,695,38,228,208222,尊重版权当然没错，但这件事其实哪是什么IP问题，看看上了Robinhood、Coinbase和币安的Pnut，压根不是松鼠主人发的那个币，看看Chillguy，原作者也从来没有许可过，再看看这两个币跌了多少，怎么不去告老师？  说白了，你强，你声音大，你受人瞩目，就会有人眼红你，恶心你，抹黑你。  做推特四年，阴暗扭曲之人早见得多了，如今已经演变到正常买币互动，要被指责只交易不做事，做了事，要被指责为什么买别人的币不买他的，即使币安人生这种几个车头几M一路喊到几百M，成为币安第一个中文交易对的，也有各种阴谋论甚嚣尘上。那能咋办，只发复盘，又要说你事先没把饭嚼烂了塞他嘴里带他赚钱。  认清物种多样性，是自洽的第一步，强如巴菲特马斯克，也得不到所有人的认可，做人做事无愧于心即可。  无波真古井，有节是秋筠。 人生如逆旅，我亦是行人。
1875720961775083896,Sun Jan 05 01:48:21 +0000 2025,9.3,False,False,525,36,126,145550,这一周操作下来，节奏非常舒服，链上AI代币整体处于上升期，不缺资金，不缺叙事，不缺好团队，反映出来的结果就是认知中觉得还有更大空间的项目，真的可以一路涨。  新币里超过30M的大部分都参与了，并且该止盈的止盈，该拿住的拿住。其中最遗憾的是$Slinky，如果能按一开始项目方宣传的那样空投给两千多万个地址，至少也是100M的叙事，可惜只是ZK压缩，买了1%最后获利10万u。  其他利润10万u以上的代币都是AI赛道的，在此前的推文中基本都有提及，$LMT是区块链AI语音助手，$Buzz是Defi+AI赛道并且Dev拿过微软AI黑客松冠军，$Focai是AI上链+Tee+ElizaOS扩展的叙事，背后是Artela。另外还埋伏了一些我认为赢得黑客松概率较大的项目，例如$ASYM、$APY等等。美中不足的，就是非常看好的Buzz和FocAI因为开盘上涨太快，没有买够1%。  当然也有遗憾，最可惜的就是全程错过了$Swarms的涨幅，我在12.20发的AI长文中就提到了Swarm主题的潜力，也在12.29号群里聊天的时候提到这个赛道一定会出现200~300M的代币，可惜因为项目前期的各种Drama，最终没有上车。  想想也确实感慨，三年前我在读研的时候，因为大部分精力投入在币圈，一度觉得自己无法完成一篇CCF-A国际期刊的毕业要求，认真考虑过退学，但最终还是顺利毕业，三年后，之前敲代码啃论文的日日夜夜，竟然成了帮助我理解这波AI叙事的最大帮手，好像一切都是命运的安排。
1867845182001229920,Sat Dec 14 08:12:48 +0000 2024,9.1,False,False,334,29,79,143320,这段时间操作了几波松鼠和山羊，弥补了一下遗憾，这两个币我最多的时候分别有0.6%和0.85%的筹码，但是之前在链上只各赚了十几万u，算是严重卖飞。  我一直对自己在早期抓住项目和分析叙事的能力很自信，10月以来最大的三个主题，以$Goat为代表的AI叙事，以$Pnut为代表的政治大选题材，还有以$RIF、$URO为代表的DeSci赛道，我整理好发推的时候这四个币的市值分别为10M、15M、25M、10M左右，自己首次买入以及转推相关内容就更早，四个币的最高点分别是1.3B，2.5B，250M，150M。  按理说在这种倍数和深度的机会里，是该拿到更大的结果的，包括身边的朋友和熟悉的博主也有几个砍下了单币5-10M的战绩，羡慕佩服的同时也在思考，如何能有所提升。  第一个是更动态地看待项目发展，早期参与项目的优势在于成本低，但往往伴随着噪音，有时候卖飞就是这些因素导致。当项目进一步发展，受到市场认可，有更大确定性展现的时候，不妨重新进场。  第二个是忍受利润回撤，忍受亏损，通过一些试错和不那么“完美”的操作，抓住在单一项目取得收益更上一个数量级的机会。  第三个是打开想象力，牛市与熊市不同，许多梦想中的剧本和估值，是真的可以实现。  第四个和我的操作习惯有关，因为早期主要交易NFT，而NFT的卖出必须主动挂单，这就导致我有分批出货的习惯，有好也有坏，短期可能难更改。  这两个月行情实在太好，机会实在太多，发文总结的时间少了，总在不停地看项目、找信息、操作、思考，也非常佩服还能保持高质量输出的博主。这几天在枯坐之余尽量每天分配出一些时间，梳理AI Agent赛道Meme币的脉络，希望能在下周完成，以X文章的形式与大家见面。
1760978792619946419,Fri Feb 23 10:43:56 +0000 2024,8.7,False,False,221,18,93,151244,2天前印 @sheboshis NFT的时候我就在群里说，Shib官方发的404代币才1.8M市值（当时总量原定12000），这都不冲不知道是来区块链干嘛的，所以冒着合约作废的风险打了32E的公售，持仓640大部分时间排在第一，这2天NFT价格在0.1E左右波动，其实翻倍出完也有30E利润了，但是我觉得从代币市值角度看的话，对比其他404项目， $SHEB 还不高，所以基本没怎么出。  今天凌晨终于20000个NFT全部售罄，项目方也打开了代币授权的开关，结果他们自己没有添加流动性，被另一个散户加了小池子，我怕波动太大影响代币后续走势，就自己加了300个币和27E到池子里，价格震荡了一上午，终于走出了上涨的苗头，也陆陆续续有人开始发现 $SHEB 是来自Shib官方，目前代币价格为$820，换算成ETH就是0.28E左右，距离公售价格接近6倍。  我的浮盈为NFT阶段卖出+OTC共11E，LP手续费+区间卖出50E，剩余代币价值64E，接近达成单狗百E成就，在ETH价格接近3000的情况下还是挺不容易的。  对这个项目后续可以期待的几个地方，一是项目方开图后官方加池子，这是在公布的计划内的，二是Shib官推针对 $SHEB 代币部分再专门发推介绍，他们之前已经发过一条关于NFT部分的推特，三是随着今天潘多拉做市消息以及币价反弹的利好，带动了整个404代币板块， $SHEB 和 $ASTX 对于404代币龙二地位的竞争也很有看头。遇到动作慢的项目方只好自己多助力一下，2024不做别人的阿斗，只做自己的赵云！
1878984238722322872,Tue Jan 14 01:55:27 +0000 2025,8.7,False,False,186,21,51,86561,卖出，是一笔交易的最后一步，喊人止盈，是最难的事情。  大部分时候，不可能真正卖在最高点，选择止盈导致卖飞，别人会觉得是你的问题，甚至有的币，止盈完回撤八九十个点，经过很长时间的横盘震荡后再起飞，别人依然会觉得是你害他拿不住。  另外，影响力大了以后，如果止盈点位恰好在局部顶点，剩下的持有人又会觉得是你的言论导致币价下跌。  所以我在社群里也反复强调过，上车可以大家一起，下车只能靠自己，根据你的交易风格和风险承受能力，决定止盈策略。  如果你想当钻石手，希望拿到一次大结果，就做好无数次利润回撤甚至亏损的准备，对于一般的玩家，最好的策略还是结合自己的心理预期，分批止盈，保证一定的操作空间和仓位灵活性。  没有必胜策略，交易就是根据自己的认知和风格，对市场走向做出拟合，再不断反过来完善自己的操作。
1880589555830845779,Sat Jan 18 12:14:24 +0000 2025,8.3,False,False,2301,178,441,604247,$Trump吸血全场，山寨流动性不足，是表象。  美国总统亲自下场发币，是第一层，代表对加密货币真正的认可。  选择在链上突袭发售，和Jup、Meteora合作，是第二层，象征从CEX到DEX的迁徙，链上逐渐成为主流。  短期可能坎坷，前路依然光明。  很兴奋，也很平静，我知道总有一天我会拿到单币大结果，只不过那一天恰好是今天。  晚安。
1876570176386416651,Tue Jan 07 10:02:49 +0000 2025,8.3,False,False,181,9,89,146882,既然会看钱包，搜一下盈亏，看看是不是靠AI币赚的，不难，交易所的仓位就不提了。我本身也是个爱开玩笑的人，调侃调侃都无所谓，你蹭我不是一次两次了，倒是没见你推特分享过什么干货。  $Swarms我确实在他发第二个币的时候小亏卖了，之后也没上过车，当时30M左右，后来最低跌到8M，反弹了一波又跌倒15M，洗了几天开始起飞。  我卖掉，是觉得当时创始人发第二个币的行为，说明他不太懂币圈，而我不想经历这种反反复复的剧情了，我不觉得有什么问题。也有很多群友大胆抄底，最后在$Swarms上收获很多。  Swarm这个概念我本身一直看好，图2的文章刚好是在$Swarms出来的几个小时前发在推特，图3那天SVAI和Swarms都不到30M，图4是其中一个群友的收益，明眼人都看得懂。这几天$Swarms每天都在暴涨，我确实感到遗憾，但更多是觉得有代币到达这个市值，可以进一步打开整个赛道的空间。  这也能拿来黑的，无非两种，一种没活硬整，搞点流量好接广子养家糊口，一种整天监控我钱包操作，在转发群盯着我发言，赚钱的全部觉得是自己本事，亏钱的就是我的问题。  这波AI行情，Goat开始我就是中文区最早转发分享的博主之一，到现在一切脉络都越来越清晰，这会是这轮牛市里散户最好的机会。有这些时间不如多去看几个项目，多盘盘逻辑，夏虫不可语冰。
1959461710378697114,Sun Aug 24 03:44:11 +0000 2025,8.2,False,False,857,52,149,254458,只能以这种形式参加一下WLFI了，跟群友动辄几十M的账面盈利比起来不值一提，也再次说明了财富的积累往往取决于少数的那几次机会，平时不断实践、复盘，为的就是在真正的大机会出现时有足够的认知和积累做出正确的决策。  当时没打上预售，说不难受是假的，毕竟能容纳大资金的高倍机会确实不算多，不过也只能接受现实。就像当时很多人错过$Trump懊恼不已，其实另一个大机会$WLFI已经在悄然孕育，依然相信币圈是一个充满机会的地方，继续修行。
1894125889954484464,Mon Feb 24 20:42:57 +0000 2025,8.2,False,False,128,11,37,105102,指正一下，Trump这个币获利10M+的应该不少于20人，我自己群里的群友加上我认识的国外链上玩家就有10个以上，这还是只算链上，没考虑交易所内的。  50M肯定不是小钱，但“小钱”和“愿意全额赔付”是两码事，我相信李哥是完全有能力和意愿去妥善处理好这件事的。我的性格就是这样，即使关系很好的朋友或是内心很认可的人，平时可能也不会频繁联络，但彼此之间清楚是可靠的。我自己在Infini里一直存着1M，也是出于对李哥的信任，在力所能及的范围里支持一下业务。  Infini出事的第一时间，我也很紧张，因为之前开展过社区合作，我担心社区用户会有资产损失。之后李哥和郡主很快表示会全额赔付，提现也陆续到账，心里的石头才落下来。希望Infini能顺利度过这次难关。  很多人不理解，为什么最近Bybit和Infini黑客事件里， @benbybit 和 @Christianeth 收获的赞誉如此之多。首先这种行业级别的安全事故，肯定是大家都不愿意看到的，也无疑需要问责，从而完善行业的安全标准，尽量防止以后再出现类似事件。但是两位创始人全程积极响应、勇于担责、站在用户的立场提出解决方案，我认为是非常值得认可的。我们已经见过太多SBF和Do Kwon，太需要能在困境中迎难而上的Founder来为行业树立正面标杆。  近期无论是行情的困难程度，还是黑客事件频发，都给人一种凛冬将至的感觉，作为散户，希望大家都能守住本金，等待光明的到来。
1699280647762915498,Wed Sep 06 04:37:32 +0000 2023,8.1,False,False,48,7,60,57377,我在 $LHC 这个币上也亏了6个多E，但是我购买的原因不是AE13加池子，因为夹子都是自动化程序，不存在主动加池子这一说，虽然亏钱但过程还算精彩，所以也分享一下：  首先我发现有监控的地址买入 $LHC ，因为近期很多大池子项目在初期都有不错的涨幅，所以我也买入3E，5分钟后卖出4.25E获利，随后LHC继续暴涨3倍，这时候我通过链上发现dev的地址和wangdong.eth以及danielwang.eth有多笔交互，而且最早的资金来源钱包在两千多天前有单笔4000ETH的转账记录，王东是loopring创始人，这个土狗叫LoopHoleCoin，并且还向Loopring交易所地址转账了16%的代币，我认为这个项目和loopring官方有关的概率极大，此时市值大约1.5M，所以重新买入了5E，并且在下跌过程中又补仓了3E。  之后整体走势阴跌，也迟迟没有loopring方面的消息，直到凌晨六点左右dev卖掉了大约5E的代币，基本给这个项目定了死刑，我也割肉离场，整体亏损6.5E左右，后来也向认识王东的朋友确认了消息，这个代币和王东本人没有关系，估计是某个曾经的技术人员发的，那就愿赌服输，闷亏一场。  @tipcoineth $tip
1819689649344004103,Sat Aug 03 10:59:55 +0000 2024,7.9,False,False,228,19,62,125178,CTO这个币赚最多的是2个国外知名链上玩家，两个人加起来赚了1M USD以上，评论区全是恭喜的，而中文区几个人赚个几万U居然被带了两三天节奏；Chitan是Pinksale为了推广自己的PumpFun机制亲自下场做的币，我昨天就喊大家蹲，可惜今天下午四点在睡觉，如果醒着又是捡钱局。这两个项目的信息都是推特公开发布的，但我肯定有很大一部分人到现在都不知道它们是什么。  中文区现在的风气就是不会不学不练，一群指望来了币圈就能一夜暴富的小丑报团取暖，发现赚不到钱就内心扭曲了，只要别人能赚钱一定是割来的，见到水平比自己高的人就像古人见到现代文明一样难以置信。反正我进圈3年，真的没见过多少时间段是躺着就能赚钱的，本来大部分时候就是存量资金互相博弈，能赚钱的人一定都是在某些方面有优势才可以保证长期+EV，我之前也总结过核心无非就是技术、认知或者信息差。不知道什么时候开始中文区已经成这样了，亏钱就是菜，赚钱就是割，挺没意思的，尔曹身与名俱灭，不废江河万古流。
1981953203437793740,Sat Oct 25 05:17:21 +0000 2025,7.8,False,False,1002,81,195,703195,这波BNB链Meme三驾马车里，$币安人生是第一波大回调到60M的时候买入的，$4是一路浮亏从220M抄到70M拉低均价然后吃到反弹，$Giggle是今天现货上市新闻出来后疯狂市价买入，三个币，没有一个是低位上车的，却用三种不同的交易方式，都算拿到了不错的结果。  我想这也是近半年来，我个人交易进步最大的地方，以前错过这种大金狗，尤其是看到别人已经倍数很高、利润很大的时候，更多是懊恼遗憾，复盘错过的原因，而现在会用更平和冷静的心态，去分析这个标的潜在的机会，不关心他人的成本和盈利，只在乎买入后是否还有上涨空间。
1850607842174419110,Sun Oct 27 18:37:46 +0000 2024,7.8,False,False,100,10,46,94021,刷到巫师这条推，很有共鸣，在形成足够强大的社区之前，买币基本就是押注创始人或者运营团队。  Flavia这个币我是16M发推的，后来最高涨到70M，我浮盈50万u，但是一点都没卖，拿到现在倒亏7万u。一方面发了推的项目，不好意思太快卖，另一方面抱有很高的期望，觉得Flavia有很大机会站稳龙二。  结果就是创始人 @whatdotcd 不知道因为法律问题还是其他因素，第三天开始好像变了个人。一个在Web2打造出百万粉丝AI偶像Lil Miquela的人，一个喊话“大户别砸盘，OTC卖给我”的人，突然既不懂AI也不懂运营了，整天就在推特发布及其劣质的四五年前水平的AI生成图。  在市值30-40M的时候我加入了大户群想提意见，发现其他大户们的想法都很一致，Flavia的路线本应很简单，就是“区块链上的Lil Miquela”，这种AI虚拟偶像的路线也是Luna/Virtuals在做的，后者已经大获成功。而创始人一边口头附和我们，一边继续在推特发布不堪入目的AI图……  成也萧何，败也萧何。这也让我觉得，对大部分人来说，分批止盈依然是比较好的做法，化石手在拿到大结果之前，一定也都经历过许多次利润回撤，对于普通人来说并不是那么好接受的。
1709793272175235085,Thu Oct 05 04:50:57 +0000 2023,7.7,False,False,150,33,32,74729,FT春晚 @machibigbrother 的Key，开盘10分钟交易量768ETH，地板4.52ETH，目前最大获利者除了他本人以外就是2个Bot，不得不说科技是第一生产力  Machi本人开盘买了100个自己key后地板到达0.6E左右，随后0x9750用167E买了108个Key，预计获利200ETH，0x783e用59E买了20个Key，预计获利20ETH，而普通玩家中最早购买的Herro成本都在3.3E以上，扣掉税后只有20%左右浮盈  附上2个Bot的地址，其中0x9750在base链共发出过39351笔交易，0x783e更是共发出过410287笔交易，两个都是FT食物链中的顶端玩家
1829412402301157458,Fri Aug 30 06:54:40 +0000 2024,7.4,False,False,77,10,76,59775,刚抽空核实了一下表格，总共88份，只要符合我说的，当天之前和我推特互动过，或者是措辞比较诚恳的，我都自己出钱给你们退了，总共68529个Trx，一万多u。  我也表达的非常清楚，确实是我自己看项目看走眼了，所以我愿意帮真正的粉丝朋友承担这部分亏损，但是第一，我前前后后至少提示过三次风险，第二，我的推文从来不构成投资建议，只有你自己需要对你自己的钱负责，第三，如果我发推的每个项目你都跟着玩，整体是不可能亏钱的，所以这单纯是我自发的补偿行为，不代表我有任何责任。  还有一些造谣抹黑的号，居然好意思填表发私信让我给他退款，一看金额才几十u，是真把我逗笑了，我如果真想作恶的话有一万种办法圈到更多钱做的更漂亮，有点脑子的都想得明白这个道理，怎么就又没脑子又没骨气呢？这类巨婴不如早点退圈，找个班上吧。  https://t.co/d4Yd1pKUUg  https://t.co/KBODqZOkTw
1943450860044132442,Thu Jul 10 23:22:47 +0000 2025,7.1,False,False,670,28,151,183422,这波山寨空单挨打了，本来已经获利平掉了大部分仓位，只留了一些长线空的山寨，但是Pumpfun发币的消息我判断是会吸血市场，又重新空了进去，没想到大饼带队冲锋了。  币圈瞬息万变，不存在一直无脑赚钱的单一策略，每次交易都要做好计划，考虑清楚判断错误该怎么办。也恭喜大饼新高吃到肉的朋友们！
1818666552461570284,Wed Jul 31 15:14:29 +0000 2024,7.0,False,False,775,66,301,623058,1分钟收获15万u，还是蛮激动的，刚刚链上突然出来一个叫BAYC的币，部署者是“Ape Finance: Deployer”，看着很正规又是大池子，所以很多人几E几E买入，我也开始研究，这时候朋友提醒发现这个币似乎是可以和BAYC的NFT互换的，我因为之前对FLC协议比较熟悉，大胆买了猴子试了试，授权+合约交互后果然成功了，第一笔卖出去52E，第二笔卖了14E，净赚48E。  Never miss a lucky day if you're on everyday!
1600530144858607621,Wed Dec 07 16:38:17 +0000 2022,7.0,False,False,372,361,421,0,"𝙄𝙣𝙞𝙩𝙞𝙖𝙩𝙞𝙣𝙜 𝙋𝙃𝘼𝙎𝙀 𝟮...  In celebration of 0xSun x Nanoverse...   We're giving away: 2 x @nanoverseHQ Whitelist Spots!  1. Follow @nanoverseHQ , @nanoblackbox &amp; @0xSunNFT 2. Like, RT + Tag 3 friends!   Winners will be announced in 48 Hours! https://t.co/hJrG1mwuhm"
1557387559416000514,Wed Aug 10 15:25:03 +0000 2022,7.0,False,False,236,217,311,0,"🙍‍♀️0xSun x Project Kaito🙆‍♀️  Project Kaito is giving away 3 WL SPOTS!  To enter: -1. Follow @ProjectKaitoNFT  , @0xSunCollab and @0xSunNFT -2. Like and RT -3. Tag 3 friends  Winner will be announced in 24 hours https://t.co/U41MR5gTM1"
1873976442855579861,Tue Dec 31 06:16:15 +0000 2024,7.0,False,False,56,5,23,98185,这一周在70~90M区间买了10万u的$LMT，团队在凌晨发布了一个比较重磅的演示视频，再加上Ansem明牌发推，中文区的讨论度也高起来了，一波冲到了180M，刚刚又被灯神 @edwardNFTrich 一口奶给奶回了120M。  @LimitusIntel 这个项目要做的事情说起来简单，做起来复杂，最终要实现的功能类似于苹果的Siri或者钢铁侠里的Jarvis，一个智能的自动化语音助手App，特色在于融入了非常多区块链相关的操作，例如让AI分析、查询代币信息、执行Defi任务、跨链、自动化交易等等。想象空间很大，实现难度也很大，可以归类为AI+App这一分类。  目前披露的信息里，团队有包括来自牛津大学和帝国理工的成员，但是他们的推特信息都比较少，并且筹码分布上也是属于高度控筹型，可能会是潜在的风险，如果有朋友扒到更多关于团队成员的信息，欢迎分享。
1655791072151498753,Tue May 09 04:25:29 +0000 2023,6.9,False,False,807,905,888,77560,带我进币圈的弘哥，这波 $ORDI 从Mint一路钻到现在，应该获利了百万u，这是他建的Brc-20的OTC电报群，大家感兴趣的话可以加入一下  转发这条推特并且关注 @yenhong123 抽10人共1000u，24小时开奖  https://t.co/mBbhQohIXu
2042020322535469446,Wed Apr 08 23:22:38 +0000 2026,6.9,False,False,457,30,42,96833,Shout out to @mlmabc for the free short!  类似于前几天的XPL，刚刚又有地址集群在Hyperliquid上试图操纵Fartcoin，区别是上次的XPL，操纵者成功提走了利润，然后清算价上移触发强平，而这次的地址集群在提走利润之前就直接被强制清算平仓了。  这种利用Perp DEX机制的攻击已经出现过挺多次，从之前的JellyJelly，Popcat，到近期的ARC，XPL，如果能提前揣摩出操纵者的意图，再配合上地址监控，是有较大概率从中获利的，这也是币圈独有的一种机会，链上信息平权，更细心、更努力、更敏锐的人往往能获得奖赏。
1904896806557008329,Wed Mar 26 14:02:44 +0000 2025,6.9,False,False,424,73,156,335404,不知道有没有理解错，相当于一个人提前在hyperliquid建了大量空单，然后拉盘现货把自己爆仓了，导致hyperliquid的vault接管了这笔巨额空单，现在的情况是jellyjelly拉到180M就到HL vault的清算价，而且散户担心亏损可能会提走vault里的资金，进一步压低清算价，从而形成了一次对HL vault的轧空？
1775927891764883794,Thu Apr 04 16:46:19 +0000 2024,6.9,False,False,180,43,438,100076,宠物养成类游戏 @okzoo_xyz 开放了，之后会在SOL发币，投资机构包括GuildFi、Moby、GameSwift等，我也参与了投资，目前游玩的方式是下载插件以后和宠物交互做任务拿积分，零撸，后续会开放一些链上的交互，  注册后打开推特就能看到自己的宠物了，欢迎使用我的邀请码：0xsun https://t.co/1R0VJhcl2H
1971350480048751088,Thu Sep 25 23:05:55 +0000 2025,6.8,False,False,645,33,133,191243,WLFI公售没赶上，盘前做空可以赚1M。  Plasma怕KYC麻烦没存，交易也能赚2M。  机会永远都有，与其感慨路难行，不如马上出发。  特别感谢 @luyaoyuan 陆老师对XPL一直以来的分享和信心。  Trillions. https://t.co/468FnpH8ay
1751513879748984895,Sun Jan 28 07:53:45 +0000 2024,6.8,False,False,157,12,45,38386,发现一个挺有趣的现象，有时候身边接触项目方比较多的朋友出于好意会和我说一些“内幕消息”，但是我根据这些信息重新作出的决策，往往不如自己本来的决定。例如说某个币要上大所、某个项目要做市拉盘，就导致我把已经准备卖掉的仓位拿住了，最后反而利润回撤甚至变成亏损。  用信息论的视角看，这种带有bias的信息通常是有噪音的，反而造成了信息熵的增加，带来更大的不确定性。对我而言，最舒服的方式还是根据自己的判断去操作，做到知行合一，哪怕结果不是最优但也不会有很别扭的感觉。
1809561218727960843,Sat Jul 06 12:13:09 +0000 2024,6.7,False,False,133,16,20,35323,这段时间最大的收获，就是意识到了制定交易计划的重要性，无论是根据消息面、技术面或情绪面设立的计划都好过无计划。其实投资或投机就是根据认知去拟合市场走向的过程，两者越相符，盈利的可能性就越大。  所谓知易行难，认知和执行其实是两个独立的过程，而遵循交易计划就一定程度上保证了知行合一，从机器学习的角度看，这就是减小了实际操作给拟合过程中带来的噪音。  回顾自己的操作，只要是大致按计划进行的，尽管也会卖飞或者倒在黎明前，但整体一定是正向的，并且是可控的。而那些产生巨大回撤的交易，绝大部分都是无计划，或是有计划不执行，导致的结果往往是利润不错的时候没有止盈，回撤后更不甘心，最后反而成了亏损。  当然了，一切的前提是对于市场的认知是+EV的，否则只会做多错多。纸上得来终觉浅，绝知此事要躬行。
1961309782864007654,Fri Aug 29 06:07:46 +0000 2025,6.5,False,False,351,54,129,124822,WLFI开盘在即，看了一圈链上的WLFI/USD1相关概念，前几天也和几个朋友讨论过这个话题，先选了 @BlockStreetXYZ 买入。  创始人 @MatthewMorgan23 既是 @worldlibertyfi 的Advisor，主要负责合作伙伴和营销，同时又担任了WLFI币股公司ALT5的首席投资官。  BlockStreet正好做的是WLFI/USD1生态系统的孵化器和发射台，Matt的职位可以提供很大优势，会是一个比较好的切入口。当然，一切的前提都是WLFI开盘后，后续的相关生态可以做起来。
1880642983617605763,Sat Jan 18 15:46:42 +0000 2025,6.4,False,False,513,31,114,207256,ATH=All Trump High
2049592165244993853,Wed Apr 29 20:50:26 +0000 2026,6.4,False,False,163,3,39,70910,如果我和这个项目的dev有任何关系或者我有任何小钱包获利我给你$1m+推特删号，没有的话你给我10万u+推特删号，你接不接？不接就闭上你的臭嘴  整天跟个弱智一样，当年求人让我推特别拉黑你，现在没活了又搁这儿蹭，老子大号买个狗咋了，熬夜盯fomc看到个项目随手买点还得特意弄小号是吧？这项目upeg+宝可梦抽卡玩法NFT成本对应币价0.005我0.003买有什么问题？归零是合约有Bug可以无限抽稀有，我买完几分钟涨了10倍我是出货了还是像你一样小号砸盘了，忘记自己来时路了各种勾结dev大号买入带流量搁这儿装上正义使者了？
1972124836567962059,Sun Sep 28 02:22:56 +0000 2025,6.4,False,False,159,17,1,29343,这里面也有一些内容是对于亏损和踏空的思考，玩早期项目当然是不可能不亏钱的，核心是尽量做到小亏大赚。至于亏钱的理由，我能想到的：  1、判断失误：这个没有什么好办法，只能不断根据市场拜变化拟合自己的认知。  2、杠杆过高导致操作变形：好解决，坚决不碰高倍合约。  3、追高山顶站岗：出手前思考好这笔交易的利润空间是多少，来自哪里。  4、太钻石手，从盈利拿到亏损。适当降低对项目的预期，分批出货。
1848403449693802848,Mon Oct 21 16:38:18 +0000 2024,6.3,False,False,130,8,45,55053,早上AI Meme最恐慌的时候对比现在： $GOAT 140M到420M $GNON 40M到140M $SLOP 6M到31M $ACT 4M到22M 而且这3~5倍的反弹还是大盘下跌的情况下走出来的，这类币想洗盘吸筹比一般的Meme都容易，因为AI胡言乱语甚至精神分裂都在情理之内，只要几句话就可以引发散户恐慌，再一条声明就可以拉回情绪。 https://t.co/u0Aip6Zt72
1784602937077207163,Sun Apr 28 15:17:51 +0000 2024,6.3,False,False,55,6,2,7566,"@7488eth “第一波看到的时候敢上多少基本上就决定了你可以赚多少”这一句说得好，大多数人包括我自己常犯的错误就是早期买少了，结果一路涨，又忍不住追进去，导致成本拉高，利润回撤甚至亏损，GCR也说过“People lose because they do the exact opposite;slow early, and increasingly greedy with time”"
1698345903567089742,Sun Sep 03 14:43:11 +0000 2023,6.2,False,False,17,0,5,9533,@qiye_7777 非常好的复盘，感同身受。我也是8附近开空，虽然扛过了16.5，但是上涨中的止损操作和资金费率也带来了很大的亏损。  更恐怖的是扛单过程里的两难心理，平掉不甘心，知道迟早要跌下来，不平又得面对高额费率和继续上涨的风险，整个局面完全陷入被动，现在回想无论结果如何都是一次无比失败的操作了。
1701369116182151183,Mon Sep 11 22:56:21 +0000 2023,6.2,False,False,2,1,6,17044,团队出了公告，我个人认为这个处理方式还是比较有格局的  快照区块为18115275，大约北京时间凌晨3:43，只要你在快照时间前持有代币，就按该数量空投，即使你在快照后卖了也能得到空投  如果你在快照时间之后进行了买卖，假如你在这部分是获利的，不会有空投，如果你亏损了，团队会补偿对应的ETH  https://t.co/kaliwT3YHz
1962732201306661178,Tue Sep 02 04:19:57 +0000 2025,6.0,False,False,1196,39,243,653552,一代人有一代人的单币1M https://t.co/W0OsSZMrvr
1944045188399477200,Sat Jul 12 14:44:26 +0000 2025,6.0,False,False,420,23,89,267042,原计划是打$2M，套保$1M，没注意到网站也有单号限额，最后总共打进去$1.5M，在0.0054的位置套保了$1M，如果现在到开盘期间，合约到0.008以上，会套满并且裸空，如果负费率拉满就提前平空，如果无事发生顺利完成套利的话，按35%的涨幅计算，1倍保证金利润率17.5%，即使留4倍保证金也还是有7%的利润率。 https://t.co/yF180YoIgn
1856900176373584342,Thu Nov 14 03:21:16 +0000 2024,5.9,False,False,417,36,80,311199,根据我上轮牛末进圈的经验，牛市发财容易守财难，浮盈都是泡沫，落袋才是真的。
1689264214039465984,Wed Aug 09 13:15:48 +0000 2023,5.9,False,False,165,33,99,87560,nd4.eth just sent his BAYC+MAYC+BAKC to the same brun address after that 2500ETH...... https://t.co/Bvvn2ShP6f
1757476738001776679,Tue Feb 13 18:48:01 +0000 2024,5.9,False,False,136,17,32,100769,官方背景的DN404项目 @asterixlabs 开盘历经波折，终于开始价值发现了，关于 $ASTX 具体介绍可以看学长推文，整个群在6M的位置顶住了一整天，我在项目方推特底下拿出英语高考的劲猛写小作文劝他们关掉限购和烧Gas机制，买满3个号，从最多浮亏11E到浮盈30E，2024不做别人的阿斗，只做自己的赵云
2050128283308798434,Fri May 01 08:20:46 +0000 2026,5.9,False,False,99,3,18,25754,首先，我不再选择24小时不间断地坐在电脑前上网了。那是2021-2024年的时代了。  第二，我选择不在代币发行中扮演重要角色，因为即便不是“我的错”，我最终也会成为被挟持的人。现在轮到新一代/任何愿意挺身而出的人了。  第三，我不是新闻媒体，不会报道所有交易量激增的币种。我只交易自己想交易/喜欢的币种，即使它们可能不会带来巨额利润。因此，我不喜欢别人盲目跟单。  第四，我不是任何人买卖东西的道德准则。我一直强烈主张，不应让任何个人或团体成为加密货币价格上涨的主要因素。如果加密货币价格上涨，那是集体努力的结果。  第五，我只是觉得好玩。最终一切都由市场决定，我既不是市场操纵者，也不能妄下断言。  我输的次数比赢的次数多得多，但一旦赢了，我就会全力以赴。  再会。  Period.
1756809963392102858,Sun Feb 11 22:38:29 +0000 2024,5.9,False,False,92,19,29,85159,伴生金狗剧情，今晚带病熬夜准备蹲一下404新协议的项目，正主没等到却等来了突袭发售的 @minerercx ，直观感受是相比之前的erc404合约买入gas低很多，以我的一笔买入为例，808个NFT的转移只花了0.116E的gas，项目方的介绍是ERC-X，结合了ERC20、ERC721、ERC404、ERC1155等多种协议，并且优化了Gas，目前合约已开源，具体实现程度需要等专业人士阅读源码后点评了，我在1~2M买了7E，目前市值达到了7M，已经超过了我上一篇推文提到的5M左右标准，所以我也分批出掉了一些，暂时浮盈3万u
1830442623859142710,Mon Sep 02 03:08:24 +0000 2024,5.9,False,False,51,6,21,68461,论节目效果还得是NFT，昨天孙哥发了这条推特说要支持Tron上原生的高质量NFT，正好 @xiaolanggouTRX 这个$xlg的Meme币计划今天发NFT，赶上了这波热度。  本来他们公告说的是持有0.01%的币有白单，单号1~2个Mint，售价88.8Trx，我就分了40个钱包做准备，结果到Mint的时候看合约发现单号能打21个，但是我每个钱包都只放了小额资金，最后手忙脚乱只有一个钱包打到了21个，其他号都没来记得操作，目前NFT的地板价已经涨到了1888Trx，如果按21个算的话单钱包利润差不多5000u了，但是因为我提前准备了太多号，算上币价磨损还在回本路上🤣
1955899765469929935,Thu Aug 14 07:50:17 +0000 2025,5.5,False,False,397,30,176,275545,说个搞笑的，1.20那天WLFI第一轮$0.015，我两个钱包提了2M准备打，然后发现要KYC，来不及做就结束了，第二轮$0.05当时又嫌贵没打，前段时间突然想起来自己去年10月就做了1000个KYC号，就这样错过了大资金十多倍的机会 https://t.co/WJYv79SkoG
1866266891528134658,Mon Dec 09 23:41:15 +0000 2024,5.5,False,False,136,9,20,50440,对大部分朋友，我建议永远不要碰高倍杠杆，普通人是没有必要也没有能力拿捏的，牛市最不缺的就是机会，特别对于玩链上的，用很小的风险敞口照样可以获取丰厚利润，高倍杠杆一方面扛不住今天这种闪崩插针，一方面容易放大你的贪婪等等负面情绪，真别去碰，不要在来之不易的牛市丢了本金 https://t.co/CdGUUe4FC0
1761334656278966417,Sat Feb 24 10:18:00 +0000 2024,5.5,False,False,58,3,19,71487,这个活动空投的 $VOYA 单号利润200u了，而且不查女巫，我直接链上分发的0.01btc都领到了空投，可惜没搞太多。  我对目前各类质押项目的想法是，几大龙头收益率应该不会有太大差距，已经在市场和资金的动态博弈中平衡了，Blast、Eigenlayer后续生态项目的空投，以及 $VOYA 这类机会才是超额收益的来源。
1969453523084722242,Sat Sep 20 17:28:05 +0000 2025,5.4,False,False,456,11,220,206259,$Trump之后第一次焦虑了，啊啊啊啊啊啊啊啊啊
1907485740457669033,Wed Apr 02 17:30:14 +0000 2025,5.4,False,False,363,27,167,125180,一姐，你难道意识不到问题在于，FDUSD是币安力推的稳定币（Launchpool挖矿、上架大量交易对等），受消息影响恐慌脱锚的时候币安官方应该以更公开透明的方式，例如推特、币安公告等让大家同一时间知道最新消息？怎么会想到把评论区都拉进群这个答复。我在这次事件没有损失也没有获利，单纯不理解。
1932513623022448944,Tue Jun 10 19:02:06 +0000 2025,5.4,False,False,299,2,2,54320,@XXAntiWar 恭喜女王，建群第一天到现在，一路见证你从抱着笔记本通宵打图狗到Bome、Trump的超神交易，能拿到自己想要的结果并适时收手是最完美的了！
1818890339098165270,Thu Aug 01 06:03:44 +0000 2024,5.4,False,False,170,5,58,79038,昨天麻吉新币BAYC秒赚15wu的操作居然还有人说是我自己开的盘，今天是不是Raydium也是我家开的，Nansen的CEO是我亲戚，其实我就是中本聪？Winners Win and Losers Lose😋 https://t.co/FqSGzFa22O
1737897358799827228,Thu Dec 21 18:06:33 +0000 2023,5.4,False,False,49,1,24,59417,感谢 @chenmo @jaysonhu2018 对 @ark_money 的介绍，错过了IDO，开盘也很好买，5E成本出了一半目前浮盈40000u，机制不算太复杂的一个Ponzi，持币好处是国库回购的潜在涨幅以及5%的买卖税分红，存钱好处是每天0.5%的利息和前14天的 $Mark 奖励，不过注意本金存入就没了，具体可以参考两位老师的推文 https://t.co/OG6feoBBGX
1754797296276173151,Tue Feb 06 09:20:52 +0000 2024,5.4,False,False,41,4,12,29036,"最近潘多拉 @Pandora_ERC404 火了所以也出现很多404仿盘，但是一定要注意，池子小币价低的仿盘是很难获利的，因为这类合约买入的时候相当于铸造NFT，以刚刚链上的""dogwifnft""为例，图中是第二笔买入的交易，单价$0.89，花费了买家0.1E+0.66E的Gas，而在币价$30的时候卖出也只能得到1E，还需要耗费0.2E左右的卖出gas，也就是说币价看似涨了30多倍，但实际上该用户只是刚回本而已，其他买入较晚Gas更高的用户就更难获利了。  比较值得关注的仿盘方向，要么是团队背景比较牛逼的，要么是针对协议做了一些创新或优化的，例如可以大幅节约买卖的Gas，如果只是单纯效仿合约的话没有太大炒作点。"
1944816198430216481,Mon Jul 14 17:48:09 +0000 2025,5.4,False,False,32,0,3,14122,"Capital deployed: sent $1.45M in public sale, hedge $1M at $0.0054.  Funding: fixed at 0.005% in binance so can be ignored, i believe you can even earn extra if hedge in hyperliquid.  Net pnl: ~$500k if i sell all at $0.0054.  ROI%: 20.4% including the hedge fund.  Could be better if hedge at higher price cause it pumped to $0.007."
2049605777900646820,Wed Apr 29 21:44:31 +0000 2026,5.4,False,False,31,1,20,23019,为啥提小号，按你的逻辑如果我靠这个币获利，我大号一笔没卖，不就只能接广子或者小号出货？你一个盯链高手这都理解不了？  能理解你和你那几个群友的心理，这么惨的行情还得盯链打狗，看到我大号难得买个狗激动坏了跟进去结果亏钱了，不得赶紧找个宣泄口阴阳怪气一下？赚了自己牛逼亏了车头傻逼，截图是25年5月的，你当时到处找各种dev合作拿大号引流不会忘了吧？  不敢对赌就别犯蹭了，我特朗普前就快a9了哈。也还好没有坐飞机错过特朗普，不然现在还得和你们这几个人一起打狗，以前是大家一起嘻嘻哈哈把钱赚了，现在整天看你们为了几百k的狗撕逼对骂，乌烟瘴气多难受啊
1770648942616916368,Thu Mar 21 03:09:39 +0000 2024,5.4,False,False,3,0,2,4462,@She1Edward @Simplify_ERC314 关于夹子问题我原文就说了可能有其他形式，但不属于严格意义上利用原子性同区块买卖的夹子，你说的这个地址我猜他的逻辑就是监测到大单后抢先买入，然后下个区块快速卖出，只要中间的净卖单小于那个大单就能获利，但是这样操作是有风险的，例如下面这笔他自己就亏了0.2e https://t.co/IIf8X0jsyP
1770648328411443568,Thu Mar 21 03:07:13 +0000 2024,5.4,False,False,1,0,2,1335,@banana_iced @6551Community 你说的这个不属于严格意义上的夹子吧，我有看到这个地址一直在操作，我猜他的逻辑就是监测到大单后抢先买入，然后下个区块快速卖出，只要中间的净卖单小于那个大单就能获利，但是这样操作是有风险的，例如下面这笔他自己就亏了0.2e，整体盈利是因为整体上升趋势吧？ https://t.co/CS2mOKaAnC https://t.co/7tYrz5nGwy
1786608088289849827,Sat May 04 04:05:36 +0000 2024,5.3,False,False,51,5,4,89899,很好的分享，从赚钱角度看FT算得上一个大金矿，可以从中挖掘各种获利方式，有硬核技术流拼代码拼节点抢先买key，有结合推特做数据分析算法辅助或自动买key，有矩阵号超低成本刷分，包括V2的Club只要花点心思也很容易赚钱，FT从头到尾都是一个争议不断的项目，对散户而言重要的还是复盘学习这些思路
1852983084880171335,Sun Nov 03 07:56:08 +0000 2024,5.2,False,False,4,0,2,6902,@7488eth 对比moodeng更合理吧，同为动物Meme，松鼠多了一个政治立意，有机会反超，和goat不是一个赛道
1708160307171061857,Sat Sep 30 16:42:07 +0000 2023,5.2,False,False,1,1,1,584,@AxcdNFT @Christianeth 散户需要理清自己的思路，是为了获取积分刷空投，还是Flip短期获利，又或者是认识朋友获得Alpha，然后顺着思路去进行操作，现阶段散户想做到一鱼多吃是很困难的，反而容易造成亏损
1881176001054671075,Mon Jan 20 03:04:43 +0000 2025,5.0,False,False,283,3,19,103315,@hexiecs 冷静冷静再冷静，每一步操作都到位了，赚了20m第二天就开始通宵枯坐打狗的男人！
1776266559432135161,Fri Apr 05 15:12:03 +0000 2024,4.9,False,False,145,7,28,84123,昨天因为省2E的贿赂错过了100E的利润，挺不应该的，复盘了很久。机会成本是成本，厌恶风险是风险，把握好每一个项目，珍惜牛市的每一天。
1838485041724449034,Tue Sep 24 07:46:06 +0000 2024,4.9,False,False,120,6,26,46055,任何行业一定是越来越卷的，相比之下币圈依然是少有的普通人也能接触到的存在红利、有上升通道的行业（物质层面），当然这不意味着进来就是捡钱，币圈的风险也超过大部分普通行业，如果单纯来赌或者盲目追求一夜暴富的刺激，亏损甚至归零才是结局。
1845316138990960720,Sun Oct 13 04:10:26 +0000 2024,4.9,False,False,96,8,49,195284,GOATED🐐 https://t.co/cUrusrSJUX
1807874642880938234,Mon Jul 01 20:31:18 +0000 2024,4.9,False,False,87,3,29,39377,今晚边看球边蹲Sherif，第一个假合约直接撤池子损失50SOL；第二个也是假的，买入几分钟后发现Tg和推特都没有发合约，赚了80SOL跑了，不久后也撤池子；最后一次赌对了，赚了190SOL。赌性更坚强。 https://t.co/TVm9sdNjPG
1943632615942013434,Fri Jul 11 11:25:01 +0000 2025,4.8,False,False,41,5,1,4727,@LilTea_eth 产生这种心态很正常，人之常情，本质是把浮盈当成了已经落袋。其实无论是盈利还是本金，做决策的时候都要努力减小“锚定效应”，只根据当前的情况判断，不要让某个特定的数字来影响自己的决策。
1900425743978361277,Fri Mar 14 05:56:20 +0000 2025,4.8,False,False,30,0,11,14337,@niuniu255431 想了想这轮a10的机会，要么ai拿住几个好标的2-3%还得逃顶，要么trump仓位再上多点拿久点
1962786351809733041,Tue Sep 02 07:55:07 +0000 2025,4.8,False,False,21,0,1,3332,@suji_yan 保证金足，预售利润还是很可观的，会是很大的抛压，而且FDV太高了，所以做空了
2020531901329740164,Sun Feb 08 16:15:19 +0000 2026,4.8,False,False,20,0,5,7462,@feifan7686 以年为单位看，币圈有多少币不是一路阴跌呢？但是至少那时候币安上线的Goat、AIXBT、PNUT、ACT这些，都是上币后还有很大涨幅，也给很多散户带来了财富效应的。
1919371036203667893,Mon May 05 12:38:09 +0000 2025,4.8,False,False,17,0,3,4609,@9528cyc @gork 是的，大部分Meme币只是蹭概念，像之前最亮眼的Pepe、Pnut、Chillguy也都不是正主发的
1813731150315331890,Thu Jul 18 00:22:58 +0000 2024,4.8,False,False,6,0,0,1103,@FDmitnick 这就是仓位管理的问题，也是投资的终极难题之一吧，这个历史性事件的Meme标的上买个几万u对我来说算不上重仓，至于你说的可能涨可能跌那是当然，你从原文过程也能看到Fight也经历过大回撤，都是根据情绪、消息和走势进行判断
1983403520729723187,Wed Oct 29 05:20:23 +0000 2025,4.8,False,False,4,0,1,5105,@broleon @megaeth @JoinFightID @KaitoAI @opinionlabsxyz @MMTFinance @zerobasezk 10.11就平差不多了，没什么合约仓位了
2087731566340698427,Thu Aug 13 02:42:48 +0000 2026,4.8,False,False,3,0,0,3415,@Pumpfun @FlippingProfits @traderpow @4pfcoyote @nyhrox Goated line-up @FlippingProfits @traderpow
1814227028511752327,Fri Jul 19 09:13:24 +0000 2024,4.8,False,False,3,0,0,3395,@Mina19971224 @MongySol 确实，机会成本也是成本，所以得多复盘总结把握好每一次机会
1873249235900219735,Sun Dec 29 06:06:35 +0000 2024,4.8,False,False,2,0,1,2138,@roger9949 @aixbt_agent 好消息月初开始就非常看好AIXBT 坏消息Goat的仓位比AIXBT大很多
1823342433897529687,Tue Aug 13 12:54:46 +0000 2024,4.8,False,False,2,0,1,3442,@KoinTycoon @Mooncat_lz @brc20niubi 我500k和1M买了两笔然后割肉亏了10SOL走了，这有什么奇怪的，谁玩土狗没追过高没亏过钱？
1841150976931348755,Tue Oct 01 16:19:34 +0000 2024,4.8,False,False,1,0,2,297,@wqw_lee 你的理解没错，如果只有该用户进行了买卖，AMM模型中他买入和卖出后价格是不变的，Pumpfun还有额外的手续费，所以他会亏损手续费，你图里7开头的数字是金额还是价格，如果是价格的话可能只是这个数据显示的是购买的起始价格和卖出的起始价格而已
1832435867342008606,Sat Sep 07 15:08:50 +0000 2024,4.8,False,False,0,1,1,1603,@memetodamars 这里面肯定是有些蹊跷的，跌到30M附近的时候我还和群友讨论过，有几个口碑很差的国外KOL公开喊单让人做空，我就怀疑是不是准备拉盘轧空了，事后看果然配合一连串利好从底部20M到最高180M https://t.co/8xUMa3hei1
1687885273257123840,Sat Aug 05 17:56:23 +0000 2023,4.8,False,False,0,0,1,241,@guangua45063350 @HanweChang 不太可能退，跟单别人的Blur策略相当于白嫖别人了，被反杀也怪不了别人，不可能收益归自己亏损还要别人承担吧
1774477531372233049,Sun Mar 31 16:43:06 +0000 2024,4.5,False,False,109,10,40,131101,发推的时候1M，现在1小时后26M Study founders of NFT https://t.co/PoAIFaiwbO
1848170693437108675,Mon Oct 21 01:13:25 +0000 2024,4.5,False,False,104,1,44,75093,"Not good brothers, not good https://t.co/51mDD2eYyK"
1865714244546941343,Sun Dec 08 11:05:13 +0000 2024,4.5,False,False,82,11,42,48185,Tmall CN: Tian mao Will List Urolithin A (URO) with Seed Tag Applied. https://t.co/oiI3mXHanu
1955974564523204632,Thu Aug 14 12:47:31 +0000 2025,4.5,False,False,60,0,31,29587,@ShitoshiXX 你在这装你妈的大聪明呢，wlfi几个月没人打最后几天才Fomo提速，我看快打完了就准备参与，U都提到钱包了没打上，一分钱没赚发个帖聊两句也能让你破防，要知道我这半年在币圈赚了多少你不得疯了？ https://t.co/9VbHpQajTd
1959492907511206019,Sun Aug 24 05:48:09 +0000 2025,4.4,False,False,42,0,4,12855,@0xaetos 我的逻辑比较简单，如果0.015打了，接近三十倍肯定会套保锁定利润，那即使没打也可以考虑做空
1946307581942652989,Fri Jul 18 20:34:22 +0000 2025,4.4,False,False,39,0,14,8779,@traderpow We will brother pow.   I still remember last time we said words like this we hit $trump next.
1880446257816302034,Sat Jan 18 02:44:59 +0000 2025,4.4,False,False,39,0,15,23592,@realDonaldTrump YOLO
1972184696642850863,Sun Sep 28 06:20:47 +0000 2025,4.4,False,False,28,3,1,9682,@no1720898932531 @vvxiaoyu8888 1、直面错误和不足，分析为什么会亏损，之后尽量避免犯同样的错误。  2、调整心态，往好处想，现在已经取得的成果，对比几年前的自己是不是已经是取得了很大的进步，如果是，就没什么好焦虑的。
1915754230809608505,Fri Apr 25 13:06:16 +0000 2025,4.4,False,False,23,0,1,3332,@BiancaYueg 币圈不缺少奇迹，Trump这种SSS级机会不好说（涨幅大，涨得快，流动性强），S级机会肯定是每年都会有的，而且牛熊都会孕育
1893180709407175132,Sat Feb 22 06:07:09 +0000 2025,4.4,False,False,22,0,3,8533,@benbybit Goat level response👍
1874166827145986555,Tue Dec 31 18:52:46 +0000 2024,4.4,False,False,18,0,2,1787,"@traderpow $Goat coded, higher🐐"
1961317019518980487,Fri Aug 29 06:36:31 +0000 2025,4.4,False,False,15,0,1,8249,@newkooki2 @BlockStreetXYZ @MatthewMorgan23 @worldlibertyfi 也一直有在关注，应该是目前SOL上WLFI相关最好的标的了
1956297837408612372,Fri Aug 15 10:12:05 +0000 2025,4.4,False,False,12,0,7,7908,@jack20230919 我的群自从$Trump以后已经半年多不收费也不拉人了，比较大的几次交易在推特上也都有分享思路
1976181453265506728,Thu Oct 09 07:02:28 +0000 2025,4.4,False,False,10,0,5,21057,@Bigtrolls231187 @BinanceWallet $trump之后就不收费也不开放啦，绝版了
1828803469886824604,Wed Aug 28 14:34:59 +0000 2024,4.4,False,False,9,1,6,5604,@superbili 现在氛围就是这样，其实我分享频率都降低很多了，发的早如果坑了就是我的项目，赚钱写复盘又被说为什么不早点发，发出来涨了好多倍的项目也不会有人分钱给我🤣
1880486995375620270,Sat Jan 18 05:26:52 +0000 2025,4.4,False,False,8,0,1,16103,@FlippingProfits You are literally the first buyer and my goat🫡
1983403206429553010,Wed Oct 29 05:19:08 +0000 2025,4.4,False,False,6,0,4,8023,@broleon @megaeth @JoinFightID @KaitoAI @opinionlabsxyz @MMTFinance @zerobasezk 没有了，一滴都没有了
1873244387951689895,Sun Dec 29 05:47:19 +0000 2024,4.4,False,False,6,0,0,3836,@Ring0nSolana @Slinky_Sol 一个1M速通25M的币我大号都来不及买，还小号建老鼠仓，阴谋论总是立于不败之地的
1813424617991860584,Wed Jul 17 04:04:55 +0000 2024,4.4,False,False,6,0,3,3795,@xiaobaicai30595 sol上的为什么涨不动我觉得一是散户大部分选择了sol，车太重，二是sol上前几个币分流了资金和注意力，一些玩家不管是在survivor和ear上大亏还是大赚可能都没有太大兴趣再来玩fight，目前一个13M一个80M，这个差距带来的盈亏比还是不错的，所以我还拿着
2018250637985960032,Mon Feb 02 09:10:24 +0000 2026,4.4,False,False,4,1,4,1208,@NRv_gg Bring the goat era back
1879539612659720661,Wed Jan 15 14:42:18 +0000 2025,4.4,False,False,4,1,4,3969,@market_beggar Goat是这波AI叙事的开创者，也是实打实收到过pmarca资助的，短期价格表现确实非常差，但这两点就足以有炒作空间，只是等一个合适的时机
1768703682370248900,Fri Mar 15 18:19:53 +0000 2024,4.4,False,False,4,0,1,2374,@yvvy9310 多花时间钻研复盘，另外我是学计算机的所以对智能合约之类的理解比较快吧
1760255912776958165,Wed Feb 21 10:51:28 +0000 2024,4.4,False,False,4,0,4,9727,@kaikaibtc @Portalcoin 天使轮定价是0.059，公开是0.15，现在看来也是很赚，我当时投了天使轮就没搞公售了
1704110143783547093,Tue Sep 19 12:28:13 +0000 2023,4.4,False,False,4,0,1,1173,@_Valopa bananalopamidlopalucklopa10inu.eth
1823371203656167855,Tue Aug 13 14:49:06 +0000 2024,4.4,False,False,3,0,2,4179,@Kunn6666 ？我写了多少复盘分享了多少经验，不照样被这种傻狗乱喷？
1818079083118637227,Tue Jul 30 00:20:06 +0000 2024,4.4,False,False,3,0,0,277,@MongySol Mongy banana mission in progress🍌
1813730488517095444,Thu Jul 18 00:20:20 +0000 2024,4.4,False,False,3,0,1,1423,@memetodamars 对，这就是我最后说的，过程中不断浮现可能的新龙头，确定性也是慢慢走出来的，而这个历史性事件的龙头标的30~50M是可以预见的，所以10M附近基本奠定龙头位置以后押注Fight是一个很不错的选择
1735872089540952113,Sat Dec 16 03:58:51 +0000 2023,4.4,False,False,3,0,1,1804,@Bitfatty 很好理解，一个币ATH的时候车上所有人都是浮盈的
1855897670331842761,Mon Nov 11 08:57:40 +0000 2024,4.4,False,False,2,0,1,3692,@Jyyb919125 为什么亏的呢，如果纯玩现货或者链上，这个月很难有这个比例的亏损吧，合约最好就是不要碰了
1758503825697288538,Fri Feb 16 14:49:18 +0000 2024,4.4,False,False,2,0,0,2067,@UltiverseDAO @dingalingts @graildoteth @FLC_FlooringLab @Christianeth @bayc1871 @jarindr 🔥🚀
1758163548738629891,Thu Feb 15 16:17:09 +0000 2024,4.4,False,False,2,0,0,2658,@gaosong123321 @MobyHQ 目前这个币价我自己已经很满意了，大资金差不多3倍，后续就看打新的规则以及财富效应，对于打新平台来说这是最核心
1846058592564359182,Tue Oct 15 05:20:41 +0000 2024,4.4,False,False,1,0,1,1178,"@NRv_gg Goated play on goat, congrats"
1757119949590700153,Mon Feb 12 19:10:16 +0000 2024,4.4,False,False,1,0,0,1253,@CookerFlips @bananagun Solid W congrats
1879724623157481548,Thu Jan 16 02:57:28 +0000 2025,4.4,False,False,0,0,1,1823,@yanhuohome @GoatIndexAI @thesendcoin 原文说的是sendcoin loyalist，不太清楚他们具体怎么定义的
1770618499611914625,Thu Mar 21 01:08:41 +0000 2024,4.4,False,False,0,0,0,610,@0xnigohachi @Simplify_ERC314 这个地址我看到了，他的方法好像很简单就是每个区块不停买卖，也会出现亏损的情况，比如这一次： https://t.co/CkimMuTTVy
1761686363831975989,Sun Feb 25 09:35:34 +0000 2024,4.4,False,False,0,0,0,562,@PRL9Po4jLqhuyKN @MobyHQ @beoble_official @StarHeroes_game @Aark_Digital 这个确实，不过目前这个表现只要参加了公售的都是血赚，对得起所有人了
1770674726660354405,Thu Mar 21 04:52:07 +0000 2024,4.0,False,False,47,5,24,60069,算了一下，开盘x*y是20E*45%*1M，现在是215.172*41827，两者是一样的常数K， @Simplify_ERC314 买卖价差的问题应该是不存在的，还是北大的同学代码功力深厚，就好像读书时候那种数学最后一道大题，只有北大的同学看出来漏了的条件，所以人家能上北大，我只能上普通985😭
1723627491041108249,Sun Nov 12 09:03:11 +0000 2023,4.0,False,False,46,13,10,24178,老牌钱包监控软件 @ninjalerts 的Ordinals合集PIZZA NINJA，注册以后做任务拿积分，前1000名有白单，应该是有利润的，可以跟进一下，下面是我的邀请链接： https://t.co/U0DKr8BIX4 https://t.co/AWmaBkN6kU
1701290023088431447,Mon Sep 11 17:42:04 +0000 2023,4.0,False,False,46,2,19,48373,山雨欲来风满楼 $BANANA https://t.co/llCVXJ35Z8
1760374147757351089,Wed Feb 21 18:41:17 +0000 2024,4.0,False,False,29,1,5,5240,@MobyHQ There are 10 Presidents now🐳 https://t.co/yecP60WvTY
1882973819645894763,Sat Jan 25 02:08:37 +0000 2025,4.0,False,False,17,0,5,19688,@Colin50370934 现在看来市场不太认可AI+视频这个方向，项目方是有在做事的，就看能不能迎来风口了，参考同样是Alliance Dao孵化的$Grift，这波踩中DeFAI就重新起飞了
1736565042022326365,Mon Dec 18 01:52:24 +0000 2023,4.0,False,False,14,0,4,5892,@0xFengwuxiang 🔺 https://t.co/1MH96Lh5AA
1786053721383932256,Thu May 02 15:22:45 +0000 2024,4.0,False,False,13,2,1,6736,@nake13 所以Portal的天使轮简直是奇迹，首发币安，59M FDV，TGE释放15%，而且从投完到上线只用了四个月
1833544892221624505,Tue Sep 10 16:35:42 +0000 2024,4.0,False,False,9,0,1,1688,@MiladyCult Preparing. Verifying. Checking. Readying. Loading. Miladying. Culting.
1748235054877429778,Fri Jan 19 06:44:52 +0000 2024,4.0,False,False,9,1,2,3753,@TutuCrypto @SatoshiVM 从链上交互来看我觉得不是，项目方不太可能用这种老地址，另一个狙开盘赚了1M左右的是我认识的一个老外
1757519663926485410,Tue Feb 13 21:38:35 +0000 2024,4.0,False,False,7,1,4,12972,注意下 $ASTX 正版合约是这个，前缀很多0，也是用于优化gas的，很好认，链上有一个同名高仿貔貅，不要上当了 0x0000000000ca73a6df4c58b84c5b4b847fe8ff39
1698783468073980341,Mon Sep 04 19:41:55 +0000 2023,4.0,False,False,6,0,1,8520,"@bananagun Sent DM, hope we can have a chance to discuss about Ref and Presale, appreciate for that!"
1689265575795798016,Wed Aug 09 13:21:12 +0000 2023,4.0,False,False,6,0,0,10812,BAYC: https://t.co/buH3Mna53k  MAYC: https://t.co/NBRT1U3m8i  BAKC: https://t.co/oRGkl5kxFO
1761436710851006668,Sat Feb 24 17:03:32 +0000 2024,4.0,False,False,5,0,1,3376,@dingalingts @MobyHQ 🤝
1731645177868288295,Mon Dec 04 12:02:37 +0000 2023,4.0,False,False,5,0,0,1716,@abyssofgambling @yenhong123 @Unipioneer @Sencrazy_ “阶段性逃顶能力较强”
1845690970438070673,Mon Oct 14 04:59:53 +0000 2024,4.0,False,False,4,0,1,3509,@leechan1688 没事豪哥，能赚1M的币面前，赚10万u和1万u没有本质差别了，一起难受
1760979721364676910,Fri Feb 23 10:47:37 +0000 2024,4.0,False,False,3,1,1,5153,@0xXiaoxin @sheboshis 光而不耀 静水流深
1760256030142062792,Wed Feb 21 10:51:56 +0000 2024,4.0,False,False,3,0,1,8462,@w3bD4nny @Portalcoin 开盘发15%，剩余部分12个月线性解锁，不知道条款有没有变
1760994391488151907,Fri Feb 23 11:45:55 +0000 2024,4.0,False,False,2,0,1,4690,@coolish @sheboshis 我也不懂 遇到过几次了😂
1760980823795470848,Fri Feb 23 10:52:00 +0000 2024,4.0,False,False,2,0,1,3391,@leductam2003 @sheboshis 有赚就好，不需要和别人比💪
1711236780178219439,Mon Oct 09 04:26:56 +0000 2023,4.0,False,False,2,0,2,2225,@AndyJYGood68 我这只还是特意找的没领过猴地的，我记得那天大猴的地板是130E，大猴地的地板40E，我还觉得捡了便宜💀
1868076881591128133,Sat Dec 14 23:33:30 +0000 2024,4.0,False,False,1,0,0,2768,@adventuror_ 说是团队内讧了，技术人员不干了，属实没想到会发生这种事
1767536094533611810,Tue Mar 12 13:00:18 +0000 2024,4.0,False,False,1,0,0,1298,@dingalingts @MobyHQ 🐋🤝
1760498705063715231,Thu Feb 22 02:56:14 +0000 2024,4.0,False,False,1,0,1,2604,@woodycryptow @XAI_GAMES @Portalcoin @XterioGames @OverworldPlay @ageofdino 冲鸭！！！
1741092746671374576,Sat Dec 30 13:43:53 +0000 2023,4.0,False,False,1,0,1,2588,@li_on_nft @nodemonkes 不断刷新吧，Mint期间应该有四到五次时间窗口能进去
1741092589523366168,Sat Dec 30 13:43:15 +0000 2023,4.0,False,False,1,0,0,203,@wp507428 @nodemonkes 有收到了，谢谢
1701338605988503908,Mon Sep 11 20:55:07 +0000 2023,4.0,False,False,1,0,0,1124,@0x0funky @bananagun 是 @3gmdev 的服务
1698536731547771035,Mon Sep 04 03:21:28 +0000 2023,4.0,False,False,1,0,1,670,@0xmiga @bananagun lmao进步神速
1770663715500888353,Thu Mar 21 04:08:21 +0000 2024,4.0,False,False,0,0,0,930,@yjj1cys @Simplify_ERC314 @banana_iced 只能换合约
1770663682701414786,Thu Mar 21 04:08:13 +0000 2024,4.0,False,False,0,0,0,1079,@doge3_u @Simplify_ERC314 @banana_iced 那不会的
1770615720923238501,Thu Mar 21 00:57:38 +0000 2024,4.0,False,False,0,0,3,4437,@banana_iced @Simplify_ERC314 这个结论是咋得出来的，我在他们的gitbook没找到价格曲线公式，我猜应该是基础的xy=k吧
1762160159219191890,Mon Feb 26 16:58:15 +0000 2024,4.0,False,False,0,0,0,1974,@yondercode GMoby President🤝
1761689931796328924,Sun Feb 25 09:49:45 +0000 2024,4.0,False,False,0,0,1,2613,@mikeku46543 @MobyHQ @beoble_official @StarHeroes_game @Aark_Digital 应该是每月10号，分3个月发完
1761686145518404073,Sun Feb 25 09:34:42 +0000 2024,4.0,False,False,0,0,0,701,@longhua23001 @MobyHQ @beoble_official @StarHeroes_game @Aark_Digital 排队的人实在太多了，每月月初有位置就会看申请表的，稍安勿躁🙏
1761014542040281465,Fri Feb 23 13:05:59 +0000 2024,4.0,False,False,0,0,0,1647,@kris58503916 @sheboshis 恭喜恭喜
1760993878092791856,Fri Feb 23 11:43:52 +0000 2024,4.0,False,False,0,0,1,3260,@raylin51 @sheboshis Veda加油哥，我一直挺你的
1760985100035281249,Fri Feb 23 11:09:00 +0000 2024,4.0,False,False,0,0,1,527,@THEFUJI24 @sheboshis 他们团队做事确实有点迷，我知道相关钱包发过几个币，没太跟进，这种官推发推表态的项目应该只有Bone，Leash和Sheb吧？
1760258515648872813,Wed Feb 21 11:01:48 +0000 2024,4.0,False,False,0,0,2,3011,@kaikaibtc @Portalcoin 开盘发15%，剩下12个月线性解锁
1751865991876001815,Mon Jan 29 07:12:55 +0000 2024,4.0,False,False,0,0,1,1794,@nodemonkeschina @2040yyds @ohyishi 牛大牛逼
1748241899528610065,Fri Jan 19 07:12:04 +0000 2024,4.0,False,False,0,0,1,1047,@qianwanbian1 @cycle2q @SatoshiVM @bananagun
1743170064659206399,Fri Jan 05 07:18:24 +0000 2024,4.0,False,False,0,0,2,2970,@tonyshi82035429 @nodemonkes 这个月又满了，排队的人比较多，申请表来不及看就满了🙏
1741092358417215906,Sat Dec 30 13:42:20 +0000 2023,4.0,False,False,0,0,0,2958,@chaotmdd @nodemonkes 会吃
1701786007711125643,Wed Sep 13 02:32:56 +0000 2023,4.0,False,False,0,0,0,924,@goodluck20221 @bananagun 这个月群已经满了，可以填我推特链接里的进群申请表，每个月月初会看
1701785917441347744,Wed Sep 13 02:32:35 +0000 2023,4.0,False,False,0,0,2,1076,@rovantic7 @bananagun 不可能那么低吧，没见过4E以下出的
1701399344677826980,Tue Sep 12 00:56:28 +0000 2023,4.0,False,False,0,0,0,371,@Mysteryyy_mann @bananagun What should I explain?
