id,createdAt,goldScore,domain,favoriteCount,retweetCount,viewsCount,hasArticle,url,text
2016322853654954266,2026-01-28 01:30,9.8,03_fhe_cryptography_privacy,235,31,43709,True,https://x.com/0xcryptowizard/status/2016322853654954266,https://t.co/hY86zkcPA4
1784090452326781011,2024-04-27 05:21,9.4,03_fhe_cryptography_privacy,223,62,103242,False,https://x.com/0xcryptowizard/status/1784090452326781011,我们需要 btc L2 么？或者，我们需要怎样的 btc L2？  随着最近梅林，ckb价格表现不佳，以及大量的 evm 兼容 btc L2 上线，大家在讨论和争辩一个问题：  我们需要 btc L2么？  一个观点是，如果只是追求智能合约能力，那么 solana 就足够了，因为那里有更好的流动性，ansem喊单pups就是一个成功案例；  还有观点是，如果追求evm兼容链，那么bsc已经足够了，甚至不需要solana；  另外的观点是，从交易的角度，cex是最好的L2，流动性最充裕。  我认为他们说的都有道理，但，别急，我们拆解一下： 从短期看，我们需要怎样的 btc L2 ? 从长期看，我们需要怎样的 btc L2 ？  🌟短期  brc20，arc20，src20，runes都是发行资产协议；发行出来的资产，终究还是需要更佳的流动性，以及“动起来”，在各种 defi 协议中“用起来”，质押/生息/交易/杠杆。  如果纯粹从交易和流动性的角度，那cex+solana（以及一个btc-sol双边桥）似乎已经解决这些问题了？  我认为是的，尤其考虑到cex和solana比当前任何 btc L2 都有更充沛的流动性。  但，似乎还不足够。除了交易，我们还需要让这些资产真正动起来，以及为 btc 生态的资产量身定做的产品创新。  梅林就是在短期内，补充这样的需求，不管是梅林内的一众dapp，服务于btc/brc20/runes的质押/借贷/杠杆等，还是类似二层打符文这样的产品创新，都是在做这件事。  你可以说，solana如果也做这样的事，是不是梅林就没存在的必要了？很多问题的讨论，还是基于事实比较好，solana生态现在没有人做，短期也看不到有人有意愿做这些事。  所以，这也是我一直坚持的观点，梅林在为这个生态贡献增量。  批评是没问题的，比如runestone/dog暂时无法跨到1层，2层的价格又低于一层；这个问题我之所以一直没get到大家fud的点，是我自己一直是持有不卖的态度，心态是只要等cex开放符文的冲提，dog自然就可以在1/2层流通了。  但是，不能因为梅林的一些问题，就忽视他做的创新和贡献，对于长期持有runestone/dog的持有者，质押后获得merl相当于是额外收益，这是我作为长期持有者的心态。  🌟长期  我们不仅需要btc生态的资产动起来，我们还需要他是基于密码学的“无需许可的，去中心化”的动起来，也就是 casey说的： btc L2 ，必须支持单边退出。  这个能力，rgb++协议已经具备了，如果你对于近期 L2 的跨入跨出问题感觉到苦恼，那可以试试 $seal 在一层和二层之间是如何丝滑 leap 的。  也就是说，我们需要“原生”的btc L2 。  这里有好几个方向在做尝试，除了第一个工程上实现的 rgb++ 和 ckb 以外，还有尝试用 roll up 在btc一层做验证；以及在一层直接做智能合约的 bitvm avm等；以及尝试用 indexer来解决智能合约运行问题的 brc20；用无链的客户端验证方式来做的 rgb。  这些都是重要的尝试，我认为长期都是有意义的，这也不是简单的“solana+cex，或者bsc才是btc L2的尽头”这些论断能够概括的。  🌟最后  就像我曾经展望的那样，btc 生态，不只是 eth 生态的 copy/paste。  他的未来应该是 web2+web3的形态，所有一层资产能够诞生与栖息于世界上最安全的链上，他们又与二层/三层能够“无需许可/去中心化”的交互，流动。  最终的 mass adoption，可能是闪电畅想的支付，也可能是通过 rgb++实现的无缝链接的智能合约能力，甚至是rgb的客户端验证无链的 web2 式应用。  这些都要一步步走，一点点来。  回到本文的主题“我们需要 btc L2 么？”  我的答案是需要，不管是短期的产品和模式创新的梅林，还是长期技术创新的ckb rgb++，以及一众还在尝试中的技术方案，都是有价值的探索。
2019953352420061504,2026-02-07 01:56,9.4,03_fhe_cryptography_privacy,218,45,109775,False,https://x.com/0xcryptowizard/status/2019953352420061504,哪些 cypto 方向，有可能跨越周期，在下个牛市依然存在？  kyle 提到的是以 zama 为代表的 fhe 链上隐私。  我能想到的，还有：  1️⃣ 新资产发行方式  类似 ico ，二池三池，铭文，solana pump meme 。  在新的周期，会有新的垃圾资产发行方式，crypto 在，赌场就永远会有新的炒作方式。  机会属于下个周期的 ico 参与者 / defi farmer / 铭文玩家 / sol p小将。  2️⃣ ai + crypto  我依然看好 x402 + erc8004 ，这一点说过很多次，这是可能不只是“叙事”的真实有价值的方向。  机会属于有长期战略耐心，看中产品和应用的钻石手/化石手，前提是基本面要成立，不能只是“叙事”，要有真实数据和应用大量采用。  3️⃣ 隐私  kyle 在离开时，认为唯一还没有被证伪的方向。我认可这个方向，这是目前 crypto 少有的可能比 web2 解决更彻底更有效的方向。  4️⃣ 金融融合  rwa 和 稳定币，股票上链这些，可能会带来一些新的资产形态，如果是应用在第三世界国家支付这种方向，可能跟链上/二级玩家没什么关系。  跟散户有关系的方向，可能是这部分与第一点资产发行的某种形式的结合。  在熊市价格深跌时，看空整个行业，无疑是正常的情绪，我也很失落，不过对这个价格表现也并不意外。  但是，注意不要看到有人做空赚了，就习惯性的看空做空，在熊市震荡赚不到几个钱，一旦在几个月/或者半年/一年转牛时，容易犯下大错。
1893522822372450789,2025-02-23 04:46,8.8,03_fhe_cryptography_privacy,284,27,107958,False,https://x.com/0xcryptowizard/status/1893522822372450789,看近期的一些热点，没有一件是让人兴奋的。  sonic 以 defi 老神 ac 为带领，带着一群老人去新链上，把玩了1000遍的 fork 再玩一遍，加些微创新，tvl 再堆一遍；  以ip为代表的高控盘项目，在“上所就做空”的认知下，反过来爆空头菊花的老套路新博弈；  pi币这种资产，拉新手段已经是地推资金盘级别的拉退休老人入场，交易所上币拉新已经卷到这个程度；  从监管层面，倒是有一些有意思的趋势，sec对crypto监管逐渐放松，如果主动做市商（庄）可以卷土重来，山寨倒是有表现机会；  crypto向左，我们要聊性能/隐私/互操作性/用户友好（意图交易）等已经聊了3个周期的话题，但是pmf的产品在哪里？  crypto向右，我们要聊更好的链上资产博弈基建/更友好的冲狗产品/注意力资产化趋势，但是总有一些疑惑，极致的pvp和“火星赌场”是否是这个行业的未来？  站在十字路口上，左右彷徨。  如果不是内生的创新，外来的 ai 技术： 能否助力向左的方向上，获得更好用户体验的产品，降低大规模采用（mass adoption）的门槛； 能否助力向右的方向上，获得全新的叙事，更好的拆分盘，以及对应的基础设施建设，全新的赛道品类。  向未来1年展望，我能看到的还是 ai 相关的资产，会是让人有些兴奋的增长点。  否则，向左的“清真”无处着力；向右的“赌场”后继乏力。
2101288418483519787,2026-09-19 12:32,8.8,03_fhe_cryptography_privacy,189,36,63997,False,https://x.com/0xcryptowizard/status/2101288418483519787,观察 zama 未来发展，有两个维度可以思考：  1️⃣ 横向：成为大部分defi的标配  目前正在陆续整合，tvl也因此飙升到80m+，未来观察是否能成为大部分链上defi的隐私插件，我认为这个并不难。  当初建仓zama，其中一个考虑就是，zama提供的隐私选项并不需要用户离开熟悉的链和应用，而是将隐私作为乐高插件，融入这些链和应用内。  2️⃣ 纵向：成为机构rwa上链的选择  目前还是大部分由散户资金，在已经整合了zama隐私的defi协议（如morpho等）在实验。  后续更大的tvl（百亿甚至更多），来自于这轮牛市最重要主题，rwa上链。  当机构参与链上rwa时，考虑合规和隐私的权衡，很可能会选择zama。  3️⃣ 当前观察：  我认为zama现在开局已经很好的在执行横向策略，为纵向策略铺路。  如果你考虑隐私这条线，最纯粹的选择，就是zama，他已经用80m+tvl证明了产品的可行性。  而机构上链，则是真正的高潮部分，我们拿好观察就好。
2099852242660528628,2026-09-15 13:26,8.8,03_fhe_cryptography_privacy,0,113,4361,False,https://x.com/0xcryptowizard/status/2099852242660528628,"Confidential DeFi at scale, live today.  Zama is the fastest growing confidentiality protocol for onchain finance.  Today, Zama expands confidential access to 16 curated yield vaults across 5 institutional curators and 5 assets: USDC, USDT, AUSD, WBTC, and tGBP, all deployed on @Morpho.  The same trusted curators and strategies that institutional capital already uses, now with confidential entry.  Alongside the vaults, the Zama Confidential Swap Protocol goes live. Swap between confidential assets without exposing intent or size.  Curated by: Armitage by @wintermute_t, @Bitwise, @flowdesk_co, @RockawayX, @SteakhouseFi  Access: @Morpho, @utila_io, @yield_xyz, @zerion  Incentives: @pendle_fi, @merkl_xyz  With support from: @Tether (USDT), @BitGo (WBTC), @tokenGBP (tGBP), @withAUSD (AUSD)  Shield, send, deposit, earn, and swap, all confidentially at: app.zama.org"
2000755798012735771,2025-12-16 02:32,8.0,03_fhe_cryptography_privacy,3,0,7717,False,https://x.com/0xcryptowizard/status/2000755798012735771,🌟项目动态  1️⃣隐私工具使用体验与争议（6人讨论） - 背景：群友2分享使用RailGun的经历，称存入约0.5 ETH后因系统更新导致提款和移动应用无法使用。 - 核心观点：群友4和5指出Railgun是协议，Railway是第三方钱包，问题可能出在旧版移动应用或用户操作上。其他群友（12、16、28）也报告了近期使用Railgun时遇到的麻烦和高昂费用，并讨论了Terminal等其他兼容钱包作为替代方案。  2️⃣公链/L2竞争格局展望（4人讨论） - 背景：群友1提出以太坊、Base、Arbitrum和Solana可能是最终存活的几条链，但其中两条的底层数据和地址质量存疑。 - 核心观点：群友1认为Arbitrum拥有粘性流动性和使用量，是与Base（企业背景L2）竞争的主要对手。群友10对此不完全认同。群友1还提及Berachain、Monad、Sonic等链拥有协议自有流动性等有趣想法，希望它们有未来。  3️⃣项目团队被收购对代币的影响（3人讨论） - 背景：群友1提到Circle收购Axelar团队（不涉及AXL代币和网络），并指出Kraken、Coinbase也有类似操作。 - 核心观点：群友1认为这种“仅收购团队、不碰代币”的模式（Acquihire）对山寨币构成了生存风险，因为收购方没有购买代币的动机。群友21认为这反映了更广泛的问题。  4️⃣隐私协议发展时间线预测（2人讨论） - 背景：群友3分享推文，预测2026年将是Railgun、Aztec、Midnight、Hinkal等隐私应用爆发的时候。 - 核心观点：群友6补充说，Aztec预计在未来几个月内开启交易，费用应该低廉，并可能吸引新用户存款。同时指出Payy费用低但用户少，隐私性较差。  5️⃣项目动态与争议（2人讨论） - 背景：群友通过TL;DR摘要分享了多个项目的最新情况，包括FOGO代币销售取消、Aave与CowSwap的整合争议。 - 核心观点：FOGO因社区对10亿美元FDV的强烈反对而取消了2000万美元的公售，转向空投。Aave社区争议在于整合后，约15-25基点的额外费用流向了Aave Labs而非DAO国库，被批评为“窃取”协议收入。  6️⃣https://t.co/IPJaTxHRFT与Pendle对比讨论（3人讨论） - 背景：群友对https://t.co/IPJaTxHRFT和Pendle这两个项目进行了比较和讨论。 - 核心观点：有观点认为https://t.co/IPJaTxHRFT基本上变成了数字银行，而Pendle则专注于交易和DeFi。群友认为两者已走上不同的发展路径，并指出Pendle有更多扩展和增加价值层的途径。  7️⃣预测市场与预言机风险（4人讨论） - 背景：群友6和群友3等讨论了预测市场（如Polymarket）存在的问题，特别是预言机（如UMA）如何裁决结果。 - 核心观点：群友认为预测市场“相当混乱”，因为存在被操纵的风险，大鲸鱼（Whale）可能通过预言机决议影响结果，普通参与者难以判断。  8️⃣Variational项目积分更新计划（2人讨论） - 背景：群友10提到，在Variational项目的Discord中，管理员称创始人表示积分系统将在年底前上线。 - 核心观点：群友认为这意味着接下来的几天可能是“耕作”积分的很好时机，因为目前参与用户少（DAU低），排名会较高。
2011614401489748085,2026-01-15 01:40,7.9,03_fhe_cryptography_privacy,116,10,29765,False,https://x.com/0xcryptowizard/status/2011614401489748085,"最近观察到的叙事  :  🌟 二级  zec core dev 辞职引发的替代隐私币选择 , 以及 zec 是否依然具备吸引力 , 资金围绕这个叙事流入和博弈 ;  cz与bn围绕链上 ( bsc meme ) 与交易所标的 ( 币安人生 ) 进行的一系列动作 , 社区从群嘲到质疑“是否这次不一样” , 到明显做市痕迹以及资金跟随与 pump ;  trump 集团借着行情搞事的 wlfi 和 dolo , 这里 dolo 作为 trump 概念币里市值最低的 , 被资金当成兼具 defi 与 meme 属性的标的进行炒作 ;   🌟 链上  bsc 的各种 meme ( 捕捉中文热点 / 二圣行为 ) vs.  solana 的 ai 概念币"
1761022717799915850,2024-02-23 13:38,7.6,03_fhe_cryptography_privacy,183,42,72067,False,https://x.com/0xcryptowizard/status/1761022717799915850,RGB 和 RGB++ 是什么？  我在半年前开始看 RGB ，技术和机制比较复杂和难以理解，看了很多文章，才稍微理解。  普通用户其实也不必理解太细节的东西，只要知道： RGB 是一种 BTC 生态的资产协议，在保持 BTC 主链安全性的同时，还具备一定的智能合约能力。  有这种好事么？不可能12345678角都被你解决了？ 确实，这个质疑非常正确，看看 RGB 到现在还没有像样的代币和应用出来，就觉得其中有诈。  原因是：由于RGB协议为了保证安全性，隐私性等，在可用性上和可实现性上做了巨大牺牲。  说人话：就是，这玩意既不好实现，就算按照协议设计实现出来，普通用户也没法用。  RGB++，就是通过一些妥协，来保证 RGB 协议核心安全性的同时，解决可用性和可实现性的问题。  说人话：就是，3月底就能出来，大家可以开打，并且终于是个给人用的东西了，并且各种围绕这个资产的应用也好开发了。
2102218215959232817,2026-09-22 02:07,7.4,03_fhe_cryptography_privacy,305,19,95836,False,https://x.com/0xcryptowizard/status/2102218215959232817,回顾2024年底，改变很多人命运的那天，trump发出来没多久我就看到了，链上就有2m资金，不需要从交易所调。  为什么没买？ 除了自己认知问题，交易习惯（不喜欢一段，习惯二段），最重要的是，当时非常懒，没有搞清楚 trump 的真实市值（大部分锁了），只看全流通了，觉得太贵，大脑短路没买。  对于zama，我想分享一个冷知识，zama流通市值三分之二锁在质押里，这么优质的项目，真实流通市值只有1亿美金。
2103271869688496305,2026-09-24 23:54,7.4,03_fhe_cryptography_privacy,86,14,28767,False,https://x.com/0xcryptowizard/status/2103271869688496305,每个链，每个defi应用，都会标配zama隐私层。  隐私，不该是一个单独的应用，不该有隐私swap，隐私perp，隐私链这种东西，只有概念很难获取用户。  隐私，应该作为乐高，嵌入到用户所在的任何地方，在eth，在solana，在bsc，rh，在现有的任何应用，搭配zama隐私层。  这才是答案。 https://t.co/5USFwe3K9V
1988528881889145322,2025-11-12 08:46,7.1,03_fhe_cryptography_privacy,264,29,232947,False,https://x.com/0xcryptowizard/status/1988528881889145322,建仓了些 $strk ，赌隐私叙事第二波。  ⭐ 我认为大盘没有走熊，山寨还有机会。  ⭐ zk类是进一步的隐私需求，strk 创始人同时也是 zec 联创，联想更直接。  ⭐ 技术面8个月盘整，有机会放量突破，市值1b以内，存量资金可以推的动。  问题：  很多人提到 strk 没人用，其实我理解隐私叙事是意识形态，zec的具体使用数据也没有任何支撑估值的理由。  关键还是看隐私叙事能不能持续发酵，这个是少量能吸引圈外资金的原生叙事，我目前是乐观的。
2102028036971659421,2026-09-21 13:31,7.0,03_fhe_cryptography_privacy,0,31,4366,False,https://x.com/0xcryptowizard/status/2102028036971659421,"With ethereum:0xa12cc123ba206d4031d1c7f6223d1c2ec249f4f3 recently making ATHs and growing interest in on chain privacy, I thought I'd reshare the original Zama thesis I underwrote in 2023  https://multicoin.capital/2024/03/07/the-holy-grail-of-cryptography/"
2006946444767613353,2026-01-02 04:31,6.5,03_fhe_cryptography_privacy,147,5,48153,False,https://x.com/0xcryptowizard/status/2006946444767613353,昨天，大家在聊啥？  看了一眼，话题变多了。  过去1个月很无聊，基本都在讨论 lighter 空投和 aave 吵架。  昨天多了 zama / canton / crv 这些项目讨论，以及西兰花/light的交易讨论。  随着市场回暖些，话题开始变多了。 https://t.co/HmDxqI6t0i
1734194425428087016,2023-12-11 12:52,6.5,03_fhe_cryptography_privacy,137,21,60900,False,https://x.com/0xcryptowizard/status/1734194425428087016,涨的最猛的几个，都是类似的叙事：  ordi ：btc 生态崛起，以太坊只是比特币的试验田； tia   ：模块化区块链，解构以太坊； sol  ：更快的，机构更青睐的链，超越以太坊；  eth：？？？  我依然相信以太，只是，叙事什么时候回归呢？坎昆？
1989911022761906486,2025-11-16 04:18,6.5,03_fhe_cryptography_privacy,113,5,65781,False,https://x.com/0xcryptowizard/status/1989911022761906486,strk 是 zec 的 beta 么？  回答两个问题：  隐私会是一个叙事赛道，还是单纯 zec 拉盘带来的溢出？  eth 是 btc 的 beta 么？当年 virtual  和 ai16z 是 goat 的 beta 么？  想明白这些，再去看 k线。
2014944289307164915,2026-01-24 06:12,6.5,03_fhe_cryptography_privacy,72,35,26060,False,https://x.com/0xcryptowizard/status/2014944289307164915,zama 的拍卖还有10几个小时结束，这是实时数据： https://t.co/x3OcydMpT4  很多人分析什么价格安全，我觉得有点问题。  他这个拍卖所有人按照统一价格中标，出价高的退，并不会买到高价币。  风险在于某个价格中标后，发币时再跌破，而不是你 bid 0.8，中标 0.6，你亏了。
2084904344009560263,2026-08-05 07:28,6.4,03_fhe_cryptography_privacy,91,1,43931,False,https://x.com/0xcryptowizard/status/2084904344009560263,拿了两周多，中间浮亏20个点，拿到浮盈50个点，美股不懂，但交易略懂。  现在是反弹还是反转？  币圈也蠢蠢欲动，链上还是跟着领导走，猜上所，能不能来点特别创新的？  山寨还拿着 zama，这属于长线，什么时候止盈？到 zama 成为链上各种协议隐私标配时，类似 link 成为各种 defi 标配。 https://t.co/EmlI3CmS1f
1989846001574973544,2025-11-16 00:00,6.2,03_fhe_cryptography_privacy,159,10,115892,False,https://x.com/0xcryptowizard/status/1989846001574973544,币圈叙事总是在阴阳两极端徘徊。  如果说，去年兴起的 meme，是以“社区与公平”，对抗“vc币”。  那么，今年的隐私币，就是以“理想主义”，对抗“虚无赌场pvp”。  你说，meme币也有阴谋集团，没那么公平，影响他形成了一个将近两年的趋势么？  同理，隐私币到底有人用么？真的隐私么？  midcurve
2080235548896301237,2026-07-23 10:16,6.2,03_fhe_cryptography_privacy,128,16,53880,False,https://x.com/0xcryptowizard/status/2080235548896301237,zama 是我在今年以来一直在聊的唯一山寨。  之于合规 rwa上链，就是新一轮周期的 link。 https://t.co/7ozaWiCzky
1764565984860574167,2024-03-04 08:18,6.1,03_fhe_cryptography_privacy,28,2,12704,False,https://x.com/0xcryptowizard/status/1764565984860574167,🌟RGB++为何重要？  RGB是BTC资产协议里，最重要的一个方向之一（我认为和符文同等重要），但一直进展缓慢；  RGB++延续了RGB协议设计，添加了一些新的特性，也删减了一些特性： 用CKB做DA层，添加了交易的安全性，删减了交易隐私性（后续说可以用zk把隐私性弥补回来）；  从而能够在近期正式落地。
2100844648407449894,2026-09-18 07:09,6.0,03_fhe_cryptography_privacy,328,45,135735,False,https://x.com/0xcryptowizard/status/2100844648407449894,zec = bitcoin with privacy  zama = ethereum with privacy
2101970999256461736,2026-09-21 09:45,6.0,03_fhe_cryptography_privacy,264,19,60378,False,https://x.com/0xcryptowizard/status/2101970999256461736,new bull，new coin  新牛市，玩新币，充满朝气想象力。  新币里，拉的最猛，有充分叙事/基本面的：  zama
1778715908162371735,2024-04-12 09:24,6.0,03_fhe_cryptography_privacy,17,0,14097,False,https://x.com/0xcryptowizard/status/1778715908162371735,这里，utxo-base的L2，不仅限于ckb，包括fuel等 utxo-base 公链，都可以通过同构绑定处理 btc L1 资产。  也并非止步于L2，与闪电网络，rgb的客户端验证这些无链的应用体系（不妨叫他们为L3），也可以通过“通道”相连。  这就是通过密码学保证，共享流动性与应用的web5的未来。
1989917737725132863,2025-11-16 04:45,6.0,03_fhe_cryptography_privacy,15,1,5682,False,https://x.com/0xcryptowizard/status/1989917737725132863,@Michael_Liu93 我考虑是，  第一个问题，是不是一个叙事赛道，主要是前面大家在链上pvp的财富效应越来越弱，情绪越来越差，所以隐私这种理念币是类似当年meme对vc那种感觉，两极反转。  第二个问题，谁是beta，谁是赛道中扩展叙事？类比 eth 和 btc，virtual 和 goat 就比较清晰了。
1778690191395614900,2024-04-12 07:42,5.9,03_fhe_cryptography_privacy,102,13,74447,False,https://x.com/0xcryptowizard/status/1778690191395614900,不同的人眼中，看到的世界是不同的。  在我眼中，未来 bitcoin 生态的各协议与资产，各L2与L3是通过密码学的“通道”融合的。  越开放，越能够与其他生态融合，这个协议和生态就越有前景。  越封闭，越想着自己一亩三分地的叙事，越难接入整体的流动性与应用，路也就越走越窄。
2102234471852601725,2026-09-22 03:12,5.8,03_fhe_cryptography_privacy,40,3,3996,False,https://x.com/0xcryptowizard/status/2102234471852601725,@Sea_Bitcoin 这一轮，我对于纯meme有一定的怀疑（也许在牛中/牛末会有主力拉升的meme），这也是为什么建仓zama。  目前看牛初拉升的是隐私，rwa，defi，链上明确主线rwa。  围绕rwa和隐私叙事的技术币（zama），以及真实有利润回购的币。
2002218340601962676,2025-12-20 03:23,5.7,03_fhe_cryptography_privacy,20,0,10458,False,https://x.com/0xcryptowizard/status/2002218340601962676,1️⃣ 我已经分享了群聊信息，这些群聊要么是公开群，如果是私有群，已经征得了群主同意，并且隐去所有群的名字和群友id，保证隐私。  2️⃣ 关于新闻/观点，我觉得每个人都应该维护自己的 x list，保证找到自己关注的信息，看公开新闻，效率较差；  3️⃣宏观分享喂了付费报告生成的概述，不能分享报告原文。
2059096683397746814,2026-05-26 02:18,5.7,03_fhe_cryptography_privacy,15,1,2733,False,https://x.com/0xcryptowizard/status/2059096683397746814,@273348ant 未来增量，一方面是宏观流动性，一方面是ai+crypto，以及只有crypto能做好的，比如隐私这些。  也许还有新的资产发行方式，类似曾经ico/defi/铭文/pump，但肯定之前玩法不work了。  这是我的看法。
1989331081795878925,2025-11-14 13:54,5.6,03_fhe_cryptography_privacy,117,10,35500,False,https://x.com/0xcryptowizard/status/1989331081795878925,隐私币，就是币圈“理念，功能，赌场”三种币里的理念币。  理念这种东西，说起来可以一文不值，但是没有却万万不能。  不涨的时候，感觉会套一辈子；涨的时候就一句话：  自由值多少钱？
1767384586848256087,2024-03-12 02:58,5.4,03_fhe_cryptography_privacy,171,35,76865,False,https://x.com/0xcryptowizard/status/1767384586848256087,新叙事，按拉盘节奏，分两大阵营： A阵营 BTC生态 L2模块化 Depin B阵营 AI 和 meme 这两大阵营轮着拉
1952728307847631032,2025-08-05 13:48,5.2,03_fhe_cryptography_privacy,41,2,29816,False,https://x.com/0xcryptowizard/status/1952728307847631032,"ARK 投资的 ZK 方向重要项目 Sccinct 上线 BN 现货。  🌟Succinct的SP1 zkVM推动以太坊10,000 TPS目标 🌟降低跨链成本 🌟ARK投资支持和zk技术获得白宫认可 🌟支持多链/Web2应用"
1989891270177951802,2025-11-16 03:00,5.1,03_fhe_cryptography_privacy,118,4,108396,False,https://x.com/0xcryptowizard/status/1989891270177951802,隐私币是 crypto 的信仰赎罪券。 https://t.co/CVVxjWjxai
2101226583243764171,2026-09-19 08:27,5.1,03_fhe_cryptography_privacy,100,1,35040,False,https://x.com/0xcryptowizard/status/2101226583243764171,zama 新高。
2070855745625886879,2026-06-27 13:04,5.1,03_fhe_cryptography_privacy,91,6,50273,False,https://x.com/0xcryptowizard/status/2070855745625886879,未来在链上，只要重视隐私，不想被追踪的人和机构，都会使用zama的服务。
2082663570211545421,2026-07-30 03:04,5.1,03_fhe_cryptography_privacy,18,3,2505,False,https://x.com/0xcryptowizard/status/2082663570211545421,@xyz69m 我一直拿着 zama，对应的是隐私和rwa合规上链。  新的叙事，我认为肯定会有新资产发行方式出来，大概率不会在下半年，应该是明年出来，对应新牛市启动。  下半年机会还是等着真正筑底。
2030821532503883961,2026-03-09 01:42,5.1,03_fhe_cryptography_privacy,13,1,10799,False,https://x.com/0xcryptowizard/status/2030821532503883961,@lanhubiji 工资发放，cz之前也提过，链上发工资，需要隐私进行，否则每个人的工资都是明牌。  zama已经实现了。 https://t.co/6BWHmQYhIP
2101538169061818427,2026-09-20 05:05,5.1,03_fhe_cryptography_privacy,11,0,5258,False,https://x.com/0xcryptowizard/status/2101538169061818427,@snow949494 ethereum:0xa12cc123ba206d4031d1c7f6223d1c2ec249f4f3 = 隐私 + defi 乐高 + rwa 叙事
2102198977848594819,2026-09-22 00:51,5.1,03_fhe_cryptography_privacy,8,1,1740,False,https://x.com/0xcryptowizard/status/2102198977848594819,@lanhubiji 对，而且落地需要实际，单独搞隐私perp，隐私swap，隐私链，很难搞来用户，zama这种直接嵌入到已有产品里的思路，类似link做预言机，实际可落地。
1778689205566312929,2024-04-12 07:38,5.1,03_fhe_cryptography_privacy,1,0,509,False,https://x.com/0xcryptowizard/status/1778689205566312929,@JuanZZ_BTC @cishanjia web5=web3+web2  web3的资产与web2的应用通过密码学“通道”结合起来，而不是现在的多签跨链。
2102189987878130118,2026-09-22 00:15,4.9,03_fhe_cryptography_privacy,30,0,6560,False,https://x.com/0xcryptowizard/status/2102189987878130118,@lanhubiji 先拉zec（btc）拉出叙事，再看zama（eth）落实应用，privacy才能真正走实。
2102192168354107843,2026-09-22 00:24,4.9,03_fhe_cryptography_privacy,24,1,3233,False,https://x.com/0xcryptowizard/status/2102192168354107843,@solana @solomon_labs 缺少 @zama 的隐私层
2067194295749357800,2026-06-17 10:35,4.9,03_fhe_cryptography_privacy,6,0,789,False,https://x.com/0xcryptowizard/status/2067194295749357800,@eastweb3eth 打新，然后又dca买，反正币圈这个行情，爆发等下个周期了。我相信zama作为隐私层的潜力。
1781534955233026531,2024-04-20 04:06,4.8,03_fhe_cryptography_privacy,73,12,57463,False,https://x.com/0xcryptowizard/status/1781534955233026531,无需许可，去中心化，用密码学的方式，让L1的资产具备L2的图灵完备。  最佳的方案就是：同构绑定。  优秀的思考者，得出的结论都是类似的。
2026242641382572338,2026-02-24 10:27,4.8,03_fhe_cryptography_privacy,7,0,1628,False,https://x.com/0xcryptowizard/status/2026242641382572338,@Wuhuoqiu 除了rwa，perp和预测市场都是交易向的。在这么多赛道证伪之前，我也不太看好隐私，现在反而觉得这是 crypto 能干还没被证伪的少数几个方向了。
1764570016077476061,2024-03-04 08:34,4.8,03_fhe_cryptography_privacy,7,1,1878,False,https://x.com/0xcryptowizard/status/1764570016077476061,@DUANMEI11 对，rgb原协议最大的问题，就是客户端验证，p2p网络通讯，非常难以实现。  为了保证隐私性，从而牺牲了资产安全性（如果自己保存，记录丢掉资产就没了）和可用性/可实现性。  所以这轮牛市原本我以为没有rgb什么事儿了。
1477526050628374528,2022-01-02 06:23,4.8,03_fhe_cryptography_privacy,1,1,0,False,https://x.com/0xcryptowizard/status/1477526050628374528,@Mask_Dao @suji_yan 你们应该有大量推特和地址对应的数据，深入挖掘很值钱啊。只是涉及到隐私问题，不应该开放具体地址追踪，是不是可以包装一个画像追踪产品？
2044572878352642301,2026-04-16 00:25,4.7,03_fhe_cryptography_privacy,58,4,22127,False,https://x.com/0xcryptowizard/status/2044572878352642301,zama 隐私层对合规金融上链的意义，类似 link 预言机之于 defi 。
2101324305011532142,2026-09-19 14:55,4.7,03_fhe_cryptography_privacy,54,6,32019,False,https://x.com/0xcryptowizard/status/2101324305011532142,try zama confidential swap
2067190632540774551,2026-06-17 10:20,4.7,03_fhe_cryptography_privacy,40,3,19687,False,https://x.com/0xcryptowizard/status/2067190632540774551,zama 节奏挺稳的，一直围绕机构客户需求，在做链上隐私 defi 。  这确实是 crypto 真正能做好的重要领域之一。
2057955825579389278,2026-05-22 22:44,4.7,03_fhe_cryptography_privacy,26,3,5726,False,https://x.com/0xcryptowizard/status/2057955825579389278,@coolish crypto + ai ，以及一些只有 crypto 能做好的事，比如隐私，会是下一轮的重点。
2102737689913278860,2026-09-23 12:31,4.6,03_fhe_cryptography_privacy,16,1,3186,False,https://x.com/0xcryptowizard/status/2102737689913278860,@WuBlockchain @VitalikButerin we need zama
2102957699411644536,2026-09-24 03:06,4.6,03_fhe_cryptography_privacy,14,1,3271,False,https://x.com/0xcryptowizard/status/2102957699411644536,@tempo 你们可以考虑跟zama合作，基于zama已经有一个正在构建的隐私支付，@raycashxyz
2101308454199824811,2026-09-19 13:52,4.6,03_fhe_cryptography_privacy,3,0,1964,False,https://x.com/0xcryptowizard/status/2101308454199824811,@sosolab13 @trex_network 先锋集团的rwa链就是跟zama合作
2080338978222592411,2026-07-23 17:07,4.6,03_fhe_cryptography_privacy,1,0,1360,False,https://x.com/0xcryptowizard/status/2080338978222592411,@tushar_jain with zama we can fix it
2080322726330515461,2026-07-23 16:02,4.4,03_fhe_cryptography_privacy,55,5,23315,False,https://x.com/0xcryptowizard/status/2080322726330515461,刚需，链上隐私交易。
1562617549195739136,2022-08-25 01:47,4.4,03_fhe_cryptography_privacy,42,0,0,False,https://x.com/0xcryptowizard/status/1562617549195739136,美国抓隐私协议开发者，中国冻结无辜投资者交易所账户。  卧龙凤雏两大铁拳，一时竟不知谁更胜一筹。
2101485720414396417,2026-09-20 01:36,4.3,03_fhe_cryptography_privacy,27,1,5230,False,https://x.com/0xcryptowizard/status/2101485720414396417,@Guilin_Chen_ 对，每个人擅长不同，我最擅长的就是zama这种左侧拿很久的，右侧玩大部分情况我都是亏，所以就不玩了。
2102947665336246371,2026-09-24 02:26,4.3,03_fhe_cryptography_privacy,19,1,4886,False,https://x.com/0xcryptowizard/status/2102947665336246371,@randhindi 三分之二的zama流通市值已经质押，坚强的长期信念。
2102608751463449086,2026-09-23 03:59,4.3,03_fhe_cryptography_privacy,17,1,4507,False,https://x.com/0xcryptowizard/status/2102608751463449086,@fede_intern 已经有了，zama
2101881158430790008,2026-09-21 03:48,4.3,03_fhe_cryptography_privacy,16,0,5480,False,https://x.com/0xcryptowizard/status/2101881158430790008,@Ati_Song 年初到现在，我只说了一个山寨，zama
2101971492003254689,2026-09-21 09:47,4.3,03_fhe_cryptography_privacy,15,0,5663,False,https://x.com/0xcryptowizard/status/2101971492003254689,@randhindi 刚开始热身，zama
2102567301233164611,2026-09-23 01:14,4.3,03_fhe_cryptography_privacy,13,0,2272,False,https://x.com/0xcryptowizard/status/2102567301233164611,@Guilin_Chen_ 垃圾也有垃圾的价值，很多妖币已经开始动了。  zama确实是信念交易。
2090709808496488512,2026-08-21 07:57,4.3,03_fhe_cryptography_privacy,11,0,2851,False,https://x.com/0xcryptowizard/status/2090709808496488512,@0xchangan 还在想，除了大币，也买了些山寨，比如zama之类的，赌rwa合规上链是趋势。
2101547952204607634,2026-09-20 05:44,4.3,03_fhe_cryptography_privacy,5,0,3293,False,https://x.com/0xcryptowizard/status/2101547952204607634,@AndrewBit2337 zama越研究越上头吧
2080617547834208506,2026-07-24 11:34,4.3,03_fhe_cryptography_privacy,5,0,3103,False,https://x.com/0xcryptowizard/status/2080617547834208506,@qinbafrank 机构defi需要zama
2080471023913517090,2026-07-24 01:52,4.3,03_fhe_cryptography_privacy,4,0,1928,False,https://x.com/0xcryptowizard/status/2080471023913517090,@bitmingde maybe，这就是为什么我看好zama，合规rwa必备，链上合规隐私必备。
1761023753121915388,2024-02-23 13:42,4.3,03_fhe_cryptography_privacy,2,0,3005,False,https://x.com/0xcryptowizard/status/1761023753121915388,@0x1231NFT 对，跟btc隐私性一致了，但是可以后续用一些方式弥补。
2101291521425416678,2026-09-19 12:45,4.3,03_fhe_cryptography_privacy,1,0,2331,False,https://x.com/0xcryptowizard/status/2101291521425416678,@zhaochaoyuan @randhindi 你说的可能是部分机构的选择，事实上先锋集团的链就是跟zama合作，你可以去研究一下
2000799453960413306,2025-12-16 05:25,4.3,03_fhe_cryptography_privacy,1,0,270,False,https://x.com/0xcryptowizard/status/2000799453960413306,@BTCDA0 有极客的讨论，关于隐私那几条就是。  这是汇总了很多个群的。
1989863032324067749,2025-11-16 01:08,4.0,03_fhe_cryptography_privacy,12,1,4573,False,https://x.com/0xcryptowizard/status/1989863032324067749,@Guilin_Chen_ 现在pvp讲究拔吊无情，热点直接掏了浇。 隐私是在喊口号，讲的是初心。  都是叙事。
2089656167907942788,2026-08-18 10:10,4.0,03_fhe_cryptography_privacy,8,0,2239,False,https://x.com/0xcryptowizard/status/2089656167907942788,@zk7hao 人很难超越自己的时代
1988540104378322999,2025-11-12 09:31,4.0,03_fhe_cryptography_privacy,7,0,5603,False,https://x.com/0xcryptowizard/status/1988540104378322999,@Real_Maxlion 没错，符合应用隐私的很多，选strk一个是因为联创，一个因为市值，一个因为chart的 rr 好。
2092476342407438697,2026-08-26 04:56,4.0,03_fhe_cryptography_privacy,3,0,2237,False,https://x.com/0xcryptowizard/status/2092476342407438697,@zkdada48857149 要看能不能形成全行业趋势。
