id,createdAt,gold_score,primary_domain,favoriteCount,retweetCount,replyCount,viewsCount,has_article,text
2091190201070559294,Sat Aug 22 15:46:11 +0000 2026,10.0,07_master_articles_column,41,1,18,0,YES,http://x.com/i/article/2091086787150295040
2070150993007018339,Thu Jun 25 14:23:52 +0000 2026,10.0,07_master_articles_column,136,11,41,0,YES,http://x.com/i/article/2069447629185142784
1894025288692244768,Mon Feb 24 14:03:12 +0000 2025,10.0,07_master_articles_column,168,53,14,0,YES,https://t.co/4SeNkVh1Rn
1913207555100492247,Fri Apr 18 12:26:41 +0000 2025,10.0,07_master_articles_column,135,40,41,0,YES,https://t.co/ENw5qp7UHB
1927699973191414004,Wed May 28 12:14:23 +0000 2025,10.0,07_master_articles_column,125,43,23,0,YES,https://t.co/pRudg6jNoL
1878072044971311450,Sat Jan 11 13:30:43 +0000 2025,10.0,07_master_articles_column,27,11,7,0,YES,https://t.co/KIW3teMffa
1849081968149058023,Wed Oct 23 13:34:30 +0000 2024,10.0,07_master_articles_column,93,29,27,0,YES,https://t.co/pQAbc9nsnU
1869975506470482311,Fri Dec 20 05:17:57 +0000 2024,10.0,07_master_articles_column,34,4,6,0,YES,https://t.co/sspKW1ZZiY
1881894097545564510,Wed Jan 22 02:38:11 +0000 2025,10.0,07_master_articles_column,169,71,20,0,YES,https://t.co/BerUcG4gvr
1851174168592838709,Tue Oct 29 08:08:09 +0000 2024,10.0,07_master_articles_column,54,7,18,0,YES,https://t.co/UQ3vvvXKdX
