id,date,domain,is_featured,likes,retweets,replies,views,text,images_count,local_images,url
2100870147548537108,2026-09-18 08:50:50,现货期货微观与庄家行为学,归档,207,28,52,98334,"真对链上美股利好的就三家，hype，uni， $HOOD 
hood作为上市公司链上发行美股，
uni做池子收税，
hype做链上美股合约杠杆交易。",0,,https://x.com/xiaomustock/status/2100870147548537108
2097575198375772302,2026-09-09 06:37:53,现货期货微观与庄家行为学,⭐ 精选,249,24,20,140873,"从7月到现在原油快翻倍了，导致各种化工产品价格也非常高，化肥也是石油化工的一环。
叠加厄尔尼诺气候影响，多种因素把农产品价格也带起来了。
黑天鹅才是真正的暴富机会，
最爽的是黑天鹅这几年几乎每年都有。
疫情期间的负油价，gpt诞生，俄乌，关税，美伊….几乎没间断过。
所以平时没黑天鹅大机会的时候不要硬干，不要硬上杠杆。
活得久所有机会才跟你有关。",1,images/2097575198375772302_0.jpg,https://x.com/xiaomustock/status/2097575198375772302
2093640624864166058,2026-08-29 10:03:17,现货期货微观与庄家行为学,归档,0,0,0,0,"别八卦了，多关注点搞钱信息流。
今年最强的厄尔尼诺导致小麦期货今年大幅上涨。增大产量的话各种化肥磷肥钾肥氮肥不得涨。",2,images/2093640624864166058_0.jpg;images/2093640624864166058_1.jpg,https://x.com/xiaomustock/status/2093640624864166058
2089195093874061458,2026-08-17 03:38:20,现货期货微观与庄家行为学,归档,183,7,18,160131,"闪迪真是强的可怕，
正儿八经伟大的机会显而易见随时上车。
那天发100%回购新闻的时候盘面都没有瞬间大幅爆拉一步到位，而是几天时间持续不断的拉盘。 https://t.co/pOYKuOkExu",1,images/2089195093874061458_0.jpg,https://x.com/xiaomustock/status/2089195093874061458
2088209624218702136,2026-08-14 10:22:26,现货期货微观与庄家行为学,归档,0,0,0,0,"我这人赌性太强了越涨越想上杠杆。
存储顺风行情买2x还不够还想继续杠杆梭哈上2x
，生怕错过大行情。
一直在提醒自己这次赚到了真开始践行定投spy和qqq.不然总感觉哪一天我这么搞一把又要爆仓爆掉。",1,images/2088209624218702136_0.jpg,https://x.com/xiaomustock/status/2088209624218702136
2087456093979254889,2026-08-12 08:28:10,现货期货微观与庄家行为学,归档,0,0,0,0,"相当于散户都没在车上了大都爆仓割肉了，
存储这波去杠杆很彻底了。
买在无人问津，卖在人声鼎沸。
“昨天，韩国金融监管方面，韩国副总理发言表示韩国股票杠杆的交易规模已从7月30日的12.4万亿韩元缩减至8月7日的8000亿韩元，较6月25日的19.4万亿韩元峰值减少近96%。

这某种程度上说明韩国第一波去杠杆应该是接近尾声。”",0,,https://x.com/xiaomustock/status/2087456093979254889
2082821127613927926,2026-07-30 13:30:28,现货期货微观与庄家行为学,归档,0,0,0,0,"能拉盘了吧，跌了一个多月。

【2026-07-30 21:28:59】
白宫国家经济委员会主任哈塞特：我并不认为市场由于AI方面的进展处于泡沫状态。  (金十数据APP)",1,images/2082821127613927926_0.jpg,https://x.com/xiaomustock/status/2082821127613927926
2072990012875182463,2026-07-03 10:25:08,现货期货微观与庄家行为学,归档,12,1,1,4724,@100DaDaDa 我在3月已经吃过一次大亏了，这次一点杠杆没有,0,,https://x.com/xiaomustock/status/2072990012875182463
2067664413709250730,2026-06-18 17:43:06,现货期货微观与庄家行为学,归档,107,2,18,191813,"这是特朗普和伊朗签的合约。
把这俩图片放到gpt或者gemini中翻译时，
会立马提示你所在地区不支持服务….
但你要问AI事情就很正常…. https://t.co/PFHxmFuMKH",2,images/2067664413709250730_0.jpg;images/2067664413709250730_1.jpg,https://x.com/xiaomustock/status/2067664413709250730
2062245430763684060,2026-06-03 18:50:00,现货期货微观与庄家行为学,归档,272,14,18,205765,"这阶段市场里的人都惊弓之鸟，
稍有风吹草动，全作鸟兽散。
发现啥事没有又都飞回来。
spacx上市节点越来越近剩一周时间，
持仓千万别带杠杆这段时间。 https://t.co/RIE6aNewdO",1,images/2062245430763684060_0.jpg,https://x.com/xiaomustock/status/2062245430763684060
2059874536623931508,2026-05-28 05:48:54,现货期货微观与庄家行为学,归档,226,5,27,117244,"今天buy的很舒服，
港美的申购额度没了，以后都是高溢价。 https://t.co/azqp2qPrzl",1,images/2059874536623931508_0.jpg,https://x.com/xiaomustock/status/2059874536623931508
2058920717127676313,2026-05-25 14:38:46,现货期货微观与庄家行为学,归档,275,10,22,301263,山西煤炭爆炸，肯定要集体审查整顿整顿，刚开了几十万焦煤多单。成本1307 https://t.co/DbbuvslX9P,1,images/2058920717127676313_0.jpg,https://x.com/xiaomustock/status/2058920717127676313
2055176871973892461,2026-05-15 06:42:04,现货期货微观与庄家行为学,归档,21,0,1,10617,@fly2_1M 中韩的溢价这段时间不玩了，等以后溢价低于20%,0,,https://x.com/xiaomustock/status/2055176871973892461
2055174781021077787,2026-05-15 06:33:45,现货期货微观与庄家行为学,归档,23,0,1,14102,@ShenYi33 中韩都35%溢价了，还搞他干嘛,0,,https://x.com/xiaomustock/status/2055174781021077787
2054784467374391440,2026-05-14 04:42:47,现货期货微观与庄家行为学,归档,5,0,0,1258,@ouCgI7hwTvwihAn 溢价太高了搞不了，以后溢价下来了再干,0,,https://x.com/xiaomustock/status/2054784467374391440
2047363502566990240,2026-04-23 17:14:31,现货期货微观与庄家行为学,⭐ 精选,147,15,30,82089,"很多人是不是觉得自己一开合约，价格立马反向走，尤其是高倍杠杆爆仓价很接近的btc单子，那基本上是交易所的自营做市商AI策略，监测到你高倍杠杆，不影响其他反方向人单子的情况下自动往你爆仓价走插针。
ok和币安我怀疑都有，但是没证据这种事情😂
退出币圈对绝大多数普通人来说是最正确的事情，这里的黑暗和操纵没有任何法律约束。",0,,https://x.com/xiaomustock/status/2047363502566990240
2047361794499645858,2026-04-23 17:07:44,现货期货微观与庄家行为学,归档,8,0,0,4239,@lin04188013 天龙人机构可以每天申购打溢价，散户不行,0,,https://x.com/xiaomustock/status/2047361794499645858
2046499527113445841,2026-04-21 08:01:24,现货期货微观与庄家行为学,归档,8,0,2,5494,@shuai_da53118 中韩没有溢价了，未来星辰大海，相当于是科创板指数+韩国指数。,0,,https://x.com/xiaomustock/status/2046499527113445841
2044105005872099493,2026-04-14 17:26:25,现货期货微观与庄家行为学,归档,42,1,4,39479,"跟股市毫无关系，跟AI的未来毫无关系。
乌克兰和俄罗斯打仗的时候也暴跌，
现在他们依然在打仗。
眼前的困难再很多年后都发现啥也不是还是有办法解决。
欧盟那时候面临能源断供，但到现在欧盟也没发生能源断供。
美伊战争都在害怕石油断供。
但最终人们会发现能源一直在，
主要的经济体都不差钱他们能接受高额溢价。",0,,https://x.com/xiaomustock/status/2044105005872099493
2037441415933018522,2026-03-27 08:07:42,现货期货微观与庄家行为学,归档,470,20,145,140758,大快人心，币安现货份额下降到27%，衍生品份额降到34% https://t.co/C3QHUnC7is,1,images/2037441415933018522_0.jpg,https://x.com/xiaomustock/status/2037441415933018522
2031183384316453006,2026-03-10 01:40:31,现货期货微观与庄家行为学,归档,27,1,11,26886,纯苯和苯乙烯空单跑了，撸个80，拿久了怕夜长梦多，懂王再跳个大。 https://t.co/RYC5jDqLvi,1,images/2031183384316453006_0.jpg,https://x.com/xiaomustock/status/2031183384316453006
2029046464236933160,2026-03-04 04:09:09,现货期货微观与庄家行为学,归档,80,1,17,25701,"市场很多东西是我们很难预测的，比如战争，庄家操纵，政府政策，关税等等。
从我们散户角度看，找到一个明确高增长的业绩指引自己已经足够。",0,,https://x.com/xiaomustock/status/2029046464236933160
2028754306170777995,2026-03-03 08:48:13,现货期货微观与庄家行为学,⭐ 精选,40,2,23,38020,"美国佬打伊朗图啥？为了啥打？什么目的停止？
怎么感觉是特朗普单纯开了股指空单石油多单，想跟去年一样撸一把大的。
然后让军队瞎几把狂干，
自己家里人隔着瞎几把狂赚。 https://t.co/CQ7y437HNI",1,images/2028754306170777995_0.jpg,https://x.com/xiaomustock/status/2028754306170777995
2028682084244725844,2026-03-03 04:01:14,现货期货微观与庄家行为学,归档,57,2,7,76160,"伊朗称不许一滴有流出霍尔木兹海峡。
欧线集运合约涨停 https://t.co/Bnc00mozis",1,images/2028682084244725844_0.jpg,https://x.com/xiaomustock/status/2028682084244725844
2025183204916027798,2026-02-21 12:17:56,现货期货微观与庄家行为学,归档,28,1,0,19826,@Jackma199512 所以穷在认知，如果觉得能涨100%，13%的溢价又算得了什么。,0,,https://x.com/xiaomustock/status/2025183204916027798
2022352516688810212,2026-02-13 16:49:48,现货期货微观与庄家行为学,归档,3,0,0,1999,@kamisama5618 是的，砸盘的很无脑，3-4月季度报会远超预期离谱的好,0,,https://x.com/xiaomustock/status/2022352516688810212
2021390129408151557,2026-02-11 01:05:37,现货期货微观与庄家行为学,⭐ 精选,151,18,104,1696272,"当年有个群友菀凌在ok几个亿的仓位也是限制开单只减仓无法补保证金被爆了.
这个新闻里的大户杨秀春没参加合约交易的现货账户517btc理应属于她自己。
打个比方，如果交易所资产管理的权限能涉及到银行卡或者个人钱包，那这种穿仓难道也要顺道把银行卡和钱包也冻掉，所以完全没道理的事情.@star_okx",0,,https://x.com/xiaomustock/status/2021390129408151557
2019624497457107104,2026-02-06 04:09:37,现货期货微观与庄家行为学,⭐ 精选,415,11,121,354322,"今年莫名其妙赚66倍居然是这么来的，
今天准备把币安销户走人，
然后登上去看哪里还有渣渣都提走，
意外发现当年刷aster，机器人停了居然里面还有一个机器人开的空单没走，卧槽，机器人10万6开的. https://t.co/h8bmljN8v4",1,images/2019624497457107104_0.jpg,https://x.com/xiaomustock/status/2019624497457107104
2018597045460996105,2026-02-03 08:06:54,现货期货微观与庄家行为学,⭐ 精选,86,4,28,110821,"沪银2604加仓到了70，成本移动到22807.
这半年搞大宗以来，利润还有个520，
但是这单搞完不敢玩了，真怕天天被按跌停本金利润一波被带走.

以后坚决不玩大宗了，不然人的贪欲会被期货的杠杆不断放大，尤其是我自己的贪欲，人性太丑恶丑陋了. https://t.co/4wRvW700Ov",2,images/2018597045460996105_0.jpg;images/2018597045460996105_1.jpg,https://x.com/xiaomustock/status/2018597045460996105
2018312802361061740,2026-02-02 13:17:25,现货期货微观与庄家行为学,归档,48,3,25,65007,"如果我是狗庄，
会先让这种二连跌停放出来的散户先跑，不拉盘，防止散户太多车太重.
等他们割肉跑个俩小时后，再反抽向上深v. https://t.co/d864RkEoxT",1,images/2018312802361061740_0.jpg,https://x.com/xiaomustock/status/2018312802361061740
2018169687683780789,2026-02-02 03:48:43,现货期货微观与庄家行为学,归档,72,9,25,44177,"大仓位合约杠杆的结局似乎都一模一样.
外加之前的内幕地址开多亏损1.9亿美金，利润全部归零账户爆仓.
看看易老板会不会变成华子. https://t.co/VVthIRlZgR",1,images/2018169687683780789_0.jpg,https://x.com/xiaomustock/status/2018169687683780789
2018167684672979371,2026-02-02 03:40:46,现货期货微观与庄家行为学,归档,61,1,14,66994,大佬死于杠杆,0,,https://x.com/xiaomustock/status/2018167684672979371
2017834838896873852,2026-02-01 05:38:09,现货期货微观与庄家行为学,⭐ 精选,145,13,47,84984,"那天沪银跌停板手贱买了一下套住了，做一个周一的规划.
计划开盘能给平开或者少亏点的机会抢跑出来.
然后如果能继续接近跌停板到个沪银2.1万多再买把大的堵超级反弹.
会有超级反弹基于俩点.
1. 超级暴跌斩价1/3，会逼使工业需求的大佬进来进货，
2. 其次是巨额浮赢的空单离场，空头平仓就是相当于买多.

剧本估计是从开盘暴跌深v往上拉一波.",1,images/2017834838896873852_0.jpg,https://x.com/xiaomustock/status/2017834838896873852
2003765898180714898,2025-12-24 09:53:12,现货期货微观与庄家行为学,⭐ 精选,542,37,273,162983,"cz之前花200万刀抄底aster的操作属于表演式抄底骗韭菜接盘看来.
本身整个aster都是cz的，免费零成本的aster筹码cz有数亿个.
本来很多人一刀以上都跑完了，
然后cz拿200万刀相当于我们散户拿2u买，把大多数散户再忽悠一把再骗进来格局.
@cz_binance https://t.co/WABT5y0Bvy",1,images/2003765898180714898_0.jpg,https://x.com/xiaomustock/status/2003765898180714898
2003091594560540949,2025-12-22 13:13:46,现货期货微观与庄家行为学,归档,163,11,82,68947,"按照这种对比手法，币安的上合约逻辑真是一坨狗屎，
难道坑害了无数币安用户的palu的用户基础还不如一个刚出没多少天的几百万诈骗币gua
，这对狗篮子是真该死呐.",0,,https://x.com/xiaomustock/status/2003091594560540949
1987206601435193630,2025-11-08 17:12:28,现货期货微观与庄家行为学,归档,86,10,18,75823,"存储都长这么多，现在调价幅度依然这么离谱的，直接50%调.

闪迪调涨11月NA­ND价格：11月7日消息，美国NA­ND闪存供应商Sa­n­D­i­sk通知客户，11月合约价格上调50%。 https://t.co/zucCWVy3rV",2,images/1987206601435193630_0.jpg;images/1987206601435193630_1.jpg,https://x.com/xiaomustock/status/1987206601435193630
1986124968980324447,2025-11-05 17:34:27,现货期货微观与庄家行为学,⭐ 精选,118,5,131,377408,"这个还是要给澄清一下，我当时真是为了销号才登上去上去看了一眼，没想到给赔了11万u.
第一，我自己这个号没去维权就单纯提交工单申诉返还.
第二，一姐来说赔的时候确实也不知道是我.
所以不存在啥kol的赔，散户的不赔.
老表们那天插针爆仓有多扣u的情况，
积极去申诉提交个工单. https://t.co/wftXMOsGlj",1,images/1986124968980324447_0.jpg,https://x.com/xiaomustock/status/1986124968980324447
1985910635440586903,2025-11-05 03:22:46,现货期货微观与庄家行为学,归档,645,88,88,160189,"一直玩合约=0
不管曾经多牛逼 https://t.co/YPFxSxOkVk",1,images/1985910635440586903_0.jpg,https://x.com/xiaomustock/status/1985910635440586903
1985777847508906378,2025-11-04 18:35:07,现货期货微观与庄家行为学,归档,38,1,34,37284,"币安能不能把giggle合约的手续费收入也捐了.把慈善搞到底.@cz_binance 
giggle现货的手续费收入是来自giggle创建的初衷交易捐献.
giggle合约的手续费收入作为币安对giggle教育的捐款如果也能捐出去，那就是币安和社区对教育慈善的双向奔赴.",0,,https://x.com/xiaomustock/status/1985777847508906378
1985666410962735268,2025-11-04 11:12:18,现货期货微观与庄家行为学,⭐ 精选,254,14,152,318759,"刚突然收到了币安发来的11.6万美金补偿.
当时10.11号5.18分我账户提前被强平带走了，
当时提交了个币安工单，申诉返还我被多扣走的u，以为币安叼毛不赔了，他娘的居然真赔了点，也没私下找他们维权.
如果按照那天爆仓价资金被多扣了的可以找币安理论理论老表们，说不定也能给赔一波.
反正有理有据. https://t.co/0fqr3SXJVb",1,images/1985666410962735268_0.jpg,https://x.com/xiaomustock/status/1985666410962735268
1985306175555125342,2025-11-03 11:20:52,现货期货微观与庄家行为学,⭐ 精选,127,5,33,75932,"一堆人在那反驳洗白cz喊完紧接着hype的5000万美金空单，
就这样说，一个应用类型的山寨庄币，
你不是项目方或者项目方关系户，
脑子没问题不可能去空5000万美金.
这玩意不用讲证据.
至于为啥不在aster，赚hpye的钱总比赚aster自己的钱好吧.
孙割有币砸盘还专门去币安砸不在火币砸.",0,,https://x.com/xiaomustock/status/1985306175555125342
1985181152282546333,2025-11-03 03:04:04,现货期货微观与庄家行为学,归档,131,7,108,201642,表哥不会是这样吧，推特喊单，价格拉起来然后自己内部人在hype开了几千万美金空单？@cz_binance https://t.co/J4d3g5pyRR,1,images/1985181152282546333_0.jpg,https://x.com/xiaomustock/status/1985181152282546333
1984895090859626806,2025-11-02 08:07:21,现货期货微观与庄家行为学,归档,107,6,38,84486,"一直以为是p图，原来真有这句话.
如果此时此刻买入币安人生等现货算不算坐牢.
每个人的牢笼不一样，共同点是坐牢的时候命运决定权都在别人手上.",0,,https://x.com/xiaomustock/status/1984895090859626806
1982320067883995472,2025-10-26 05:35:08,现货期货微观与庄家行为学,⭐ 精选,558,87,147,176515,爆仓cz赔老外的卧槽，不敢惹洋大人. https://t.co/QEpasshTw4,1,images/1982320067883995472_0.jpg,https://x.com/xiaomustock/status/1982320067883995472
1982307587543670803,2025-10-26 04:45:33,现货期货微观与庄家行为学,归档,8,0,4,32134,"原来是它这个合约模式和进阶组合保证金模式界面不一样.一直光用okx钱包，刚进来看怎么连个滑块都没有，还要我手动输入.
这俩界面最起码统一一下.@mia_okx https://t.co/saRUIRJAOb",1,images/1982307587543670803_0.jpg,https://x.com/xiaomustock/status/1982307587543670803
1980200151030599703,2025-10-20 09:11:21,现货期货微观与庄家行为学,归档,89,2,32,114267,"币安人生第一个中文合约了币圈有史以来，
接回来继续干1b，等现货. https://t.co/QNsfLFsosW",1,images/1980200151030599703_0.jpg,https://x.com/xiaomustock/status/1980200151030599703
1977776702186242546,2025-10-13 16:41:25,现货期货微观与庄家行为学,归档,85,2,37,62117,"还是aster好啊，不然一次性亏完了那天.
s2总共拿了33.4万个空投，成本43万u，又有筹码可以继续玩了. https://t.co/ORPmo4BQmH",1,images/1977776702186242546_0.jpg,https://x.com/xiaomustock/status/1977776702186242546
1976897808382017861,2025-10-11 06:29:01,现货期货微观与庄家行为学,⭐ 精选,564,40,200,476585,上榜了他娘的，原来是爆仓的，暴里爆没了😭😭😭😭😭😭 https://t.co/4LJxfBVtFA,1,images/1976897808382017861_0.jpg,https://x.com/xiaomustock/status/1976897808382017861
1976892737439121658,2025-10-11 06:08:52,现货期货微观与庄家行为学,归档,106,7,67,464317,"这次太侥幸了，觉得大饼到不了10.6没噶，
结果插到10.3这个号里160万u被爆光了，就留了5万u的现货bnb还在.",0,,https://x.com/xiaomustock/status/1976892737439121658
1976792840069169404,2025-10-10 23:31:54,现货期货微观与庄家行为学,归档,208,34,51,116913,"usde币安杠杆循环贷理财今晚送走了太多大户……..几m，十几m数不过来.
我不敢发图，教训太深刻了他娘的，
资金一定再分散分散，活下去比啥都重要. https://t.co/Pl5DjhPzV3",1,images/1976792840069169404_0.jpg,https://x.com/xiaomustock/status/1976792840069169404
1976182333469265995,2025-10-09 07:05:58,现货期货微观与庄家行为学,归档,70,3,66,42690,form这个庄家该说不说畜生变的 https://t.co/dSBBxcsyHU,1,images/1976182333469265995_0.jpg,https://x.com/xiaomustock/status/1976182333469265995
1975530357190762674,2025-10-07 11:55:15,现货期货微观与庄家行为学,归档,35,0,11,27669,aster直接给这些bsc热门meme优先于币安上合约，肯定流量巨大，能带来真实交易量，而非往期依赖交易挖矿.,0,,https://x.com/xiaomustock/status/1975530357190762674
1975528240103272601,2025-10-07 11:46:50,现货期货微观与庄家行为学,归档,85,3,30,80030,"希望aster给币安人生，palu，4，帕鲁，gg
这些先上现货➕合约.@Aster_DEX @cz_binance",0,,https://x.com/xiaomustock/status/1975528240103272601
1975054534847475932,2025-10-06 04:24:30,现货期货微观与庄家行为学,归档,23,0,14,50767,"最终取决于aster项目方了.
如果按积分分，大家都能赚点，
如果按照1%每周，或者即使按照退手续费的方式，为了少数人前俩周的份额，
那aster口碑和养成的用户群瞬间无了，所有人依然是干赔钱，
但这对aster本身有什么好处呢？
对cz更没好处….
cz第一即不缺aster筹码，也不需要靠aster去赚很多钱，他肯定只希望aster成功，但真这样做无疑毁掉aster.",0,,https://x.com/xiaomustock/status/1975054534847475932
1972994831346749540,2025-09-30 11:59:58,现货期货微观与庄家行为学,归档,130,11,78,65519,"新币杀猪盘模式又开始了，太狠了.
完全没反弹一路收割砸盘. https://t.co/C8QxIFxF9h",2,images/1972994831346749540_0.jpg;images/1972994831346749540_1.jpg,https://x.com/xiaomustock/status/1972994831346749540
1971256896280723475,2025-09-25 16:54:02,现货期货微观与庄家行为学,归档,2,0,0,1100,@youzidawang66 没有杠杆，只是图合约深度好,0,,https://x.com/xiaomustock/status/1971256896280723475
1971106921240461789,2025-09-25 06:58:06,现货期货微观与庄家行为学,归档,3,0,1,1327,@SpielbergNolan 而且完全不透明，增补增发砸没砸盘，散户啥都不知道.,0,,https://x.com/xiaomustock/status/1971106921240461789
1970459954403553484,2025-09-23 12:07:17,现货期货微观与庄家行为学,归档,38,1,25,32047,在链上代币归零的时候，交易所现货和合约的价格锚定是什么，涨跌由什么支配有大神来解答一下.,0,,https://x.com/xiaomustock/status/1970459954403553484
1970440065366270266,2025-09-23 10:48:15,现货期货微观与庄家行为学,归档,26,0,17,29800,币安这边合约0.12，ok现货回到了0.23. https://t.co/at0Vdw4TwM,2,images/1970440065366270266_0.jpg;images/1970440065366270266_1.jpg,https://x.com/xiaomustock/status/1970440065366270266
1969459925509423264,2025-09-20 17:53:31,现货期货微观与庄家行为学,归档,64,7,16,47156,费率依然是正的咯，最恐怖的是aster还没上现货,0,,https://x.com/xiaomustock/status/1969459925509423264
1969342942910226933,2025-09-20 10:08:40,现货期货微观与庄家行为学,归档,2,0,1,2389,@dakang62552720 你这一点不会理解啊，我意思是爆拉数倍的正费率说明还能涨.,0,,https://x.com/xiaomustock/status/1969342942910226933
1969316449958158832,2025-09-20 08:23:24,现货期货微观与庄家行为学,⭐ 精选,308,56,35,156051,"费率为负的时候庄家随时能走，因为已经有了海量的对手盘.
但是费率为正不行，因为对手盘是空军，他想走就要空军买单才行，费率正说明空军的量还没有狗庄的单量多，对手盘不足不好走.
那么只有继续拉盘拉到足够多的对手盘出来了，费率负了那就可以安心走了，至于那种情况下什么时候走就完全看狗庄心情.",0,,https://x.com/xiaomustock/status/1969316449958158832
1969311376607793254,2025-09-20 08:03:14,现货期货微观与庄家行为学,⭐ 精选,302,28,46,65510,"最近一些爆辣的的币的一点思考记录一下.
如果一个币拉了很多倍，
正常人都想空但费率还是正的，
说明狗庄在里面还没走，
而且远大于空军持仓.
那么庄家走的时间点至少是费率率由正转负，才可能会出现下跌. https://t.co/YtrTAYjK1u",1,images/1969311376607793254_0.jpg,https://x.com/xiaomustock/status/1969311376607793254
1965733357440180621,2025-09-10 11:05:28,现货期货微观与庄家行为学,⭐ 精选,144,25,43,96443,"之前跟朋友弄了一篮子低于10m的合约，
只有一俩个亏.其他全赚.
估计现在依然能这么干，下架就是利好.

之前这条推特的含金量依然在，赌单个很难，买一篮子必中. https://t.co/hjRRYPfNR3",1,images/1965733357440180621_0.jpg,https://x.com/xiaomustock/status/1965733357440180621
1953373781176774694,2025-08-07 08:32:56,现货期货微观与庄家行为学,归档,28,9,23,62478,"币安几m的带合约垃圾币，拉十倍才几千万，
下架吧又他娘的跟利好一样.
赢面太大.
找个十几个，每个弄1万u，适合不带杠杆或者俩三倍杠杆开一揽子.",0,,https://x.com/xiaomustock/status/1953373781176774694
1949772952473592255,2025-07-28 10:04:31,现货期货微观与庄家行为学,归档,32,2,32,24495,如果rwusd再做成btc/rwusd合约，来吃btc资金费率，就能一个u吃俩回，用btc现货做联合保证金. https://t.co/BCAxVqfdwy,1,images/1949772952473592255_0.jpg,https://x.com/xiaomustock/status/1949772952473592255
1947333668386836707,2025-07-21 16:31:40,现货期货微观与庄家行为学,归档,209,8,49,335691,孙割砸盘了 https://t.co/kn0pIuAX0s,1,images/1947333668386836707_0.jpg,https://x.com/xiaomustock/status/1947333668386836707
1946968220709343270,2025-07-20 16:19:31,现货期货微观与庄家行为学,归档,4,0,1,3546,@oknextlin 不妨碍明天领航生物拉盘，只是暂时终止收购.,0,,https://x.com/xiaomustock/status/1946968220709343270
1946829398285410444,2025-07-20 07:07:53,现货期货微观与庄家行为学,归档,42,5,31,152247,"拿别人的钱拉盘给它们自己的资产升值，
天下没有比这更好的事情了.",0,,https://x.com/xiaomustock/status/1946829398285410444
1946464804144611654,2025-07-19 06:59:07,现货期货微观与庄家行为学,⭐ 精选,135,18,51,184694,"sbet和eth的买点等24号50亿增发通过，先干eth，看增发对sbet的影响，影响不大继续干.
有些人说左手倒右手，完全没必要而且非常不符合利润最大化.
首先能确定的事情，卖股票是真卖了10亿美金出来.
那么他们利润最大化的操作是杠杆开多eth，
然后拿卖股票的10亿美金真金白银市场买eth，拉升eth价格，这样才能赚最多.

这样去看左手倒右手是不是非常可笑.
左手倒右手干什么呢，拿着10亿美金存银行？完全不如市场合约杠杆套利，用来真金白银拉盘.用公司卖的钱为所有相关利益团体服务，明牌赚钱.",0,,https://x.com/xiaomustock/status/1946464804144611654
1946028298993107044,2025-07-18 02:04:36,现货期货微观与庄家行为学,⭐ 精选,147,3,85,199112,这人eth空单爆仓价3686，估计一会就爆了. https://t.co/1AXTGZqCR0,1,images/1946028298993107044_0.jpg,https://x.com/xiaomustock/status/1946028298993107044
1944037177429832146,2025-07-12 14:12:36,现货期货微观与庄家行为学,归档,340,10,83,400725,"一个把赚的sol都要换成u的团队，你居然指望他募集的u会拿来拉盘？
不仅不会拉盘，募集的sol他都会砸盘走人.
而且能参与募集的大都是国人，
国人手里有币能有啥格局.
别做拉盘的梦了都.",0,,https://x.com/xiaomustock/status/1944037177429832146
1942594402393940345,2025-07-08 14:39:31,现货期货微观与庄家行为学,归档,22,3,14,103410,老美的校园贷涨的猛呐， $SOFI  20多了天天拉盘 https://t.co/VepZg9uds8,1,images/1942594402393940345_0.jpg,https://x.com/xiaomustock/status/1942594402393940345
1942536234963984476,2025-07-08 10:48:23,现货期货微观与庄家行为学,归档,101,6,88,124015,这个孔剑平搞的 $NA 真是人渣来的，这人有推特没.人渣中的人渣呐.砸盘砸的价格比公布bnb储备前的价格还要低. https://t.co/TmsjQnhZyl,1,images/1942536234963984476_0.jpg,https://x.com/xiaomustock/status/1942536234963984476
1941888709584195914,2025-07-06 15:55:21,现货期货微观与庄家行为学,归档,5,0,1,1824,"@jielove233 特朗普是比巴菲特还吊的交易员.😂
一句话决定拉盘砸盘",0,,https://x.com/xiaomustock/status/1941888709584195914
1940696113914462477,2025-07-03 08:56:24,现货期货微观与庄家行为学,归档,23,4,7,123518,gate美股合约的杠杆倍数1-10倍 https://t.co/hkW2IJennz,1,images/1940696113914462477_0.jpg,https://x.com/xiaomustock/status/1940696113914462477
1940694333898084453,2025-07-03 08:49:20,现货期货微观与庄家行为学,归档,84,11,29,146821,说啥来啥，gate已经率先开了美股交易专区，支持现货和合约双市场. https://t.co/iUOWO8ed6n,1,images/1940694333898084453_0.jpg,https://x.com/xiaomustock/status/1940694333898084453
1935371094556569820,2025-06-18 16:16:41,现货期货微观与庄家行为学,归档,110,19,31,82183,coinbase要把usdc搞成抵押品引入美国期货市场.一美元这是用三次. https://t.co/JSEJ12brm5,1,images/1935371094556569820_0.jpg,https://x.com/xiaomustock/status/1935371094556569820
1935362693936152875,2025-06-18 15:43:18,现货期货微观与庄家行为学,⭐ 精选,201,17,62,85033,"用朋友的话说，
现在各个交易所都在引导用户玩合约，
这里面都是尸山血海，
合约用户活不过一个月，
别看我也玩，但我是亏完也啥都不影响，
你们有家有口的，能别赌合约就别去赌，
耐住诱惑，无底洞. https://t.co/JwQqIX14Kn",1,images/1935362693936152875_0.jpg,https://x.com/xiaomustock/status/1935362693936152875
1934837598314483934,2025-06-17 04:56:45,现货期货微观与庄家行为学,⭐ 精选,149,21,30,118737,"有结果的时候一定要想着先守财，把财富稳定下来，保证后半生衣食无忧，再考虑更进一步.
上一轮有非常多的人发了大财，财富的增速远远超过了认知的增速，没匹配上，
七搞八搞最后返贫甚至负债.
我身边有很多这样的朋友，
各有各的死法，
执迷nft死，
现货和meme麻的人去赌合约死，
套现搞实业投资矿场死，
玩盘子死，
链上理财死.",1,images/1934837598314483934_0.jpg,https://x.com/xiaomustock/status/1934837598314483934
1934549202396455411,2025-06-16 09:50:46,现货期货微观与庄家行为学,归档,2,0,0,833,@leeryanpunk 杠杆太高，被反抽了一把爆掉没钱了.,0,,https://x.com/xiaomustock/status/1934549202396455411
1928714843034448211,2025-05-31 07:27:07,现货期货微观与庄家行为学,⭐ 精选,92,13,48,113954,"现在的链上所谓的热门币，
基本上都是阴谋局流水线生产.
尤其是bsc的meme基本上都是70%+高控，
交易所内能拉盘的山寨也是，

但有一点对我们散户是确定的：
海量的山寨代币上线合约，接盘资金稀释，狗庄圈不到钱会主动砸盘弃盘，长期归零. https://t.co/29aIdPvsgq",1,images/1928714843034448211_0.jpg,https://x.com/xiaomustock/status/1928714843034448211
1923424123759325210,2025-05-16 17:03:41,现货期货微观与庄家行为学,归档,52,10,16,219249,大表哥估计会给aster现货+合约 https://t.co/rLniXOVzlU,1,images/1923424123759325210_0.jpg,https://x.com/xiaomustock/status/1923424123759325210
1922918294928883908,2025-05-15 07:33:42,现货期货微观与庄家行为学,归档,78,13,59,254135,"现货nxpc梭了43万刀开盘3u
我梭哈死了算了，难得所有人都有交易热情的. https://t.co/QO6nQegX2V",1,images/1922918294928883908_0.jpg,https://x.com/xiaomustock/status/1922918294928883908
1921986197074661791,2025-05-12 17:49:52,现货期货微观与庄家行为学,归档,17,3,7,45932,"希望能把今天做多回撤的钱空整个meme板块撸回来，要么爆仓死了算了.
反正三个账户就亏个15万🤡",0,,https://x.com/xiaomustock/status/1921986197074661791
1921774407418040684,2025-05-12 03:48:18,现货期货微观与庄家行为学,⭐ 精选,228,44,133,218948,"我写一下买moodeng和pnut俩个meme的思路.
河马：这波行情主要是eth爆反拉盘，
➡️eth是v神的➡️v神喜欢吹河马.
所以干河马.
pnut：松鼠是上的最全交易所的meme，
拯救美国，美资老外有格局能持续拉盘.
初期真的很像pepe和shib早期.
是币安去年到今年以来上线拉盘拉的高度最高的，从3亿美金拉到20多亿美金.
币安现货里面强庄的meme就是pnut.

然后是c佬给我pnut信仰他梭哈买入赚了小2m美金@cccioncc 

河马moodeng是盖姐@mdyy0404 给我信仰一直让我买，我也很认同她的思路.",1,images/1921774407418040684_0.jpg,https://x.com/xiaomustock/status/1921774407418040684
1919376437812908410,2025-05-05 12:59:37,现货期货微观与庄家行为学,归档,43,11,5,43449,"一般情况下，
如果爆仓金额指数增加了，很可能庄家想打的对手盘打掉了，基本上盘面插针结束，所以卖出没毛病.",0,,https://x.com/xiaomustock/status/1919376437812908410
1918159648890421380,2025-05-02 04:24:32,现货期货微观与庄家行为学,⭐ 精选,187,35,42,169511,"为啥买这个给有缘人个原因，这也是一个好策略.
1.一个代币比如瞬间或者快速爆拉了100%甚至300%.
2.然后高位插针持续下跌，顶部会累积大量的空头获利盘.
3.当跌幅很大，一直无反弹，横盘时间很久的时候.小额涨幅就会产生连锁反应，导致大量的空军提前为了保住利润买入止盈，甚至有非常多低位空的空头为了止损买入平空，

4.空军止盈止损自己会左脚踩右脚互相伤害拉盘.所以价格会持续上升.
所以我选择0.86u买个sign.
这种涨幅不会太大，但也很爽.",1,images/1918159648890421380_0.jpg,https://x.com/xiaomustock/status/1918159648890421380
1917182072147546514,2025-04-29 11:40:00,现货期货微观与庄家行为学,⭐ 精选,58,10,56,283835,"讲一件我自救的意外之喜.
本来币安开的多在0.06就要爆仓了，那会合约价0.068，可能就一根针的事情.
我不想这么爆仓就结束，去gate买了13万刀的羊驼现货.0.072，
正巧运气使然，赶上反弹赚了一波.
看到这一刻已经0.105砸完最后0.096卖完了.

我这个人赌性太强了，太容易上头.
所以每次赚钱都套现，生怕在币圈这地方一头脑发热全部亏没了.
羊驼再次让我感觉到我这个性格从来没变过，
连续大仓位干了三四次被干没了.
太爱赌了.",3,images/1917182072147546514_0.jpg;images/1917182072147546514_1.jpg;images/1917182072147546514_2.jpg,https://x.com/xiaomustock/status/1917182072147546514
1916117640810271091,2025-04-26 13:10:19,现货期货微观与庄家行为学,归档,27,9,35,41219,"如果下架对有合约的是利好的话，
那么利好fio，有现货有合约，非常可能下架😂 https://t.co/4LC888CNRq",1,images/1916117640810271091_0.jpg,https://x.com/xiaomustock/status/1916117640810271091
1914000586367996036,2025-04-20 16:57:54,现货期货微观与庄家行为学,归档,39,7,21,34964,"prompt我之前干了四五次都没涨，狗庄今天夜里了才拉盘，真他么搞心态.看见就27了操蛋.
我之前三四次都是梭哈买了prompt，0.235啊纹丝不动还是亏钱走的. https://t.co/8qEAR3J34q",1,images/1914000586367996036_0.jpg,https://x.com/xiaomustock/status/1914000586367996036
1913485258965594413,2025-04-19 06:50:11,现货期货微观与庄家行为学,归档,200,12,77,239300,"长期做空山寨最大的风险原来不是拉盘，是每隔8小时的费率.
估计没等到归零，资金费先被扣麻了.
by那个账户提走了100万刀，剩下了15万刀亏剩3万多点，前几天还8万多🌚
投降了投降了.
还是做多好.",0,,https://x.com/xiaomustock/status/1913485258965594413
1912906793719832746,2025-04-17 16:31:34,现货期货微观与庄家行为学,⭐ 精选,1155,308,150,554904,"写持续爆拉的山寨的做空指标，
在爆拉之前，庄家的持仓方向肯定是多单，

1.跟随价格的上涨，合约持仓的名义价值跟持仓量保持一致持续贴合增长.

抛开最早写过的费率指标，
当庄家准备结束操盘的时候.
它会先走掉自己建立的多头仓位转换成空头仓位.
在这个过程中合约持仓的图上会出现一个非常显眼的特征.
2.跟随价格的上涨，合约持仓的名义价值突然与持仓量分离！出现开口空洞.
这时候就是庄家通过拉盘或者托盘平多卖出多头仓位，然后建立空单.
因为这个节点庄家的操作会明显的大额影响到持仓量的多少.但价格的上升或者托盘会显示为名义价值可能一直在增长或者脱离贴合的曲线.",2,images/1912906793719832746_0.jpg;images/1912906793719832746_1.jpg,https://x.com/xiaomustock/status/1912906793719832746
1912099933727129691,2025-04-15 11:05:23,现货期货微观与庄家行为学,归档,93,3,80,53293,"感觉狗庄和做市商在看着我浇给.
先关一段时间操作.
我开多砸盘，我开空立马拉盘😂.
突然想到一个好策略，对同一个币，一个号开多，一个号开空😂看往哪反方向走.😂",0,,https://x.com/xiaomustock/status/1912099933727129691
1911707467815465050,2025-04-14 09:05:52,现货期货微观与庄家行为学,归档,48,8,38,57509,"币安开始对otc神盾大宗下手，每笔otc交易开始收取0.08%的手续费.
币安的交易成本越来越高呐.

关于神盾大宗商家手续费说明
原本针对神盾商家大宗区的maker buy 订单免除费率活动结束，自即日起，也将收取0.08%的费率。平台将在活动期间持续收集反馈，评估后续优化方向。",0,,https://x.com/xiaomustock/status/1911707467815465050
1911292173980733874,2025-04-13 05:35:39,现货期货微观与庄家行为学,⭐ 精选,500,78,67,196866,"这个号用更稳健的操作方式来搞.
1.每笔操作的30%利润买btc现货.
每笔操作亏损超过30%，用btc现货补齐操作资金，否则继续操作.
一直增加现货btc的持仓量，让这个新号也能顺利100万u.

2.每一笔交易严格设置止盈止损，防插针和自己上头追保证金.尤其是高倍杠杆，保证止损后还有钱继续玩能活下去，永远不归零不下拍桌.

3.最稳健的以一篮子做空山寨和找机会做多btc为主.感觉市场没机会优先做空山寨，觉得有机会优先做多btc.

4.拉升过程中的山寨不空不参与，只痛打落水狗暴跌了再空吃后半段，不用忍受费率.

5.对极其大格局撒钱盘面还很稳的山寨做多，对抠逼全网一起骂的项目方但盘面也很稳的山寨也做多.其他的类型都空，如果拉盘都主动止损不硬扛.",1,images/1911292173980733874_0.jpg,https://x.com/xiaomustock/status/1911292173980733874
1907235656373584135,2025-04-02 00:56:29,现货期货微观与庄家行为学,⭐ 精选,369,51,120,256372,"昨天act暴跌的真相百分之百是act的做市商被币安做局吃掉了.
1.先连续两次都针对act这类合约持仓量很高的代币.（如果不是币安下场，不可能发生短时间调整俩次，而且是特意针对持仓量跟市值相比非常高的act这些）

2.调低杠杆倍数和减小对应的开仓金额后，压缩做市商的仓位，
如果在不想平仓的情况下持有的多单仓位，
迫使做市商不得不增加保证金规模变相提高了做市商需要提供的保证金总金额.

3.然后币安再用低流动性特征，拿极小金额可能几十万刀现货瞬间砸爆做市商多头仓位.

4.合约持仓金额瞬间从1.1个亿美金跌到1800万美金.做市商成了币安韭菜.
当韭菜都亏完的时候，币安就得从做市商手里赚钱了.因为只有做市商还有点钱.
可见市场多差.",3,images/1907235656373584135_0.jpg;images/1907235656373584135_1.jpg;images/1907235656373584135_2.jpg,https://x.com/xiaomustock/status/1907235656373584135
1902962228539822426,2025-03-21 05:55:25,现货期货微观与庄家行为学,归档,50,3,108,86017,我天，就这几分钟刚买币安就下架啊，这么离谱吗，我是看这个合约持仓量选出来的比例最高的.😭,0,,https://x.com/xiaomustock/status/1902962228539822426
1902958321939951794,2025-03-21 05:39:53,现货期货微观与庄家行为学,⭐ 精选,60,9,56,114688,"lina价格一路在，但是合约持仓量一直在涨，目标来个250-300，50%-100涨幅.
市值和合约持仓量1/1了.
大户合约持仓方向79%都是多单.
lina这逼感觉要干把大的，故意砸盘把多单开着吃进去. https://t.co/tHMwXH4xTX",3,images/1902958321939951794_0.jpg;images/1902958321939951794_1.jpg;images/1902958321939951794_2.jpg,https://x.com/xiaomustock/status/1902958321939951794
1902717677761937459,2025-03-20 13:43:39,现货期货微观与庄家行为学,归档,171,14,109,465235,by的现货好像币coin不统计，我把这40万u再梭哈了一把br，买了200万个，要么跌回去归零重新开始，要么直接上一百万美金.😅 https://t.co/3CjcGKiRIw,2,images/1902717677761937459_0.jpg;images/1902717677761937459_1.jpg,https://x.com/xiaomustock/status/1902717677761937459
1902616019623137697,2025-03-20 06:59:42,现货期货微观与庄家行为学,归档,4,0,1,1088,@fengplus1 几乎没杠杆，账户22万刀，买的tut也差不多值22万刀，所以不怕跌完了.,0,,https://x.com/xiaomustock/status/1902616019623137697
1901156147119427821,2025-03-16 06:18:41,现货期货微观与庄家行为学,⭐ 精选,819,229,118,806216,"讲一下我这个为啥专门买合约持仓量和市值比高的币，不管这些币干啥的光看合约持仓量.
1.首先合约持仓量占市值比例高的话说明多空的对手盘充足。
2.他的合约持仓量越高甚至超过市值说明庄家越强，说明庄家筹码越足，它有极强的拉盘动力。
3.因为对收盘充足一旦开始拉盘（或者砸盘），高杠杆的对手盘肯定会心慌跑路做燃料拉盘平空。

打个比方，如果你昨天25开空了auction，现在拉到28不慌不慌，你割不割肉？
你如果割肉买入那这样高比例的合约持仓里面有无数个跟你一样这样想的人。
他们会因为一点点价格拉升而心发慌，担心利润回撤，担心亏损，担心爆仓，
然后反向走人买入作燃料。",1,images/1901156147119427821_0.jpg,https://x.com/xiaomustock/status/1901156147119427821
1899496109195899174,2025-03-11 16:22:18,现货期货微观与庄家行为学,归档,57,6,30,235674,"这个不像预测大饼涨跌你的胜率可能是50/50.
空交易所新上的垃圾币，回顾历史，你的胜率可能是99.9%😂
空交易所的新垃圾币的时候设置好止损，拉盘的咱不空，专门空一路砸盘的垃圾.",0,,https://x.com/xiaomustock/status/1899496109195899174
1898634564152770939,2025-03-09 07:18:49,现货期货微观与庄家行为学,归档,32,7,62,65161,"丝袜今天睡醒亏5万，现货1.3%也亏七八万.从3个多亿抄底捏到1个多亿割肉，几千万又抄底，荣登我个人今年亏的最多的单币🥲
丝袜这叼毛币把我道心都快干碎了. https://t.co/zIRCn1bQU8",1,images/1898634564152770939_0.jpg,https://x.com/xiaomustock/status/1898634564152770939
1898306325890912640,2025-03-08 09:34:31,现货期货微观与庄家行为学,⭐ 精选,207,36,72,316251,"这个vine价格在下跌，合约持仓量一直在涨。都快接近市值1/1了。价格0.0327.
目前是全网市值最小的合约持仓量接近市值的币。估计能去个0.04-0.06.
标的的合约持仓量接近市值或者超过市值，有俩个好处.
1.有庄家大户在里面。
2.有充足的对手盘和流动性。 https://t.co/kqCrAAbVV0",3,images/1898306325890912640_0.jpg;images/1898306325890912640_1.jpg;images/1898306325890912640_2.jpg,https://x.com/xiaomustock/status/1898306325890912640
1895764118189346937,2025-03-01 09:12:42,现货期货微观与庄家行为学,⭐ 精选,100,13,73,154302,"shell从筹码结构看，
1.流通1.5亿以下
2.币安仅有5千万左右筹码.
3.是币安现货里最小的ai.
4.开盘到现在跌到上币安前的价格了，有性价比. https://t.co/qPopB1Ndbp",1,images/1895764118189346937_0.jpg,https://x.com/xiaomustock/status/1895764118189346937
1886349537582649741,2025-02-03 09:42:31,现货期货微观与庄家行为学,归档,36,3,20,31345,挺在理。我们散户不在乎什么项目方的学历背景，在乎这个项目方拉不拉盘，上线后是一路砸盘还是有涨有跌散户很在乎.,0,,https://x.com/xiaomustock/status/1886349537582649741
1886320492321083518,2025-02-03 07:47:06,现货期货微观与庄家行为学,归档,426,60,171,160158,知道为啥亏钱了吧，何三上的都是国人盘子.都是用中文发言.国人币啥格局看这些币太直观了，从来不拉盘. https://t.co/quIEsCujcI,1,images/1886320492321083518_0.jpg,https://x.com/xiaomustock/status/1886320492321083518
1886024059227435223,2025-02-02 12:09:11,现货期货微观与庄家行为学,归档,12,0,1,14351,@siyizhisheng3 上线新的就是最高价，敢下手空还真能都发财，完全买不了了，砸盘比拉盘容易,0,,https://x.com/xiaomustock/status/1886024059227435223
1870343065959109049,2024-12-21 05:38:30,现货期货微观与庄家行为学,⭐ 精选,103,6,43,89061,"昨天前100所有币里面，洗盘最彻底的就是doge，这么大的市值直接腰斩.洗得干净的不能再干净，狗庄太狠了，不愧是狗庄.
前十拉盘最猛的也当然是狗庄. https://t.co/uyr6eztHLG",1,images/1870343065959109049_0.jpg,https://x.com/xiaomustock/status/1870343065959109049
1870341357082222899,2024-12-21 05:31:43,现货期货微观与庄家行为学,⭐ 精选,68,7,39,106137,"doge经历了极致的洗盘，之前车上人太多太多了，这一下杠杆几乎全部被干没了.
@DOGE 部门还剩十几天要开始干活了.
按照杀破狼的山寨季倒计时俩天，那也是必须先是meme季，然后必须doge带头.
doge-1u https://t.co/wVwAOVN4lX",1,images/1870341357082222899_0.jpg,https://x.com/xiaomustock/status/1870341357082222899
1870308855567265914,2024-12-21 03:22:34,现货期货微观与庄家行为学,⭐ 精选,56,7,43,61797,"盲猜usual庄家很快开始拉盘了.

飞轮靠的是tvl增长换来的，增长率只要上不去就完了，前天一天增加了2个亿，今天一天1个亿都不到，每天增发流通数量维持在400万个左右，如果价格不动 流通很快就会上去。
如果价格在这个位置上不去，稳定币质押收益会不断下降，tvl增长就很慢很差劲.
庄家会拉盘提升收益率继续提高tvl.它吸收的usdc可以白用4年再给归还，诱惑极其大，跟别的稳定币不一样.
所以usual如果我是狗庄的话肯定拉盘，继续维持高收益吸引资金进来质押提升tvl.",1,images/1870308855567265914_0.jpg,https://x.com/xiaomustock/status/1870308855567265914
1870158893927805374,2024-12-20 17:26:40,现货期货微观与庄家行为学,归档,19,2,11,34200,"诺和诺德 $NVO  
买了一万股买爆它，市场太傻逼了.

实际效果减重22%，安慰剂2%，预期25%，
这尼玛又不是业绩不及预期，只是药物效果不及预期，况且22%很牛逼了😂
这砸盘的不都有病么，预计价格很快被修正. https://t.co/CiScMqGSba",2,images/1870158893927805374_0.jpg;images/1870158893927805374_1.jpg,https://x.com/xiaomustock/status/1870158893927805374
1870070069050675602,2024-12-20 11:33:43,现货期货微观与庄家行为学,归档,27,4,14,84132,狗庄现在真是贱啊，每周五都砸盘，瞅准了周五之后韭菜孤立无援. https://t.co/ApZMEVzk17,1,images/1870070069050675602_0.jpg,https://x.com/xiaomustock/status/1870070069050675602
1869997004908281878,2024-12-20 06:43:23,现货期货微观与庄家行为学,归档,59,4,87,130314,什么人一直在砸盘🌚再砸就埋土里了 https://t.co/9h2MiO8vnV,1,images/1869997004908281878_0.jpg,https://x.com/xiaomustock/status/1869997004908281878
1869685668110299380,2024-12-19 10:06:15,现货期货微观与庄家行为学,⭐ 精选,85,6,44,289366,"这次的核心是始终把盈利换成btc，没有机会也全换btc.有机会就卖btc撸，现货比例从一开始的60%慢慢提升，现在现货比例80%左右吧.每次所有利润都是为了买更多的btc，同时降低杠杆占总资金的比例，一直努力降低风险，一直努力赚btc.
如果一个btc直接100万美金，那不用折腾了现在开始.当然现在的持仓不是btc，移动速度太快了25.",1,images/1869685668110299380_0.jpg,https://x.com/xiaomustock/status/1869685668110299380
1850778350538961232,2024-10-28 05:55:19,现货期货微观与庄家行为学,⭐ 精选,196,32,55,151013,买meme之前，先不要下手，用一分钟把合约地址复制到推特搜索框里，点最新，然后往上翻，找到第一个条信息源看看具体是啥谁弄的，然后再决定买与否。我觉得相对还靠谱些，不能全看群里丢个合约地址就去pvp。 https://t.co/q0RHaGlrZR,1,images/1850778350538961232_0.jpg,https://x.com/xiaomustock/status/1850778350538961232
1849739453771948270,2024-10-25 09:07:06,现货期货微观与庄家行为学,归档,59,5,85,76566,币安上线moodeng合约，能不能来个小市值meme的现货😅neiro爽呐。 https://t.co/GrGnWSueKN,1,images/1849739453771948270_0.jpg,https://x.com/xiaomustock/status/1849739453771948270
1843511709576970569,2024-10-08 04:40:17,现货期货微观与庄家行为学,⭐ 精选,142,27,31,179857,期货合约和杠杆真的能害死人，这玩意研究不得，要人命，远离这种极致的贪欲。 https://t.co/X50haIGZds,1,images/1843511709576970569_0.jpg,https://x.com/xiaomustock/status/1843511709576970569
1842866709146841124,2024-10-06 09:57:16,现货期货微观与庄家行为学,⭐ 精选,183,25,112,281111,"血淋淋教训，别碰合约，别借钱投资。
炒股炒币都一样。
虽然股市很火热，但依然还是要闲钱投资，别上杠杆别借钱。有杠杆有借款的赚钱了的时候记得第一时间还清。 https://t.co/rkRxA4OSy6",1,images/1842866709146841124_0.jpg,https://x.com/xiaomustock/status/1842866709146841124
1838462727217709366,2024-09-24 06:17:25,现货期货微观与庄家行为学,⭐ 精选,277,50,80,117985,"归零几次就活明白了，第一次炒币赚到钱可能觉得房子增值慢，车子贬值，人民币垃圾资产。然后钱都放了币里面炒。

我第一次赚到的时候就这样想，毕业那会，然后很快因为18年熊市来了玩合约杠杆全亏完了。
现在嘛，赚钱要知道套现，亏钱也要套现。 https://t.co/LrfBiWsfla",1,images/1838462727217709366_0.jpg,https://x.com/xiaomustock/status/1838462727217709366
1836725378733293985,2024-09-19 11:13:49,现货期货微观与庄家行为学,归档,28,7,35,43041,reef下架拉了快十倍，bond为啥不可以。等庄家看上这个玩意拉盘，我们散户是无能为力。 https://t.co/LZQT0NUEAK,2,images/1836725378733293985_0.jpg;images/1836725378733293985_1.jpg,https://x.com/xiaomustock/status/1836725378733293985
1835583780746363064,2024-09-16 07:37:31,现货期货微观与庄家行为学,⭐ 精选,125,11,110,77196,"真把韭菜玩死了，本来很多人最开始支持小写neiro，然后币安上一个大写合约，然后韭菜含泪扔了小写跑去支持大写。
现在币安又来支持小写现货，同一个名字俩个币同一个交易所😂一个名字的币韭菜被割俩次
这种骚操作币圈哪一个交易所都没这么干过。
现在现货名字是大写，实际上是小写。 https://t.co/BQOQNpYpDo",1,images/1835583780746363064_0.jpg,https://x.com/xiaomustock/status/1835583780746363064
1835581440320524573,2024-09-16 07:28:13,现货期货微观与庄家行为学,归档,16,0,21,23368,上币公告里手机app版也不给个合约地址，很多人鬼知道哪个neiro上币安，有人说小写充值的没记录,0,,https://x.com/xiaomustock/status/1835581440320524573
1835576315258482867,2024-09-16 07:07:51,现货期货微观与庄家行为学,归档,24,0,31,25409,"如果小写上个合约，名字怎么写。
小写的现货名字是大写，合约大写没有现货跟现货的小写同名。
小写现货的大写名字对应的合约名字是小写？",0,,https://x.com/xiaomustock/status/1835576315258482867
1834827558128320844,2024-09-14 05:32:33,现货期货微观与庄家行为学,归档,0,0,1,304,@chenling9024 never give up，never。别搞合约，想办法继续生活。,0,,https://x.com/xiaomustock/status/1834827558128320844
1832847470122168487,2024-09-08 18:24:24,现货期货微观与庄家行为学,归档,84,9,37,112065,赚不到钱就离开吧，别赌合约了，没啥好结局。赚还是亏交易所不在乎，只等你上头一次一波全带走，里外都没钱了的话你的人生直接崩盘。 https://t.co/Z5Bdwi1Vxk,1,images/1832847470122168487_0.jpg,https://x.com/xiaomustock/status/1832847470122168487
1826618422631039218,2024-08-22 13:52:23,现货期货微观与庄家行为学,归档,110,3,83,126318,"现在各个交易所弄的50倍100倍的合约意义是啥，这还是投资么…….
我算了一下从开仓到爆仓，75倍合约用了42秒归零。
亏损53.8%没收所有本金。
这种杠杆的意义就是披着加密外表的内幕赌场。",0,,https://x.com/xiaomustock/status/1826618422631039218
1826544805167727037,2024-08-22 08:59:51,现货期货微观与庄家行为学,归档,11,2,10,17167,我等会测试一下，开个10u的75倍合约测试一下，看这种波动率多少秒归零😂,0,,https://x.com/xiaomustock/status/1826544805167727037
1826160564210663450,2024-08-21 07:33:01,现货期货微观与庄家行为学,⭐ 精选,77,10,36,125449,"老币换合约置换新币的真相：
1.老币项目方把币卖完了，只剩下个推特和官网是自己的。涨跌项目方都没钱赚。
2.项目方弄新币，给自己预留份额，重新拥有筹码，可以继续卖钱。
3.下一轮行情可能见到换俩次合约的项目方😂
4.这些玩意换币那一段时间还都能涨，跟当时那个炼油币mc一样。",0,,https://x.com/xiaomustock/status/1826160564210663450
1823665235527655726,2024-08-14 10:17:28,现货期货微观与庄家行为学,归档,18,4,30,54441,"外加很重要一点，刚涨上来跟

价格快速拉升促使空军提前止盈或者止损买入平仓离场。
因为赌狗多，一堆十倍20倍杠杆的，这一回十几个点足够他们爆仓献祭拉盘。 https://t.co/6ory7MnYcf",1,images/1823665235527655726_0.jpg,https://x.com/xiaomustock/status/1823665235527655726
1822887037751738776,2024-08-12 06:45:12,现货期货微观与庄家行为学,归档,29,4,12,26923,韭菜大火收汁，合约用户生存周期只有30天，然后就没然后了,0,,https://x.com/xiaomustock/status/1822887037751738776
1820662780845830314,2024-08-06 03:26:47,现货期货微观与庄家行为学,归档,64,1,18,46840,这么大的波动率，其实不碰合约纯现货也够赚了，活的久一点。,0,,https://x.com/xiaomustock/status/1820662780845830314
1820396603221606679,2024-08-05 09:49:06,现货期货微观与庄家行为学,归档,55,3,17,233692,潇洒的秘诀就是少玩合约 https://t.co/R3CLxl5Nvk,1,images/1820396603221606679_0.jpg,https://x.com/xiaomustock/status/1820396603221606679
1820306468845068414,2024-08-05 03:50:56,现货期货微观与庄家行为学,归档,14,1,16,128598,不带合约的话，eth2330这价格百分百送钱。行情波动剧烈，合约容易被带走，现货可以猛冲。,0,,https://x.com/xiaomustock/status/1820306468845068414
1816776105640288319,2024-07-26 10:02:32,现货期货微观与庄家行为学,归档,16,1,17,37530,"用朋友的话说：期权这玩意，反正所有写期权书的人，都破产了
以后得把持住自己了，这玩意真的是堪比合约。不能瞎搞了。",0,,https://x.com/xiaomustock/status/1816776105640288319
1814096515469864960,2024-07-19 00:34:48,现货期货微观与庄家行为学,归档,80,10,38,106163,今天排行榜前五都有一个共同特征，低市值小于1.5亿，全流通，多平台有现货有合约。以后说不定又回到熟悉的模式炒了 https://t.co/lon6kv10g0,1,images/1814096515469864960_0.jpg,https://x.com/xiaomustock/status/1814096515469864960
1813237446399979672,2024-07-16 15:41:10,现货期货微观与庄家行为学,归档,80,5,37,140443,wld的解锁延期俩年了，一大堆做空的排队被爆，庄家太狠了，估计要被拉到3刀多。 https://t.co/j17hs1ocWy,1,images/1813237446399979672_0.jpg,https://x.com/xiaomustock/status/1813237446399979672
1805181785224945973,2024-06-24 10:10:50,现货期货微观与庄家行为学,归档,16,0,16,23445,没有合约没有山寨太轻松了，还是现货香。顶多大亏但亏不干净。 https://t.co/b2BMGJhROT,1,images/1805181785224945973_0.jpg,https://x.com/xiaomustock/status/1805181785224945973
1804822237876547928,2024-06-23 10:22:08,现货期货微观与庄家行为学,⭐ 精选,122,4,76,143067,行情不好，卖6u买饭吃，如果是在爆仓边缘，爆成负债累累，肯定是一部分人的写照，下辈子别赌合约了，谁喊你玩合约直接拉黑他。 https://t.co/kvpXzjLYvf,2,images/1804822237876547928_0.jpg;images/1804822237876547928_1.jpg,https://x.com/xiaomustock/status/1804822237876547928
1804532395175268617,2024-06-22 15:10:24,现货期货微观与庄家行为学,归档,82,12,40,143412,"币安没有rats现货，不知道他的合约在交易什么，用数据盘把rats从6亿美金砸到了几千万美金。rats一个只被币安上了合约无限做空的代币。

币安有合约没现货得通通买入，送空军归零。",0,,https://x.com/xiaomustock/status/1804532395175268617
1804142050990002596,2024-06-21 13:19:18,现货期货微观与庄家行为学,⭐ 精选,197,20,144,133844,真能狡辩，流动性全流你们那里了能一样么，还是无底线的批量制造，即使用户大部分反对。明面上的筹码一年后砸盘，背地里的老鼠筹码开盘就砸。还有一堆做市商卖出去的筹码🐶 https://t.co/6jRfI4gfVA,2,images/1804142050990002596_0.jpg;images/1804142050990002596_1.jpg,https://x.com/xiaomustock/status/1804142050990002596
1802904365768036485,2024-06-18 03:21:11,现货期货微观与庄家行为学,⭐ 精选,526,109,220,405666,"币安这套打法很难被突破。
币安联合自己派系的机构和项目方一起组局炮制新币收割，自己以投资人入局拿筹码。
再分一部分筹码给bnb大户形成利益共同体。
上币前送免费额度给大大小小的kol负责宣传。
一旦出现不利于币安的舆论方向，受益于新币发工资一样养活的bnb大户和kol就会集体出动，扭转舆论风向。

要么出现一个新的有领导力的技术大牛自带流量建一个新交易，免手续费，交易和挂单挖矿挖平台币挖个一年。
否则这一切很难变了，完全没有破局之人，现在散户都是猪仔，谁让人家垄断，交易量和用户基数最多，只能处于被收割状态。",1,images/1802904365768036485_0.jpg,https://x.com/xiaomustock/status/1802904365768036485
1792044141360365600,2024-05-19 04:06:32,现货期货微观与庄家行为学,⭐ 精选,45,4,11,31758,"摘自朋友圈：
下跌趋势，15%首付买房子什么概念？意味着你需要本金开6.6倍杠杆去买房子。房价下跌超过15%你就穿仓了，穿仓大概率还不能平价止损，不一定有对手盘流动性给你平仓。后续亏损状态你需要一直付融资利息，一直付到你付不起以后强制破产，穿仓部分变成固定债务。然而这些从一开始用买房会产生的一小部分融资利息，就可以解决租房问题了。毕竟生老病死、人什么也带不走的，而且还是70年产权。顺其自然，有钱买着玩就买，过于艰难就不要碰了。",1,images/1792044141360365600_0.jpg,https://x.com/xiaomustock/status/1792044141360365600
1781160323376144624,2024-04-19 03:18:08,现货期货微观与庄家行为学,⭐ 精选,135,18,47,110438,"很多人觉得以色列每天铁穹防御系统花废数亿美元很耗钱。
但是有没有一种可能，以色列之所以把中东这些邻居都打了，他们个顶个的都是产油大国，会不会以色列很早就一直在做多原油。

每天花出去的钱，跟金融市场的收益比起来，九牛一毛。之所以没有立马袭击伊朗，说不定就是用多个交易日在加杠杆做多石油，建仓完毕，然后才对伊朗今天下手袭击。

犹太人控制着多个国家的金融系统，他们对中东这些国家真是降维打击，用战争以外的策略早就把战争损失无数倍的赚回来了。",1,images/1781160323376144624_0.jpg,https://x.com/xiaomustock/status/1781160323376144624
1780094382944997696,2024-04-16 04:42:28,现货期货微观与庄家行为学,⭐ 精选,39,13,8,62503,"没法评价买卖交易的对错和交易品种的选择，因为我也天天错天天亏，但是风险控制是始终通用的，优先于下手交易之前，唯一能保证自己永久生存在这个市场上。
1.一万美金以内小额资金的话完全现货或者至少要保证现货永远大于合约仓位，如果合约仓位收益变得大于现货仓位，也要及时增加现货仓位，努力降低合约仓位。

一旦资金大于10万美金，现货仓位就要逐步占到9成，合约要永远低于1成，或者纯现货。
直到资金增长到百万美金可以完全现货，或者5%比例以内的合约。

然后一条人生信条也是我的风险策略：永远不做空，即使看空都不做空，即使看似趋势向下，宁可清仓啥都不做。",1,images/1780094382944997696_0.jpg,https://x.com/xiaomustock/status/1780094382944997696
1772500329336365378,2024-03-26 05:46:24,现货期货微观与庄家行为学,⭐ 精选,320,29,126,176397,"买币得看人品，就像孙割，明知孙割啥jb样，天天跟他一起玩的人也绝对不是啥好鸟，定点插针爆大户，超卖空气，给用户资产➕p，天天拿着用户的钱到处白嫖…..跟随孙割的还是数不清在火币玩的依然不少，发的币依然有人买。

薛蛮子每次缺嫖资就发币，每次都有人冲😂
夏雪宜在ok链瞎几把发币也是一堆人冲，被喷着退网了现在出来有一堆人信。
vt这种骗子换个了马甲我估计以后他再割韭菜还有一堆人抢着送.
傻逼真的太多了太多了……..

规避风险除了代码合约风险外，人也是最大的风险。",1,images/1772500329336365378_0.jpg,https://x.com/xiaomustock/status/1772500329336365378
1770496833984593994,2024-03-20 17:05:14,现货期货微观与庄家行为学,归档,9,1,7,34027,金额太大了….我又不敢套保，怕套不住爆仓亏更多…..不喜欢做空，也从来不做空。,0,,https://x.com/xiaomustock/status/1770496833984593994
1753286673646112868,2024-02-02 05:18:12,现货期货微观与庄家行为学,⭐ 精选,183,56,36,154551,"今天把这个我去年写的拿出来，有些如果只上合约不上现货如果流通市值很小的话，操作起来就是暴利，最近币安上的合约币多，应该有利可图，从合约角度去揣测狗庄，去交易现货。

加一句：市值可能比较宽泛，没有定式，按照热度来，热度高的可以给的买入市值大一些，热度差劲的就追求极低市值带来的性价比。",0,,https://x.com/xiaomustock/status/1753286673646112868
1751532485190779136,2024-01-28 09:07:41,现货期货微观与庄家行为学,⭐ 精选,396,64,117,313542,"1万刀到十万刀这个阶段，一旦行情不好或者行情太好，你会尝试搞合约做空，死在半道上。因为他们看到了希望想获得更大的成功，又不想浪费下跌行情，认定了自己就是交易天才，或者认定某个大v给指出的比特币方向就是100%发生的真理去操作合约，然后万万没想到事不如人愿插针或者反向拉盘，一觉醒来接近爆仓，你依然坚信自己认定的方向就是对的，继续追加保证金，直到自己把所有现货账户里面的u都划转到了u本位合约账户，才发现自己已经没有退路了，自己只需要扛住这最艰难的一段行情，绝对所有亏损都会回来的。你现在已经没有想着赚钱，只希望自己能回本，看着合约单子-266%的收益率，你连睡觉都睡不着的，隔几分钟就要看一下账户，生怕自己就爆仓了，紧张的你只想再抽根烟喝口水，平复内心的焦虑，后背紧绷。就这么在你爆仓价10%附近来回摩擦折磨了你几个晚上，你觉得曙光快来了。眼神迷离，这天你刚睡醒，打开账户看着还好，没爆，起身撒了泡尿，洗了把脸，你生怕单子真爆了，洗脸之余还不忘再看一眼，还好还好，没有。在关上卫生间门的那一刻，兜里的手机震了三下，你慌张的赶紧打开手机，屏幕上是三个短信，俩个提示你追加保证金，一个是爆仓提示，大脑🧠发懵，你还是不敢相信，不甘心打开了那个让你整夜整夜睡不着的app，没了，合约界面没有持仓订单，白色的，不想接受这个现实，你用手拍打着脑袋抓了一下头发，切换到总资产，0.3u…….

你抽了一根烟，又刷了一下app，0.3u…..

打开了借呗，才想起来哪里还有额度可以借，网商贷也没额度，切到了微信又去看了一下微粒贷，提示还有1万五千的额度，你不甘心，申请了一下，提示本产品暂不能为您服务。

一想到这个月要还的各种贷款2万六，自己一个月工资七千块，你低下脸找好朋友和哥哥姐姐问了一圈，你不敢说你炒币，只是给他们说，你装修，差个几万块钱，顺利的借到了3万块，你想着还完这个钱还是身无分文，又冲进去。

看着账户的5000u，原本是10倍合约，如果快速把亏掉的钱都拿回来，你直接开了20倍，觉得现在绝对绝对的顶了，不会再涨了，开完单子，你在群里假装淡定的聊着天。

突然一条推特弹窗，贝莱德今日再次加仓了2万枚btc，你立马切换到app只看到了一根接近4%的大阳线，同时手机再次连续震动了三下，你知道，来不及了，一切都晚了，一切都完了…..

无数催债短信，各种贷款平台电话轰炸，来自父母的询问，你是不是欠了一堆钱……

悔恨，自责……你像个懒赌鬼一样，翻找着所有曾经用过的账户，地址，看看有没有遗漏的资金，翻找着银行卡看看还剩下多少钱。开始对身边人编瞎话，开始欺骗………..

群里不再有你活跃的身影，原本一天能说八百句的你，再也没有出现过，更没有对接下来的行情评头论足，他们甚至以为你买哪个币发了，不炒币了，嗯，你确实不炒币了……也没钱再炒。

几年过后，一轮牛熊，你在外面终于喘了口气，债务解决了七七八八，但是还是对币圈的亏损充满执念，依然坚信这是唯一可以翻身的地方，“我失去的东西我一定要拿回来！”你，又来了…..带着过去亏损的教训，重新接受这个市场的洗礼！谨小慎微，几经磨难，重新站上了10万美金！你又变回了那个充满自信的炒币男孩，但始终对合约产生了挥之不去的恐惧，敬畏！",0,,https://x.com/xiaomustock/status/1751532485190779136
1750481700218720523,2024-01-25 11:32:14,现货期货微观与庄家行为学,归档,72,7,42,218223,本想等币安发上alt合约公告拉盘再走，万万没想到发了也不拉盘刚刚，所以直接0.31走了，20%收益还不错，撸了10万u😄 https://t.co/6qAjIxj7Lw,2,images/1750481700218720523_0.jpg;images/1750481700218720523_1.jpg,https://x.com/xiaomustock/status/1750481700218720523
1737728007194968443,2023-12-21 06:53:36,现货期货微观与庄家行为学,⭐ 精选,538,57,302,544785,录屏验证一下，500u到95万u，从9.04号开始到今天12.21日结束，现货和杠杆的比例在6成以上现货，4成以下杠杆，资金做大以后基本上杠杆的比例非常低，1/10，或者纯现货。不鼓励任何人上杠杆，因为你们把握不住，我也一样，合约这玩意害人，我大号从来都是现货。这个小号不做了，也不再发相关的了，可以俩个视频对照看，id都没变。我们下一个500u再见👋,1,images/1737728007194968443_0.jpg,https://x.com/xiaomustock/status/1737728007194968443
1733324898666504586,2023-12-09 03:17:14,现货期货微观与庄家行为学,⭐ 精选,140,20,58,370046,"按照之前预测，这一段不会回调
，一路小步走到5.3万刀，现在才4.4万刀还能拉一万刀，然后回调个大的到4万左右稍稍跌破4万去个3.5附近可能3.7，把开杠杆的都搞死，然后一路爆拉冲7破10真的超级大牛市不停歇。

（我要是庄家4.4回调就是给空狗活命的机会，接下来不可能回调，前面3.7附近刚给空军培养成来回波段的习惯，涨了就空跌了就多，现在空军肯定都在扛单，跌了不就让他们跑了么，必须先干到前高附近5.2左右搞死他们，再跌）",1,images/1733324898666504586_0.jpg,https://x.com/xiaomustock/status/1733324898666504586
1729488313554440552,2023-11-28 13:12:00,现货期货微观与庄家行为学,⭐ 精选,199,8,31,180532,"明天写一篇，关于币安内的代币持续拉盘，在上合约之际怎么操作的小作文。

因为最近币安给山寨币上合约比较频繁，所以相对实用，日常交易能用得上。整一些参考案例，佐证。
有啥想看的可以点赞👍留言，我后面写写。",0,,https://x.com/xiaomustock/status/1729488313554440552
1726422475054203375,2023-11-20 02:09:28,现货期货微观与庄家行为学,归档,42,7,24,93453,"买了祖传5万u的strax，目标1.3
1.币安还没有跟随发拆分公告，跟随发了必涨。
2. 官推宣布了12月拆分 投票通过，距现在时间不长不短适合进入狗庄的拉盘周期。 https://t.co/DO8YTDnFpo",1,images/1726422475054203375_0.jpg,https://x.com/xiaomustock/status/1726422475054203375
1723545424185987500,2023-11-12 03:37:05,现货期货微观与庄家行为学,⭐ 精选,869,244,146,432541,"暴涨数倍的币，包括gas，开始暴跌后怎么抄底可以赚到钱？那就是得按照最高价的25%以下再考虑抄底，29.9*0.25=7.4刀以下。
（明天写这个在eth和比特币上怎么用）

目前观测的情况是这个比例在韩国棒子upbit操盘过的币当中比较实用，loom，hifi，ygg这三个暴涨数倍，抄底位置就是近似于于25%或者更小一些更加安全。

loom
最高价：0.5，最低价0.1，最高价的20%，反弹高点0.16，收益60%

hifi
最高价：2.63，最低价0.48，最高价的18%，反弹高点1.34，收益179%

ygg
最高价：1u，最低价0.1812，最高价的18.12%，反弹高点0.438，收益率141%

ordi（以ok计算）
最高价：开盘均价14u，最低点2.82，最高价的29%，反弹高点目前22.7，收益率700%

polyx
最高价：0.431， 
最低价预计20%：0.086

gas
最高价29.9
最低价预计20%：5.98

基本上最低价是最高价的20%。
但是抄底：我们可以选择从最低价反弹到最高价的25%附近可以认为反弹行情开始，不然就依然是下跌中继，还有继续下跌的可能性。

也就是对gas而言，先跌到5.98附近，然后反弹到7刀附近可以认为是反弹行情开始。没有到7附近，那就依然是下跌中继还是会跌。

原理就是从庄家思维和散户心理出发，基本上绝大多数散户都喜欢腰斩跌一半去抄底，在真正从最高价往下跌的这一段对手盘反而是相对真空的，因为空军在庄家数倍爆拉的过程中基本上已经杀完了，很少敢有人继续参与，敢参与的人骨灰上已经长了三米高的坟头草。

但是庄家想赚钱，并且想脱身立场，必须制造出大量的对手盘，他才有得赚。
最正确的做法就是趁热度，散户没有遗忘这个代币的时候迅速砸盘，砸到散户上车的心理价，然后横盘停留让散户上车。
最好期间在腰斩价50%附近多来几次非常小幅度的拉盘砸盘，这样的非常小幅度砸盘不足以吓跑散户，同时非常小幅度的拉盘又不足以让散户获利走人，同时还能接更多散户上车接盘来做庄家对手盘。

等对手盘累计差不多以后，可能停留不超过24小时，车上满人以后，就会继续砸盘，直到新上车的散户继续被腰斩。当他们割肉的时候就是庄家的顶部空单买入平多的时候。

所以最高价的腰斩价横盘对庄家很重要，他必须要像妓女一样勾引到足够多的嫖客，才能保证自己在接下来的平空买入操作中安全下车，保证自己的收益最大化。
这一切正如我们看到的gas，28爆砸到14刀附近，昨天横盘一天等别人抄底，今天继续下砸到9刀以下，等待这些人割肉。

要时刻记住的一点，庄家现在手里拿的是大量的筹码和大量的空单，大额空单想走必须要有大量的对手盘卖出，然后自己空单买入平仓，这样币价的波动才最小。这是最值得思考的一部分。

这个仅是从近期几个月统计学的角度总结一下是这样子操作，扩大时间范围后可能不具有适用性。同时在排放币中也不太适用，gas是排放币所以预测可能不准确。（底部插针数据不算）

明天写在比特币和eth上这种更加细化的统计学预测，是不是一样有效？我们明天继续写。

码字不容易，希望对您的交易有帮助，有用的留言：有用
能点赞收藏就是对我最大的鼓励🤚",4,images/1723545424185987500_0.jpg;images/1723545424185987500_1.jpg;images/1723545424185987500_2.jpg;images/1723545424185987500_3.jpg,https://x.com/xiaomustock/status/1723545424185987500
1723512106308559139,2023-11-12 01:24:42,现货期货微观与庄家行为学,归档,131,32,22,70943,还是写小作文吧，这类暴涨数倍的币，抄底有个数字大部分情况非常有效，25%，就是指行情最高价的25%抄底，千万别在50%抄底很多人会选择这样干，基本上都会死翘翘，庄家吃的就是50%腰斩抄底的人，会让他们再腰斩一次。等会具体写,0,,https://x.com/xiaomustock/status/1723512106308559139
1723398252924719400,2023-11-11 17:52:17,现货期货微观与庄家行为学,归档,37,1,29,46021,"祖传5万u 买了cyber，这次是真睡了

棒子前期操盘爆拉过的币砸过来之后就cyber没拉盘了，一直在6.5左右横盘，今天刚动我追了一把 https://t.co/mLNBZlHkX7",1,images/1723398252924719400_0.jpg,https://x.com/xiaomustock/status/1723398252924719400
1723262937895440473,2023-11-11 08:54:35,现货期货微观与庄家行为学,⭐ 精选,833,617,199,414826,"明天写下一集，gas，loom，hifi，trb，ygg这种暴涨数倍以后，鱼尾行情结束暴跌后，怎么现货操作依然还能赚到钱，给你们搬案例分析一下。

想看的留言：想看",0,,https://x.com/xiaomustock/status/1723262937895440473
1723226048706531640,2023-11-11 06:28:00,现货期货微观与庄家行为学,归档,11,1,4,16582,@weilin58259960 好言难劝该死的鬼，他们自己吃到苦头才会觉得咱们说的对，钱都在合约里早晚爆干净。,0,,https://x.com/xiaomustock/status/1723226048706531640
1723203548186624413,2023-11-11 04:58:36,现货期货微观与庄家行为学,⭐ 精选,2580,806,280,1031879,"我们从期货和现货价格的变化上来分析庄家是否在平多建空单，准备砸盘结束。还是以庄家的角度来思考。

庄家平多和建空单都是卖出动作，但是庄家的体量多单和空单的体量肯定异常庞大，如果持单量不够，拉盘就有概率发生亏损，倒金字塔在崩盘的时候不一定会有很多人接他的筹码。

既然他的单量异常庞大，那么在持仓数据和期货价格上就会产生俩个异常明显的变化，还有一个链上辅助变化作为补充。

1.合约持仓量先骤降再反升，因为这是一个平掉多单，开新空单的过程。

2.因为平多和建空单都是卖出操作，庄家想完美把这么大体量的单子平掉，同时开出空单，唯一能做到这件事情的手法就是继续疯狂拉现货，促使散户看到巨大的价格差继续买入期货给自己提供期货卖空的买盘，来使得自己的空单建仓能顺利完成。正如昨天的gas，然后自己疯狂在期货里面疯狂卖出平多。这一段币价拉升机会产生巨额的价格差，可能30%以上，之前ygg在这种阶段价格差达到了50%，polyx40%，loom30%。

这期间会产生一个非常有意思的价格变化，我在loom和polyx上观察到过，loom当天现货价格（10.15号21:00时段）拉到了0.5最高。期货价格此时段0.41，紧接着期货价格在一小时内砸到了0.2796，期货到了0.366，如果用1分钟线看这个时段的变化更加有意思，有兴趣的朋友可以翻着k线对比。这其中绝对涵盖了天量的平多和建空单，散户的买盘和做市商的单量支撑不了庄家如此短时间的单量，自然会造成巨大的期现差价。

紧接着几小时loom期货价格居然追平了现货价格。现货从0.36仅涨了10%到了0.4，期货价格居然从0.29拉到了0.3866，这绝对是最血腥的操盘。即使很多玩家从期现巨大的差价预判对了庄家应该是建空了或者loom价格应该涨到头了来参与做空，那这个临死前的反抽还是能把这里的聪明资金杀死。

巨大期现差产生后，币价临死前的反抽杀空单这个同样发生在了hifi和polyx上面，可能幅度没有这么夸张，但依然足以致命。hifi在合约上线当天价格基本上已经到达了峰值，期货价格不断下跌，现货居然纹丝不动，庄家用少量的钱就能拖住现货，来砸盘期货让散户看到差价后觉得在资金费率上和价格差上都有利可图，好给庄家提供对收盘，完成建仓操作。hifi在几个小时内期货价格从2.6刀砸到了1.3刀，期间现货价格依然是2刀，聪明资金肯定判断出来这是鱼尾了，但依然在接下来的五个小时被绝杀，期货价格反抽到了2刀跟现货价格打平杀死了这波聪明资金，紧接着也是跟loom一样才开启真正的暴跌。polyx也一样，你们感兴趣可以自己翻阅k线。

同样一幕发生在了昨晚的gas身上，感兴趣的可以翻k线研究研究。

3.第三点作为辅助，就是链上动作的变化，可能会对trb真正行情结束的判断有所帮助。trb是一直往币安外部提币造成币价稀缺拉升，loom当时也是一样。但这些操作在庄家砸盘之前都会发生停止。

接下来我们思考，如果庄家每次买的筹码都提走了，在不把筹码充值回交易所的情况下，如何砸盘呢？

首先链上肯定会被无数人监控，你一旦转入交易所，散户的动作会比你更快，这绝对不是庄家愿意看到的，你这是赚我的钱怎么能比我提前操作呢？

那么作为庄家，最正确的操作就是准备砸盘前的几天或者十几个小时，会停止往交易所外提币，同时期间大幅拉升收集用来砸盘的筹码，甚至可以这样，庄家买100万美金币，只提出去10万，来迷惑散户。外部特征就是我们散户可以看见的变化就是价格依然在不断拉升而且速度快过了以往任何时候，但是链上动作却很少。这是散户死亡前最后的晚餐。

简单说就是币价涨幅最快的时候链上动作反而消失或者很小，也可以作为辅助来判断是否是鱼尾行情出现，崩盘是否即将开始。

当然，最终解释权还是在庄家手里，它永远可以选择不结束拉盘，如果庄家资金量足够庞大的话，或者操作的过程盈利非常充沛。在加密市场永远别做空，以上希望能对您的现货卖出止盈操作有所帮助，不希望用在合约交易上。🤚🤚🤚🤚
码字不容易，希望来点点赞收藏",4,images/1723203548186624413_0.jpg;images/1723203548186624413_1.jpg;images/1723203548186624413_2.jpg;images/1723203548186624413_3.jpg,https://x.com/xiaomustock/status/1723203548186624413
1723028664504422723,2023-11-10 17:23:40,现货期货微观与庄家行为学,⭐ 精选,462,40,584,585420,"今天写一篇关于，trb，gas，loom，ygg，polyx，hifi这些数倍爆拉的币，如何预判鱼尾出现行情结束，
从行情结束前的一些期货现货价格上的特征变化，做一个分析总结,以前写过一篇费率角度的，现在韭菜都被拉服了，做空的人少了不太适用了。

想看的留言：想看

不一定适用全部，但希望对您的日常交易有所帮助，给老表点动力，观察了很长时间总结的。",0,,https://x.com/xiaomustock/status/1723028664504422723
1722486099321425988,2023-11-09 05:27:42,现货期货微观与庄家行为学,⭐ 精选,82,3,66,113582,"重仓的只能暗示，现在流量太大了，啥都盯着看，我胆怯于爆漏买入记录了其实，我敢重仓的以后都只发卖出记录，
我怀疑上次重仓gas就是暴露了几十万刀的现货买入记录，被庄家砸盘砸死了。
我从3.2刀一路买到3.6刀，无奈被砸到2.9刀割肉走了。这个对我交易的心态影响太大了，每次重仓把我一直以来用的强买入策略砸盘砸的搞到我怀疑人生了，直到被砸到2.9我真心是很无奈的割肉走了。

重新翻了一遍那天的所有gas买卖记录

10月24号那天，币安一个号的现货买了7.6万个gas，
另外一个号买了1.8万个gas
ok现货买了1万个gas，合约10万个gas
总共3.3的均价20万个gas，现货和合约各10万个，现在18刀，总共踏空了15刀一个，踏空300万美金，15天时间。🌚😭

但是我在车上肯定也不会这么拉，即使拉了我也肯定拿不住。",4,images/1722486099321425988_0.jpg;images/1722486099321425988_1.jpg;images/1722486099321425988_2.jpg;images/1722486099321425988_3.jpg,https://x.com/xiaomustock/status/1722486099321425988
1721384700000764043,2023-11-06 04:31:08,现货期货微观与庄家行为学,⭐ 精选,103,22,18,42916,这个再推荐一下，这个是针对单币种，同时对应到仓位里所有币种依然要严格这样配，保持现货仓位始终大于杠杆仓位，永远不要越界，同时资金体量越大杠杆的占比就要越低，直到纯现货，或者变成可有可无的娱乐仓位。炒币赚钱不是第一位的，安全和保证自己能活下去排第一，然后再想着赚钱,0,,https://x.com/xiaomustock/status/1721384700000764043
1721211723473154549,2023-11-05 17:03:48,现货期货微观与庄家行为学,⭐ 精选,989,224,84,297031,"还有一个 简单实用活的久赚的猛的仓位小策略 ，我500u小号赚十几万美金就这么控制着来的，从不犯规。大牛市必须上杠杆，但是：
1.小资金现货6成，杠杆4成（5/10倍杠杆）资金500-5万美金适用。
2.大一点资金：现货8成，杠杆2成（5/10倍杠杆）资金5-10万u适用
3.大资金：现货9成，杠杆0.5-1成（5/10杠杆） 资金10万以上适用

同时，杠杆赚钱涨幅10%建议减一半杠杆，再往上看情况持有或者清仓，给现货留更大的亏损空间。

这是我平时每天都在用的，我自己同时操作着八九个账户，每个资金量都大不相同，仓位杠杆方法策略配比上也会有些差别，很受用，也对我帮助很大。

这样能保证高收益的同时，又能让自己永远不下牌桌。

另外赚钱记得提现，生活上有债务的赚钱的时候立马还掉，至少赚的30%资金提现。永远不知道你哪一天上头或者遇到黑天鹅失去所有，不赚钱套现再失去的时候就成镜中月水中花，甚至有债务还会把你逼向绝境。

如果觉得值得收藏，或者对你有帮助，希望能帮老表点赞加个标签🤚😀
总结不易。",0,,https://x.com/xiaomustock/status/1721211723473154549
1720991380783423855,2023-11-05 02:28:14,现货期货微观与庄家行为学,⭐ 精选,304,97,52,258523,"最牛逼的币一定能出现在涨幅榜前三，而且会持续出现。牛市想发财盯着涨幅榜就ok，

但要配合

现货交易量能，合约持仓量

这俩个参数去看，现货交易量最少最少一定要占个25%的流通市值。即使不管合约持仓量占市值比例的话，合约持仓量最好是只涨不降。最完美还是要合约持仓量接近流通市值或者超越流通市值，这种强币就可以追，在费率没有拉满之前。拉满之后可以跑也可以按照自己的经验去决定什么时候跑更好。",0,,https://x.com/xiaomustock/status/1720991380783423855
1720062828298862866,2023-11-02 12:58:30,现货期货微观与庄家行为学,归档,23,3,19,54280,"盘一波cake逻辑
现在按照1.6u算
极限亏损位置1.3u，20%亏损
（1.3附近长期数月横盘很扎实）
盈利位置可能在3u，100%利润
盈亏比5

如果是胆子大的交易者，依然可以买进，因为盈亏比实际上很爽，所以如果cake拉盘，目标价重置到3u一个，至少2.7u
至于我有没有，这个不在你们的可视范围之内😂 https://t.co/v1PJYPkIHj",2,images/1720062828298862866_0.jpg;images/1720062828298862866_1.jpg,https://x.com/xiaomustock/status/1720062828298862866
1717766029949214953,2023-10-27 04:51:50,现货期货微观与庄家行为学,归档,41,0,49,59672,有人造谣黑我，来看看，现货我买了十几万刀，交割记录也纹丝不动，我现货把你妈砸死了是不是，我手里这是啥，砸了没，狗日的，张嘴就来，还打码编段子，傻逼儿子，有本事录频发出来看看哪个狗日的说“我已经安排抬轿子”，你能录频证明说这句话的是我，那我是狗日的，你他妈是好人，不是的话你全家都是狗日出来的,4,images/1717766029949214953_0.jpg;images/1717766029949214953_1.jpg;images/1717766029949214953_2.jpg;images/1717766029949214953_3.jpg,https://x.com/xiaomustock/status/1717766029949214953
1708407070033317913,2023-10-01 09:02:40,现货期货微观与庄家行为学,⭐ 精选,104,24,19,49647,"接下来可能俩个交易机会。
1.低于四千万流通市值的带合约小山寨
理由：基本上以前全是一千多万俩千多万市值都被拉到了4千万上方，数量很有限，庄家选择面越来越窄。
2.币安发的调整4小时结算，3%费率的山寨，适合庄家长期控盘吃费率学trb。",0,,https://x.com/xiaomustock/status/1708407070033317913
1708235418037297416,2023-09-30 21:40:35,现货期货微观与庄家行为学,⭐ 精选,45,15,21,44789,"好朋友前几天总结的市值排名，3%费率，4小时结算对庄家诱惑很大，一天就是18%，ygg？perp？unfi？flm？stmx？amb？blz？哪一个会跑出来成为下一个trb。

以后会减少发推，专心交易，今天的ogn值得研究复盘

倒时差睡不着🤚 https://t.co/WwZFtIji3n",1,images/1708235418037297416_0.jpg,https://x.com/xiaomustock/status/1708235418037297416
1707340381732601859,2023-09-28 10:24:02,现货期货微观与庄家行为学,归档,36,6,17,69275,活跃的币费率上下限更新为3% https://t.co/JHfzEna24c,2,images/1707340381732601859_0.jpg;images/1707340381732601859_1.jpg,https://x.com/xiaomustock/status/1707340381732601859
1706806511060611412,2023-09-26 23:02:37,现货期货微观与庄家行为学,归档,21,0,27,25826,front费率还是正，说明了什么，你们思考一下 https://t.co/fQTJLEB3Yd,2,images/1706806511060611412_0.jpg;images/1706806511060611412_1.jpg,https://x.com/xiaomustock/status/1706806511060611412
1706767073114734800,2023-09-26 20:25:55,现货期货微观与庄家行为学,归档,21,1,8,21433,amb的量目前看了一圈是最夸张的，十倍市值，现货量跟市值一样，合约持仓也接近市值了 https://t.co/HIXzE10lWm,3,images/1706767073114734800_0.jpg;images/1706767073114734800_1.jpg;images/1706767073114734800_2.jpg,https://x.com/xiaomustock/status/1706767073114734800
1706740584440910098,2023-09-26 18:40:39,现货期货微观与庄家行为学,归档,18,2,7,19517,合约持仓量，费率上看front都长的很健康，很符合条件，不过我大号还是喜欢保守一些，剩5万u的front继续拿着 https://t.co/AmeztXqJJ0,2,images/1706740584440910098_0.jpg;images/1706740584440910098_1.jpg,https://x.com/xiaomustock/status/1706740584440910098
1706713151062884492,2023-09-26 16:51:39,现货期货微观与庄家行为学,归档,20,1,9,8430,做交易买卖币别信任何人，理论上所有人互相之间都是对手盘，包括我和任何人，或者whoever和我，除非他是你的好朋友可以跟你同步操作 https://t.co/LJwE2qUwlZ,1,images/1706713151062884492_0.jpg,https://x.com/xiaomustock/status/1706713151062884492
1706310908245385680,2023-09-25 14:13:16,现货期货微观与庄家行为学,归档,41,2,30,53910,front的交易量和市值比值好大，三千万市值，合约三个亿交易量，现货4900万交易量 https://t.co/YqaMlrLgmV,2,images/1706310908245385680_0.jpg;images/1706310908245385680_1.jpg,https://x.com/xiaomustock/status/1706310908245385680
1706017576562704426,2023-09-24 18:47:41,现货期货微观与庄家行为学,归档,19,0,19,20092,搞5万u的amb现货，合约持仓貌似这一会多了一百万美金 https://t.co/mxkDLjThTE,2,images/1706017576562704426_0.jpg;images/1706017576562704426_1.jpg,https://x.com/xiaomustock/status/1706017576562704426
1702526439307006291,2023-09-15 03:35:09,现货期货微观与庄家行为学,⭐ 精选,138,37,34,59706,"今天说一个很多人偷偷摸摸在用的套利的策略思路，昨天为了规避某些事情删了特指的。如果同一个币币安费率结算时间是4小时，2小时，其他交易所是8小时，先观察俩者的期货价格比较有关联性，同涨同跌的话，那么这中间就有非常大的套利空。

如果在币安是2小时结算，其他交易所是8小时结算，那么中间会有三次币安费率结算的时候，其他交易所没有对期货进行结算。那接下来就会有俩种套利思路：

1.如果期货结算的瞬间价格瞬间下跌（往上），如果费率为负，可以选择在其他交易所的三个非结算时间，卡点前几秒入空单，结算瞬间吃下跌跌幅收益平空。

2.如果期货结算价格瞬间下跌或者波动不大，或者难以预测波动方向，如果费率为负，可以选择在币安结算费率的三个时段结算前几秒的时候开多吃费率，同时在其他交易所开空套保。

这个是很多人吃饭的碗，我今天给他们拿出来，让你们一起去吃🤣卷起，价值百万美金或者容易喜提交易所封号。

总结不易且风险巨大🤣建议点赞收藏",1,images/1702526439307006291_0.jpg,https://x.com/xiaomustock/status/1702526439307006291
1701612954679189513,2023-09-12 15:05:17,现货期货微观与庄家行为学,归档,11,1,12,12592,小号把lit现货换了一点点整了xvs https://t.co/v2mDBa6lB0,2,images/1701612954679189513_0.jpg;images/1701612954679189513_1.jpg,https://x.com/xiaomustock/status/1701612954679189513
1700514477010227208,2023-09-09 14:20:20,现货期货微观与庄家行为学,归档,57,8,38,27761,我很期待出现一个强庄币，就是合约持仓非常庞大币价却没有涨太多的那种，这种拉盘自然会有庄家来拉盘，它也不会在乎你买了现货抢了它的筹码，它是赚合约里的钱的，现货对他赚的都是小钱，一路往上不会互割。,0,,https://x.com/xiaomustock/status/1700514477010227208
1700384532896100597,2023-09-09 05:43:58,现货期货微观与庄家行为学,⭐ 精选,522,123,52,134687,"今天补充俩点强参考值，对买入条件补充，简单归纳为，
参考值1：48小时最低价到最高价涨幅低于25%，大于15%
参考值2:成交量4小时成交量增长连续，24小时成交量持续增加
买入条件：
1.涨幅榜前三，
2.费率为正或者为0，
3.现货交易量达到60%+流通市值，（60%有点苛刻，40%可能买到的成本更低，但买到大牛币的概率也会变差）
4.合约持仓量大于流通市值（强买入条件，很少出现，但出现了就是非常牛逼的币）

四个强买入条件同时发生直接干进去，

卖出条件：费率拉满或者相对很高的时候直接清出走人🤣

所有条件和参考值，同时生效同时发生的币才更强，条件越少越差劲

总结不易，多点赞💗加个书签收藏",0,,https://x.com/xiaomustock/status/1700384532896100597
1700331685584273430,2023-09-09 02:13:59,现货期货微观与庄家行为学,⭐ 精选,30,3,8,13169,cyber只要到个5.8-5.9我就跑了，如果某个币自己买的比较多，建议你们挂单的时候不要用限价挂单，应该采用止盈止损挂单，到了触发价格，直接砸盘走人，如果买的比较小额可以选择直接限价挂单比较好，省手续费。 https://t.co/HX7pW4X7Yf,1,images/1700331685584273430_0.jpg,https://x.com/xiaomustock/status/1700331685584273430
1700178187928449147,2023-09-08 16:04:02,现货期货微观与庄家行为学,⭐ 精选,174,11,118,1023427,录个视频做个公证，除了支付转了500u没有任何充值，真实有效，今日第四天1100u，慢慢从现在几千块钱熬，一直熬到这个账户到500万美金，比例的话始终4/5现货，1/5期货多，资金多了以后会降低比例。 https://t.co/2KzcWatbtV,1,images/1700178187928449147_0.jpg,https://x.com/xiaomustock/status/1700178187928449147
1700037613002887520,2023-09-08 06:45:26,现货期货微观与庄家行为学,⭐ 精选,216,46,37,69180,"再讲讲合约持仓大于或者远大于流通市值的买入原理：

庄家在拉盘之前，如果是实力非常强大的庄家，肯定要在合约里先埋入合约多单，对庄家来说越多越好，trb就是那会埋入了三倍于流通市值的多单，等多单买进去后，庄家才开始拉盘现货，所以在8.27号那天四条强买入条件居然全中，这个很少见到这种情况发生，庄家只需要很少的钱拉盘现货，在合约里他能赚到三倍于现货涨跌幅的钱，理论上它不建仓的话能一直拉盘拉下去，永动机。不过做空的人太多的时候期货价格跟不上去，那么庄家拉盘就没有收益了。基本上这时候费率也拉满了，很显然trb现在就处于这种状态，现货28u，期货22u，基本上就是trb绝对的顶部，因为庄家再拉盘的话没有任何收益了，合约不跟随了（应该是交易所不想亏钱了故意压住了合约价格）

这是合约持仓量大于流通市值作为买入条件的底层逻辑，建议收藏一下🤚👻",0,,https://x.com/xiaomustock/status/1700037613002887520
1699800764296671732,2023-09-07 15:04:17,现货期货微观与庄家行为学,⭐ 精选,326,80,48,35540,"再补充一条更强的买入条件补充，
现货交易量达到市值的60%+以上
也就是可以简单归纳为，

买入条件：
1.涨幅榜前三，
2.费率为正或者为0，
3.交易量达到60%+市值，
可以直接作为强买入条件直接干进去，

卖出条件：费率拉满或者相对很高的时候直接清出走人🤣
（重新发一遍，这个也可以直接加书签收藏，同时符合这三个逻辑直接梭哈大胆买入，绝对靠谱）",0,,https://x.com/xiaomustock/status/1699800764296671732
1699798073244090761,2023-09-07 14:53:36,现货期货微观与庄家行为学,归档,21,1,25,28343,你们4.45买的，我4.68买的，4.85我先先走了😂小号现货已清出，大号撸个2000u https://t.co/hNy4hiJaRZ,1,images/1699798073244090761_0.jpg,https://x.com/xiaomustock/status/1699798073244090761
1699745290893336656,2023-09-07 11:23:51,现货期货微观与庄家行为学,⭐ 精选,400,139,80,71925,"（给你们整理在一条推文里可以加标签收藏一下）
负费率拉满的时候是代币见顶信号，一般都是拉到所有人都来做空，然后爆掉他们仓位，庄家才能把自己的多单平掉，空单埋进去，基本上就轮到现货砸盘了。现在费率为正，还远远没到见顶的阶段，做空的太少。

负费率拉满同时伴随着期现巨大的价格差，同时也因为期现有了价格差，负费率才被拉满，但是期现的价格差又来自于做空远大于做多，压制了期货价格从而造成了期现之间产生了价格差。以perp为例子，就现在来看，远没有到负费率拉满的阶段，那就远没有到顶。以庄家角度，必须拉出对手盘才能保证自己可以安全下车，空军就是它的对手盘，不做空，相当于与庄同在。

很少有违背这个思路的特例出现，至少在带合约的山寨币中没有出现过。大道至简，用好这个思路你绝对也能赚死，它跟所有热钱追捧的币有关，离钱最近

按照这个逻辑，目前perp的费率才-0.2%，还有很大的上升空间，币价还能继续拉

如果价格没有动，费率从0到顶格拉满，比如1.5%，2%，2.5%

那价格也到头了

这个适用于已经爆拉的币，去继续追高买的时候找买卖点，买卖点直接跟合约费率挂钩，不跟k线和币价挂钩

如果买入后，币价不动，费率持续上升，拉满后那么买点也是卖点，所以跟币价和k线毫无关系。只跟费率有关

就像，现在perp费率一直在涨，到0.33%了，币价没涨，那么如果这样维持着币价不动费率却拉满了那就也要跑

同时这个方法也只适用于做多和现货买入看多，不适合做空，费率拉满后是见顶信号，但不是真正的顶，只是相对于做多或者现货来说基本上吃到头了可以走了，但对于做空的来说，费率拉满后依然可以继续爆拉暴涨，我只做多和现货买多，从来不做空🤚

基本上就这些😂我总结的经验，给你们整理出来。我不会做空的，只会这个做多的。🤣🙏",2,images/1699745290893336656_0.jpg;images/1699745290893336656_1.jpg,https://x.com/xiaomustock/status/1699745290893336656
1699081084586094940,2023-09-05 15:24:32,现货期货微观与庄家行为学,归档,23,0,12,8663,"强行让小号回来了🤣继续我们的梦想，

$500 to make $5 million🤚🤚🤚
500u账户合约清出，现货继续持有 https://t.co/Pe7WTveAw2",2,images/1699081084586094940_0.jpg;images/1699081084586094940_1.jpg,https://x.com/xiaomustock/status/1699081084586094940
1699073140553633800,2023-09-05 14:52:58,现货期货微观与庄家行为学,归档,16,0,23,9733,亏得好快，幸好现货买的比列最大，80%多，杠杆一下开错了巨亏回撤，这下难受死，太挣扎了，啥时候才能到1000多u https://t.co/YqKVU3S9tS,1,images/1699073140553633800_0.jpg,https://x.com/xiaomustock/status/1699073140553633800
1698707799285379324,2023-09-04 14:41:14,现货期货微观与庄家行为学,归档,17,1,12,12933,就在刚刚，0.433卖了现货luna，账户585.2，手续费好肉疼呐 https://t.co/1Q9454V6Z5,2,images/1698707799285379324_0.jpg;images/1698707799285379324_1.jpg,https://x.com/xiaomustock/status/1698707799285379324
1698694588603732224,2023-09-04 13:48:44,现货期货微观与庄家行为学,归档,46,2,35,36069,500u账户合约多单已经平啦，现货继续持有中，账户资金来到了573美金 https://t.co/fscbIw1En9,2,images/1698694588603732224_0.jpg;images/1698694588603732224_1.jpg,https://x.com/xiaomustock/status/1698694588603732224
1698548862687047765,2023-09-04 04:09:41,现货期货微观与庄家行为学,归档,10,0,7,7330,所有帖子推文均为个人买卖操作记录，不构成任何投资意见🙏🙏不喜欢被别人贴一个喊单粉丝啥的。我所有买的币都不建议跟我买，说割肉我就割肉说砸盘我就砸盘，没有任何具体逻辑买卖点🌚 https://t.co/EOf8MJlg7V,1,images/1698548862687047765_0.jpg,https://x.com/xiaomustock/status/1698548862687047765
1691137952767000576,2023-08-14 17:21:22,现货期货微观与庄家行为学,归档,0,0,0,541,@Gawameebari 😂不影响拉盘,0,,https://x.com/xiaomustock/status/1691137952767000576
1691061936224645120,2023-08-14 12:19:18,现货期货微观与庄家行为学,归档,0,0,1,452,@zizhanghao888 我挂的118固定价卖的，砸盘不是这样砸，跟我没关系，我这点几万u的币哪能砸的动。,0,,https://x.com/xiaomustock/status/1691061936224645120
1690980262367399936,2023-08-14 06:54:46,现货期货微观与庄家行为学,归档,14,1,23,16477,我的blz持仓一直在，等庄家用空狗的阳寿继续拉盘😂0.095拿到0.114了 https://t.co/tMM3nDPAcr,1,images/1690980262367399936_0.jpg,https://x.com/xiaomustock/status/1690980262367399936
1690940488227139584,2023-08-14 04:16:43,现货期货微观与庄家行为学,⭐ 精选,17,2,16,12735,现货都买好了，坐等blz爆拉，打爆空头，0.095左右成本，这么大的交易量17亿美金，对应4万美金市值，怎么着拉个6千美金市值没问题吧，费率还是2.5顶格（不要当成投资建议哈，只是瞎鸡儿分析一下） https://t.co/LNx3ZL080i,1,images/1690940488227139584_0.jpg,https://x.com/xiaomustock/status/1690940488227139584
1688776672995098624,2023-08-08 04:58:29,现货期货微观与庄家行为学,⭐ 精选,386,69,111,126810,"我第一次接触合约是2018年初，朋友说下跌可以用合约套保，他天天晒收益心动死，行情不好多空都赚钱多爽，而且从他收益情况看起来也不难。于是就跟着他开多开空eth和btc。单边行情起飞，后面ok隔三差五的插针，他那会的钱在深圳也能买房了，亏干净了，他女朋友和他都退圈了，我也亏完了。很多人去ok大楼维权，有一个富婆群友亏了1个多的小目标被ok定点爆破，保证金都不让她加，另外一个朋友过生日开了俩千多万的eth，灯关了吹蜡烛，尼玛吹完瞬间插针爆仓的。还有一个福建的朋友，18年确实有几千万，很多人跟他开单合约（我以为自己很牛逼也这样干过，欠了很多钱，21年才还清），19年爆仓完了，到处借钱，我就知道他完了，现在也没起来。这样的例子数都数不清，眼睁睁见着很多人从巨富玩合约亏完离场。
18/19年那会的交易所没有现在这么规范，直接拔网线的（币安，ok，火币都经常干），插针的（币安，ok，火币也都经常干，但ok最多一些）。那会ok插针多很大原因是那会ok的杠杆倍数是最高的，直接百倍杠杆😂爆仓当然很平常了，维权的也多。那俩年跳楼的，跳河的，玩合约挪用公款进去的，喝敌敌畏的，以前有名的反指蔡署应该亏到最后进去了。
20年的312也一样无数人归零，有个朋友去厕所撒了一泡尿，回来一看自己的一倍杠杆都爆仓了。
    想玩合约就得有损失所有本金的觉悟，你能不能承受得起，你有没有负债，有没有老婆孩子每个月的固定支出，如果有，真亏完的时候会让你丧失人性，对家人对朋友欺骗，即使保持理智，你也会巨痛苦，整日在死亡边缘徘徊，低三下四找身边所有人借钱继续玩合约，你的人格如果不允许你做出不道德的事情，自己没能力还清所有债务，那你会觉得你的人生失去意义，你甚至会有轻生的念头，这可能是你离死亡最近的时候。
（我那会的做法是停了所有债务的还款，拿我姐的3000块钱，正好yfi，yfii，从墨客手里买了珍珠peal，买了tai，俩个都涨了几十倍把债务还清了。但后面又没忍住玩合约，觉得fil大空气币30美金价格做空赚来的200万还是亏掉了，最难受的就是这一次，从这之后就不玩了，顶多超级确定机会小资金一俩倍杠杆，后面又借的朋友的2000u翻上岸）
亏完+负债的那些个日子真是我一生的噩梦，再不想经历，太痛苦，太绝望，甚至真会有轻生想法，所以我也不希望你们经历一遍，别再搞合约了，不要觉得自己玩合约牛逼，你不知道背后的对手是什么样，他们没有任何道德。",1,images/1688776672995098624_0.jpg,https://x.com/xiaomustock/status/1688776672995098624
1688552500302151680,2023-08-07 14:07:42,现货期货微观与庄家行为学,⭐ 精选,135,20,62,86412,作为一个炒了六七年的老韭菜，再次给你们说一次，别玩合约，别玩合约，别玩合约，玩合约你的对手就是纯数据盘，我在合约上亏掉的钱应该有小五千万，21年戒掉合约才重新起飞的，stmx才过了多少天，爆仓的鬼哭狼嚎的，今天ygg又来一次就忘记了？这个肯定不是最后一个，还有无数个，这里只会比电影《孤注一掷》的币圈诈骗还要狠还要残酷,1,images/1688552500302151680_0.jpg,https://x.com/xiaomustock/status/1688552500302151680
1688106275446599680,2023-08-06 08:34:34,现货期货微观与庄家行为学,⭐ 精选,87,26,58,87469,话不多说，三倍的就是gtc，可能长得速度不是很快也可能不是今天拉盘，但一个月内绝对有三倍，有现货有合约，等我们见证gtc负费率的时候我再得瑟😂这个他娘的要是不拉几倍我推特都不玩了😂 https://t.co/7y4rA803E1,1,images/1688106275446599680_0.jpg,https://x.com/xiaomustock/status/1688106275446599680
1683321177333456897,2023-07-24 03:40:17,现货期货微观与庄家行为学,归档,58,32,34,30789,转发到30发下一个拉盘的，跟stmx，ogn一样逻辑，俩三倍没毛病老铁，一起发财，有合约有现货也是小市值的,0,,https://x.com/xiaomustock/status/1683321177333456897
1668096361596850178,2023-06-12 03:22:18,现货期货微观与庄家行为学,归档,0,0,0,138,@Amn69582204Amn 没毛病，所以7000买是对的，只要没加杠杆,0,,https://x.com/xiaomustock/status/1668096361596850178
1667413574665510913,2023-06-10 06:09:09,现货期货微观与庄家行为学,归档,1,0,0,3937,@WesterSaul 这个可以自己把币安的合约和抹茶的自己拉着对比一下，看一眼就知道的事情,0,,https://x.com/xiaomustock/status/1667413574665510913
1667404299943682050,2023-06-10 05:32:18,现货期货微观与庄家行为学,归档,30,5,31,44472,抹茶有资金的也快提走，抹茶百分比百拿用户资金在合约里和用户对赌，因为深度居然是币安的好几倍……一旦出现极端行情，交易所和用户对赌，赌错方向那就直接跑路了相当于，极端行情应该快来了，做市商都跑了 #抹茶拿用户钱对赌有钱快跑,0,,https://x.com/xiaomustock/status/1667404299943682050
1664632686508494849,2023-06-02 13:58:54,现货期货微观与庄家行为学,归档,10,3,3,3801,"虽然不玩合约，
1.但是对小庄家来说合约可以帮助小庄家降低拉盘成本，更容易暴涨暴跌，有波动才有钱赚，
2.对韭菜来说带了合约以后，代币市值不会完全归零，亏完了至少渣渣能帮你买个电瓶车不至于完全没饭吃

所以在熊市我更愿意玩和买带合约的小市值山寨，更容易被小庄家盯上进去操盘【我一般就看ok，抹茶和币安，三家有俩家都有那就尝试买点进去亏钱，主打一个亏钱玩家😂】",0,,https://x.com/xiaomustock/status/1664632686508494849
1657805816278269952,2023-05-14 17:51:21,现货期货微观与庄家行为学,归档,10,0,3,2487,gate说周四开ordi提现，ok估计会赶在gate开提币前上线ordi，周二上，周三拉盘一天直接新高，周四gate开提现砸盘 https://t.co/YJkYlRX4kz,1,images/1657805816278269952_0.jpg,https://x.com/xiaomustock/status/1657805816278269952
1656624131557793793,2023-05-11 11:35:46,现货期货微观与庄家行为学,归档,0,0,1,481,@k593474774 需要他做市，意思昨天到今天的上涨是在做市？不做市照样涨，那做市百分之一万就是砸盘，不能狗庄说什么就信什么，你看跌了没有 https://t.co/4rGFNCi8Zq,1,images/1656624131557793793_0.jpg,https://x.com/xiaomustock/status/1656624131557793793
1655538840667299840,2023-05-08 11:43:12,现货期货微观与庄家行为学,归档,1,0,1,391,@mingyue00001 每次一直玩合约就亏完了，赚暂时的，还得是靠炒土狗翻身😂,0,,https://x.com/xiaomustock/status/1655538840667299840
1655534394633846793,2023-05-08 11:25:32,现货期货微观与庄家行为学,归档,8,0,5,3645,一直玩合约的人恕我直言都是傻逼，炒币随随便便都是几十上百倍，譬如今天的brc20市场，譬如半个月前的meme行情，所以像凉兮这种真是大傻逼，小侠算是小傻逼，但是人家弄返佣死不了了，不过要是没返佣小虾搞合约也能死八百回 https://t.co/6KjImy2r2Y,1,images/1655534394633846793_0.jpg,https://x.com/xiaomustock/status/1655534394633846793
1655217459454963713,2023-05-07 14:26:09,现货期货微观与庄家行为学,归档,7,0,6,2749,我建议玩brc20的老铁统统把这个叼毛拉黑，披着xen的项目方外衣，喊了尼玛五六个brc20的币，全鸡儿砸归零，这个叼毛mint哪一个喊哪一个，然后起来了直接砸盘换下一个喊 ，你们再关注下去肯定钱包归零@mrJackLevin https://t.co/BZQv4NUctw,1,images/1655217459454963713_0.jpg,https://x.com/xiaomustock/status/1655217459454963713
1651458854415384576,2023-04-27 05:30:48,现货期货微观与庄家行为学,⭐ 精选,8,3,11,5628,ak大哥在链上gmx亏完了，最高2千多万，手续费交了1200万，昨天空单爆拉止损转多单剩50万夜里一个门头沟消息就没了，之前胜率非常高😂 https://t.co/yY263WAP0h https://t.co/m1l6XLRO9c,1,images/1651458854415384576_0.jpg,https://x.com/xiaomustock/status/1651458854415384576
1614103043787886595,2023-01-14 03:32:08,现货期货微观与庄家行为学,归档,6,0,0,1976,是不是这一波拉盘又有很多人亏完了，一直玩合约的没有太好的结局。现货可能少赚，但合约搞不好就是归零，珍爱生命，远离合约。好好炒现货，弄得好一波也是无数倍,0,,https://x.com/xiaomustock/status/1614103043787886595
1613910307214340096,2023-01-13 14:46:16,现货期货微观与庄家行为学,归档,13,2,5,6904,币安将于2023年01月17日10:30（东八区时间）上线FET 1-20倍U本位永续合约。今天才13号，还有4天，最近这么好的行情fet至少再拉着翻一倍吧 https://t.co/weFhD10UO3,2,images/1613910307214340096_0.jpg;images/1613910307214340096_1.jpg,https://x.com/xiaomustock/status/1613910307214340096
1602876957657427968,2022-12-14 04:03:41,现货期货微观与庄家行为学,归档,42,5,16,0,sbf最强量化交易员，永远不爆仓是这么来的，直接在交易所里给自己的账户改代码，即使巨额亏损到了爆仓线也不会爆仓，赚钱的时候再提走，永赚😂这害人不浅的叼毛 https://t.co/BFuhpxn5es,1,images/1602876957657427968_0.jpg,https://x.com/xiaomustock/status/1602876957657427968
1590917399137914881,2022-11-11 04:00:40,现货期货微观与庄家行为学,归档,17,1,2,0,不要去羡慕凉兮，也别学凉兮，交易所为啥支持他给他钱，就是因为他流量大能带一大堆赌狗过去跟他开合约，交易所赚更多，只要你一直玩合约，你的钱迟早是交易所的，以前听币安的老板说合约用户的存活周期一般是30天，30天后这个账户就没有任何动静和余额了 https://t.co/lReFYnfxgt,1,images/1590917399137914881_0.jpg,https://x.com/xiaomustock/status/1590917399137914881
